17.241379,12.30
17.227122,12.66
17.212889,13.02
17.198679,13.32
17.184493,13.52
17.170035,13.59
17.155896,13.51
17.141780,13.31
17.127687,13.03
17.113324,12.71
17.099278,12.42
17.085255,12.22
17.071255,12.13
17.057278,12.16
17.043034,12.29
17.029103,12.49
17.015195,12.73
17.001309,12.96
16.987446,13.17
16.973318,13.34
16.959501,13.50
16.945706,13.62
16.931934,13.71
16.918184,13.75
16.904170,13.74
16.890465,13.65
16.876783,13.49
16.863122,13.28
16.849200,13.05
16.835584,12.82
16.821990,12.64
16.808418,12.51
16.794867,12.45
16.781058,12.43
16.767551,12.46
16.754067,12.49
16.740604,12.54
16.727163,12.59
16.713464,12.65
16.700067,12.75
16.686691,12.87
16.673336,13.01
16.659725,13.14
16.646414,13.23
16.633123,13.24
16.619854,13.17
16.606606,13.03
16.593104,12.83
16.579899,12.64
16.566714,12.50
16.553551,12.43
16.540408,12.45
16.527013,12.55
16.513913,12.69
16.500833,12.84
16.487774,12.99
16.474736,13.10
16.461447,13.20
16.448451,13.28
16.435474,13.35
16.422519,13.40
16.409314,13.40
16.396399,13.35
16.383505,13.22
16.370631,13.02
16.357777,12.76
16.344677,12.50
16.331863,12.27
16.319070,12.13
16.306297,12.11
16.293544,12.20
16.280546,12.38
16.267834,12.62
16.255141,12.89
16.242468,13.12
16.229551,13.31
16.216917,13.41
16.204304,13.42
16.191710,13.35
16.179135,13.22
16.166319,13.04
16.153784,12.85
16.141268,12.69
16.128772,12.56
16.116295,12.48
16.103578,12.45
16.091140,12.43
16.078721,12.41
16.066322,12.38
16.053684,12.32
16.041322,12.27
16.028980,12.23
16.016657,12.24
16.004353,12.32
15.991812,12.44
15.979546,12.60
15.967299,12.76
15.955071,12.89
15.942861,12.97
15.930416,13.01
15.918244,13.03
15.906090,13.04
15.893956,13.06
15.881839,13.07
15.869489,13.08
15.857410,13.07
15.845349,13.03
15.833307,12.97
15.821032,12.91
15.809027,12.86
15.797040,12.86
15.785070,12.91
15.773119,13.00
15.760938,13.12
15.749024,13.24
15.737127,13.32
15.725248,13.37
15.713388,13.37
15.701298,13.33
15.689474,13.28
15.677667,13.23
15.665878,13.20
15.653862,13.19
15.642109,13.20
15.630373,13.22
15.618655,13.25
15.606954,13.27
15.595028,13.28
15.583363,13.28
15.571716,13.26
15.560085,13.24
15.548472,13.24
15.536635,13.28
15.525057,13.37
15.513497,13.49
15.501953,13.64
15.490427,13.76
15.478678,13.84
15.467186,13.84
15.455712,13.76
15.444254,13.61
15.432575,13.42
15.421152,13.25
15.409745,13.12
15.398355,13.07
15.386983,13.10
15.375390,13.19
15.364051,13.32
15.352729,13.47
15.341423,13.62
15.330134,13.75
15.318627,13.88
15.307372,13.99
15.296133,14.09
15.284911,14.18
15.273472,14.25
15.262282,14.32
15.251110,14.38
15.239953,14.44
15.228813,14.50
15.217457,14.56
15.206350,14.62
15.195259,14.66
15.184184,14.68
15.173125,14.67
15.161853,14.63
15.150826,14.56
15.139816,14.48
15.128822,14.38
15.117615,14.28
15.106653,14.17
15.095707,14.07
15.084776,13.96
15.073862,13.86
15.062736,13.77
15.051854,13.71
15.040987,13.66
15.030135,13.65
15.019300,13.66
15.008255,13.71
14.997450,13.80
14.986662,13.93
14.975889,14.07
14.965131,14.19
14.954165,14.24
14.943439,14.22
14.932728,14.15
14.922032,14.07
14.911130,13.99
14.900465,13.94
14.889815,13.91
14.879181,13.91
14.868562,13.93
14.857737,13.98
14.847149,14.02
14.836575,14.06
14.826017,14.09
14.815473,14.09
14.804726,14.08
14.794213,14.06
14.783714,14.04
14.773231,14.04
14.762544,14.06
14.752091,14.09
14.741653,14.14
14.731229,14.19
14.720820,14.23
14.710209,14.27
14.699829,14.29
14.689465,14.30
14.679115,14.30
14.668779,14.30
14.658243,14.27
14.647937,14.23
14.637645,14.17
14.627368,14.10
14.617105,14.03
14.606643,13.97
14.596409,13.93
14.586190,13.91
14.575985,13.92
14.565582,13.93
14.555405,13.94
14.545243,13.93
14.535095,13.89
14.524961,13.80
14.514631,13.69
14.504525,13.56
14.494434,13.44
14.484357,13.35
14.474294,13.30
14.464035,13.30
14.454000,13.34
14.443979,13.40
14.433972,13.47
14.423770,13.53
14.413791,13.56
14.403826,13.57
14.393874,13.55
14.383936,13.52
14.373805,13.48
14.363895,13.44
14.353998,13.40
14.344115,13.38
14.334246,13.37
14.324185,13.35
14.314343,13.33
14.304515,13.30
14.294700,13.28
14.284898,13.26
14.274906,13.25
14.265132,13.25
14.255371,13.26
14.245623,13.29
14.235686,13.31
14.225965,13.32
14.216258,13.33
14.206563,13.33
14.196882,13.32
14.187013,13.32
14.177359,13.31
14.167717,13.32
14.158089,13.33
14.148474,13.35
14.138672,13.37
14.129083,13.40
14.119508,13.42
14.109945,13.45
14.100196,13.47
14.090659,13.49
14.081136,13.49
14.071625,13.49
14.062126,13.47
14.052444,13.45
14.042971,13.43
14.033512,13.41
14.024065,13.39
14.014631,13.38
14.005014,13.36
13.995605,13.34
13.986210,13.31
13.976826,13.28
13.967261,13.26
13.957903,13.24
13.948558,13.25
13.939225,13.28
13.929905,13.34
13.920403,13.42
13.911108,13.51
13.901825,13.60
13.892555,13.67
13.883297,13.72
13.873859,13.74
13.864626,13.72
13.855405,13.69
13.846196,13.63
13.837000,13.55
13.827625,13.48
13.818453,13.40
13.809294,13.34
13.800146,13.31
13.790821,13.30
13.781698,13.31
13.772587,13.34
13.763488,13.38
13.754401,13.42
13.745138,13.46
13.736075,13.48
13.727024,13.50
13.717986,13.51
13.708959,13.51
13.699756,13.49
13.690753,13.48
13.681762,13.45
13.672783,13.43
13.663629,13.41
13.654673,13.41
13.645730,13.41
13.636798,13.43
13.627877,13.44
13.618783,13.44
13.609886,13.42
13.601001,13.39
13.592127,13.34
13.583265,13.28
13.574231,13.23
13.565392,13.20
13.556565,13.18
13.547749,13.19
13.538945,13.21
13.529969,13.23
13.521188,13.26
13.512418,13.29
13.503659,13.31
13.494730,13.32
13.485995,13.31
13.477271,13.29
13.468558,13.26
13.459856,13.21
13.450985,13.17
13.442306,13.15
13.433638,13.15
13.424981,13.18
13.416336,13.23
13.407522,13.30
13.398899,13.37
13.390287,13.42
13.381686,13.45
13.372917,13.46
13.364339,13.45
13.355771,13.44
13.347214,13.42
13.338669,13.42
13.329956,13.42
13.321433,13.43
13.312920,13.44
13.304418,13.45
13.295927,13.44
13.287271,13.43
13.278802,13.40
13.270343,13.36
13.261896,13.31
13.253284,13.26
13.244858,13.21
13.236443,13.17
13.228038,13.15
13.219644,13.14
13.211087,13.15
13.202714,13.17
13.194353,13.19
13.186002,13.20
13.177661,13.20
13.169158,13.19
13.160839,13.18
13.152530,13.16
13.144232,13.15
13.135944,13.16
13.127494,13.18
13.119228,13.22
13.110971,13.26
13.102725,13.31
13.094318,13.35
13.086093,13.39
13.077879,13.43
13.069674,13.45
13.061480,13.47
13.053126,13.47
13.044953,13.46
13.036790,13.45
13.028637,13.43
13.020494,13.41
13.012192,13.39
13.004070,13.37
12.995958,13.34
12.987856,13.32
12.979596,13.29
12.971515,13.27
12.963443,13.25
12.955382,13.26
12.947330,13.28
12.939121,13.33
12.931090,13.39
12.923069,13.46
12.915058,13.53
12.907056,13.59
12.898898,13.64
12.890917,13.67
12.882946,13.68
12.874984,13.67
12.867032,13.63
12.858925,13.58
12.850993,13.50
12.843071,13.41
12.835158,13.31
12.827091,13.23
12.819198,13.16
12.811315,13.13
12.803442,13.14
12.795578,13.18
12.787560,13.25
12.779716,13.34
12.771881,13.42
12.764056,13.48
12.756241,13.51
12.748273,13.51
12.740476,13.47
12.732690,13.40
12.724913,13.32
12.716984,13.26
12.709226,13.21
12.701477,13.18
12.693738,13.18
12.686009,13.19
12.678128,13.21
12.670417,13.22
12.662716,13.22
12.655024,13.22
12.647342,13.20
12.639509,13.20
12.631845,13.20
12.624190,13.20
12.616545,13.21
12.608750,13.22
12.601124,13.22
12.593507,13.20
12.585899,13.19
12.578300,13.18
12.570552,13.18
12.562972,13.20
12.555401,13.23
12.547839,13.27
12.540286,13.31
12.532585,13.33
12.525050,13.33
12.517525,13.30
12.510008,13.25
12.502501,13.19
12.494846,13.13
12.487357,13.09
12.479876,13.05
12.472405,13.04
12.464787,13.04
12.457334,13.06
12.449889,13.09
12.442454,13.12
12.435027,13.14
12.427455,13.15
12.420046,13.16
12.412646,13.14
12.405255,13.13
12.397873,13.10
12.390345,13.08
12.382981,13.06
12.375625,13.04
12.368278,13.02
12.360787,13.00
12.353457,12.99
12.346136,12.98
12.338824,12.98
12.331521,12.99
12.324074,13.02
12.316788,13.07
12.309510,13.12
12.302241,13.19
12.294981,13.25
12.287578,13.30
12.280335,13.33
12.273101,13.34
12.265875,13.34
12.258658,13.31
12.251299,13.29
12.244098,13.27
12.236907,13.26
12.229723,13.27
12.222399,13.28
12.215232,13.30
12.208074,13.32
12.200925,13.33
12.193784,13.32
12.186502,13.31
12.179378,13.29
12.172262,13.26
12.165154,13.25
12.158055,13.24
12.150816,13.23
12.143733,13.23
12.136659,13.22
12.129593,13.21
12.122388,13.20
12.115338,13.19
12.108297,13.19
12.101263,13.21
12.094238,13.23
12.087075,13.26
12.080067,13.29
12.073066,13.32
12.066074,13.35
12.059090,13.39
12.051968,13.42
12.045000,13.45
12.038040,13.48
12.031088,13.49
12.024144,13.49
12.017064,13.47
12.010137,13.43
12.003217,13.39
11.996305,13.34
11.989258,13.31
11.982362,13.28
11.975474,13.26
11.968594,13.25
11.961722,13.23
11.954716,13.21
11.947860,13.18
11.941011,13.15
11.934171,13.12
11.927339,13.11
11.920372,13.11
11.913555,13.13
11.906746,13.16
11.899945,13.20
11.893010,13.25
11.886225,13.30
11.879447,13.35
11.872677,13.38
11.865915,13.40
11.859020,13.40
11.852273,13.38
11.845534,13.35
11.838803,13.33
11.832079,13.31
11.825223,13.31
11.818515,13.33
11.811814,13.36
11.805121,13.40
11.798296,13.45
11.791619,13.50
11.784948,13.53
11.778286,13.56
11.771630,13.58
11.764844,13.59
11.758204,13.59
11.751572,13.58
11.744947,13.55
11.738329,13.53
11.731581,13.50
11.724979,13.49
11.718384,13.50
11.711796,13.53
11.705216,13.58
11.698506,13.64
11.691941,13.70
11.685383,13.75
11.678832,13.78
11.672153,13.79
11.665617,13.79
11.659088,13.78
11.652567,13.78
11.646053,13.77
11.639411,13.76
11.632912,13.74
11.626420,13.72
11.619935,13.70
11.613458,13.67
11.606853,13.63
11.600390,13.59
11.593934,13.56
11.587486,13.53
11.580910,13.50
11.574476,13.48
11.568049,13.46
11.561629,13.46
11.555217,13.47
11.548678,13.48
11.542279,13.50
11.535888,13.52
11.529504,13.53
11.523127,13.54
11.516624,13.55
11.510261,13.56
11.503906,13.58
11.497557,13.60
11.491215,13.62
11.484748,13.64
11.478421,13.65
11.472100,13.64
11.465786,13.61
11.459348,13.58
11.453048,13.55
11.446755,13.52
11.440470,13.50
11.434191,13.49
11.427788,13.50
11.421523,13.51
11.415264,13.53
11.409013,13.57
11.402769,13.60
11.396401,13.64
11.390170,13.68
11.383946,13.72
11.377729,13.74
11.371390,13.75
11.365186,13.75
11.358990,13.74
11.352800,13.72
11.346616,13.71
11.340311,13.69
11.334142,13.67
11.327979,13.65
11.321823,13.62
11.315673,13.59
11.309403,13.55
11.303267,13.52
11.297137,13.49
11.291015,13.48
11.284771,13.47
11.278662,13.48
11.272559,13.49
11.266463,13.51
11.260374,13.53
11.254164,13.55
11.248088,13.57
11.242018,13.60
11.235955,13.64
11.229898,13.68
11.223722,13.72
11.217679,13.77
11.211642,13.81
11.205612,13.85
11.199588,13.87
11.193445,13.88
11.187434,13.88
11.181430,13.88
11.175432,13.87
11.169316,13.86
11.163331,13.85
11.157352,13.86
11.151380,13.87
11.145414,13.88
11.139331,13.89
11.133378,13.90
11.127431,13.90
11.121491,13.88
11.115557,13.86
11.109506,13.84
11.103585,13.81
11.097671,13.78
11.091762,13.76
11.085737,13.75
11.079841,13.75
11.073952,13.75
11.068069,13.74
11.062192,13.74
11.056199,13.72
11.050334,13.69
11.044476,13.64
11.038624,13.59
11.032778,13.54
11.026817,13.50
11.020984,13.47
11.015157,13.46
11.009336,13.46
11.003521,13.47
10.997592,13.50
10.991789,13.52
10.985993,13.55
10.980203,13.58
10.974298,13.60
10.968520,13.63
10.962749,13.66
10.956983,13.70
10.951223,13.72
10.945350,13.74
10.939602,13.75
10.933861,13.73
10.928126,13.71
10.922396,13.67
10.916554,13.64
10.910837,13.61
10.905125,13.60
10.899420,13.60
10.893602,13.61
10.887909,13.64
10.882222,13.66
10.876540,13.69
10.870865,13.73
10.865077,13.77
10.859414,13.81
10.853756,13.86
10.848105,13.90
10.842459,13.94
10.836702,13.95
10.831068,13.95
10.825440,13.92
10.819818,13.87
10.814084,13.82
10.808474,13.76
10.802869,13.72
10.797270,13.70
10.791677,13.69
10.785974,13.71
10.780393,13.74
10.774817,13.78
10.769247,13.82
10.763683,13.85
10.758009,13.86
10.752457,13.87
10.746910,13.85
10.741369,13.83
10.735834,13.79
10.730189,13.75
10.724666,13.70
10.719148,13.66
10.713635,13.62
10.708014,13.59
10.702513,13.57
10.697018,13.57
10.691528,13.57
10.686044,13.59
10.680452,13.61
10.674979,13.63
10.669512,13.66
10.664050,13.68
10.658595,13.70
10.653031,13.71
10.647586,13.71
10.642147,13.71
10.636714,13.71
10.631173,13.71
10.625750,13.72
10.620334,13.74
10.614922,13.77
10.609517,13.80
10.604004,13.83
10.598609,13.85
10.593220,13.86
10.587837,13.86
10.582459,13.84
10.576974,13.82
10.571607,13.80
10.566245,13.77
10.560889,13.75
10.555538,13.74
10.550081,13.72
10.544741,13.72
10.539407,13.71
10.534078,13.72
10.528643,13.73
10.523325,13.74
10.518012,13.76
10.512705,13.77
10.507402,13.78
10.501995,13.79
10.496704,13.77
10.491418,13.75
10.486137,13.72
10.480862,13.69
10.475482,13.66
10.470217,13.65
10.464958,13.64
10.459704,13.65
10.454346,13.66
10.449102,13.69
10.443864,13.71
10.438631,13.73
10.433404,13.75
10.428072,13.76
10.422855,13.77
10.417643,13.77
10.412437,13.76
10.407235,13.74
10.401931,13.72
10.396740,13.69
10.391554,13.66
10.386373,13.63
10.381198,13.60
10.375920,13.58
10.370754,13.56
10.365595,13.55
10.360440,13.55
10.355183,13.56
10.350038,13.57
10.344899,13.58
10.339765,13.59
10.334635,13.60
10.329405,13.62
10.324286,13.63
10.319172,13.65
10.314063,13.66
10.308960,13.68
10.303755,13.69
10.298661,13.70
10.293573,13.71
10.288489,13.71
10.283305,13.70
10.278232,13.69
10.273163,13.67
10.268100,13.65
10.263042,13.63
10.257883,13.61
10.252835,13.60
10.247792,13.60
10.242753,13.60
10.237720,13.62
10.232587,13.64
10.227563,13.67
10.222545,13.68
10.217531,13.68
10.212418,13.66
10.207415,13.63
10.202416,13.60
10.197422,13.57
10.192433,13.54
10.187345,13.53
10.182366,13.52
10.177392,13.53
10.172423,13.54
10.167458,13.56
10.162395,13.59
10.157440,13.61
10.152490,13.63
10.147545,13.65
10.142605,13.65
10.137567,13.65
10.132636,13.64
10.127710,13.62
10.122789,13.60
10.117771,13.57
10.112860,13.55
10.107953,13.54
10.103051,13.52
10.098154,13.50
10.093160,13.48
10.088272,13.46
10.083390,13.44
10.078512,13.42
10.073638,13.40
10.068668,13.40
10.063805,13.40
10.058945,13.41
10.054091,13.42
10.049140,13.43
10.044295,13.44
10.039455,13.44
10.034619,13.43
10.029788,13.42
10.024862,13.41
10.020040,13.40
10.015223,13.38
10.010411,13.37
10.005603,13.37
10.000700,13.37
9.995902,13.38
9.991108,13.39
9.986319,13.40
9.981435,13.41
9.976655,13.41
9.971879,13.41
9.967109,13.39
9.962342,13.37
9.957482,13.35
9.952725,13.33
9.947972,13.33
9.943224,13.33
9.938481,13.34
9.933643,13.36
9.928909,13.38
9.924179,13.41
9.919454,13.43
9.914635,13.44
9.909919,13.45
9.905207,13.45
9.900500,13.44
9.895797,13.43
9.891001,13.42
9.886307,13.41
9.881618,13.40
9.876933,13.40
9.872253,13.40
9.867480,13.40
9.862808,13.40
9.858141,13.39
9.853479,13.38
9.848821,13.36
9.844070,13.34
9.839421,13.32
9.834776,13.32
9.830135,13.32
9.825403,13.33
9.820771,13.33
9.816144,13.34
9.811521,13.33
9.806902,13.32
9.802192,13.31
9.797582,13.29
9.792976,13.28
9.788375,13.27
9.783778,13.28
9.779090,13.29
9.774502,13.31
9.769918,13.34
9.765339,13.36
9.760668,13.38
9.756098,13.39
9.751531,13.39
9.746969,13.37
9.742411,13.35
9.737762,13.31
9.733213,13.28
9.728667,13.26
9.724127,13.25
9.719590,13.25
9.714963,13.27
9.710435,13.30
9.705911,13.32
9.701391,13.35
9.696782,13.36
9.692270,13.36
9.687763,13.35
9.683261,13.34
9.678762,13.33
9.674174,13.33
9.669684,13.33
9.665198,13.33
9.660716,13.34
9.656238,13.33
9.651671,13.32
9.647202,13.30
9.642737,13.27
9.638276,13.25
9.633819,13.24
9.629273,13.23
9.624824,13.23
9.620380,13.23
9.615939,13.23
9.611411,13.22
9.606979,13.21
9.602550,13.19
9.598126,13.19
9.593707,13.19
9.589199,13.20
9.584787,13.21
9.580379,13.23
9.575976,13.24
9.571576,13.25
9.567089,13.25
9.562698,13.26
9.558310,13.26
9.553927,13.27
9.549457,13.29
9.545081,13.32
9.540710,13.35
9.536343,13.37
9.531980,13.40
9.527530,13.42
9.523175,13.43
9.518823,13.43
9.514476,13.42
9.510133,13.40
9.505703,13.37
9.501368,13.33
9.497037,13.29
9.492710,13.26
9.488386,13.23
9.483977,13.23
9.479661,13.25
9.475350,13.28
9.471042,13.31
9.466649,13.34
9.462349,13.35
9.458054,13.35
9.453762,13.33
9.449474,13.30
9.445100,13.26
9.440820,13.22
9.436544,13.18
9.432272,13.15
9.428003,13.13
9.423650,13.11
9.419389,13.11
9.415132,13.12
9.410879,13.14
9.406541,13.16
9.402296,13.18
9.398055,13.20
9.393817,13.21
9.389583,13.21
9.385265,13.20
9.381039,13.20
9.376817,13.19
9.372598,13.20
9.368384,13.20
9.364085,13.21
9.359878,13.22
9.355675,13.22
9.351475,13.22
9.347279,13.20
9.343000,13.18
9.338812,13.16
9.334628,13.14
9.330447,13.14
9.326183,13.15
9.322010,13.17
9.317841,13.21
9.313675,13.25
9.309513,13.30
9.305269,13.34
9.301114,13.38
9.296964,13.40
9.292817,13.41
9.288673,13.40
9.284448,13.39
9.280312,13.38
9.276180,13.37
9.272051,13.36
9.267841,13.35
9.263720,13.34
9.259602,13.33
9.255489,13.32
9.251378,13.30
9.247187,13.27
9.243084,13.25
9.238985,13.22
9.234889,13.20
9.230798,13.19
9.226624,13.19
9.222540,13.20
9.218459,13.22
9.214382,13.24
9.210223,13.27
9.206153,13.30
9.202087,13.31
9.198024,13.32
9.193965,13.31
9.189825,13.29
9.185773,13.26
9.181725,13.23
9.177680,13.21
9.173639,13.20
9.169517,13.21
9.165483,13.24
9.161452,13.29
9.157425,13.34
9.153402,13.39
9.149298,13.43
9.145282,13.44
9.141269,13.44
9.137260,13.41
9.133171,13.37
9.129169,13.33
9.125170,13.29
9.121175,13.26
9.117183,13.25
9.113112,13.25
9.109127,13.26
9.105146,13.29
9.101169,13.32
9.097194,13.36
9.093141,13.39
9.089174,13.42
9.085210,13.44
9.081250,13.46
9.077211,13.48
9.073257,13.49
9.069308,13.51
9.065361,13.52
9.061418,13.54
9.057397,13.56
9.053461,13.56
9.049528,13.56
9.045599,13.55
9.041673,13.53
9.037669,13.50
9.033750,13.47
9.029835,13.46
9.025922,13.46
9.022014,13.47
9.018027,13.49
9.014125,13.52
9.010227,13.54
9.006331,13.55
9.002359,13.55
8.998470,13.53
8.994585,13.50
8.990704,13.47
8.986825,13.44
8.982870,13.41
8.978998,13.40
8.975130,13.40
8.971265,13.42
8.967403,13.44
8.963465,13.46
8.959610,13.49
8.955759,13.51
8.951910,13.53
8.947985,13.55
8.944144,13.56
8.940306,13.57
8.936471,13.57
8.932639,13.57
8.928731,13.58
8.924906,13.58
8.921084,13.59
8.917266,13.60
8.913450,13.60
8.909559,13.61
8.905750,13.62
8.901945,13.62
8.898143,13.63
8.894265,13.64
8.890469,13.65
8.886677,13.66
8.882888,13.67
8.879102,13.67
8.875241,13.68
8.871461,13.69
8.867685,13.70
8.863912,13.72
8.860143,13.73
8.856298,13.75
8.852534,13.77
8.848774,13.79
8.845018,13.81
8.841264,13.82
8.837435,13.83
8.833688,13.84
8.829944,13.86
8.826203,13.87
8.822388,13.89
8.818653,13.90
8.814922,13.90
8.811194,13.89
8.807469,13.88
8.803669,13.85
8.799951,13.83
8.796235,13.81
8.792523,13.79
8.788814,13.77
8.785030,13.75
8.781327,13.74
8.777628,13.72
8.773931,13.69
8.770160,13.67
8.766470,13.65
8.762783,13.63
8.759099,13.62
8.755417,13.61
8.751663,13.62
8.747988,13.63
8.744316,13.64
8.740648,13.65
8.736982,13.66
8.733243,13.67
8.729584,13.68
8.725927,13.68
8.722274,13.69
8.718624,13.69
8.714901,13.69
8.711257,13.69
8.707616,13.69
8.703978,13.68
8.700267,13.68
8.696635,13.68
8.693006,13.69
8.689381,13.70
8.685758,13.72
8.682063,13.75
8.678446,13.79
8.674833,13.83
8.671222,13.86
8.667614,13.89
8.663935,13.90
8.660333,13.91
8.656735,13.91
8.653139,13.90
8.649472,13.89
8.645882,13.88
8.642295,13.86
8.638712,13.84
8.635131,13.82
8.631479,13.79
8.627904,13.75
8.624333,13.71
8.620764,13.67
8.617198,13.65
8.613561,13.63
8.610001,13.64
8.606445,13.66
8.602891,13.71
8.599266,13.76
8.595718,13.82
8.592173,13.88
8.588630,13.95
8.585091,14.00
8.581481,14.04
8.577948,14.07
8.574417,14.08
8.570890,14.08
8.567365,14.07
8.563770,14.05
8.560251,14.03
8.556735,14.01
8.553222,13.99
8.549712,13.98
8.546132,13.97
8.542628,13.98
8.539126,13.98
8.535628,13.98
8.532059,13.99
8.528566,13.98
8.525077,13.98
8.521589,13.97
8.518105,13.96
8.514551,13.95
8.511073,13.94
8.507597,13.94
8.504125,13.95
8.500655,13.96
8.497115,13.98
8.493651,14.00
8.490190,14.02
8.486731,14.04
8.483203,14.05
8.479750,14.06
8.476300,14.06
8.472853,14.05
8.469408,14.05
8.465895,14.04
8.462456,14.03
8.459020,14.03
8.455587,14.02
8.452157,14.01
8.448658,14.01
8.445233,14.00
8.441811,14.00
8.438391,13.99
8.434975,13.99
8.431490,13.98
8.428079,13.97
8.424671,13.97
8.421265,13.97
8.417792,13.96
8.414392,13.97
8.410995,13.97
8.407600,13.97
8.404209,13.98
8.400749,13.99
8.397363,14.00
8.393980,14.01
8.390599,14.02
8.387221,14.04
8.383776,14.06
8.380403,14.07
8.377034,14.09
8.373666,14.10
8.370232,14.10
8.366871,14.09
8.363512,14.07
8.360155,14.05
8.356802,14.03
8.353381,14.02
8.350033,14.01
8.346688,14.01
8.343345,14.02
8.340005,14.03
8.336599,14.04
8.333264,14.04
8.329932,14.04
8.326603,14.04
8.323276,14.03
8.319883,14.01
8.316562,14.01
8.313243,14.00
8.309927,14.01
8.306545,14.02
8.303234,14.03
8.299926,14.05
8.296621,14.06
8.293318,14.07
8.289949,14.06
8.286652,14.05
8.283357,14.03
8.280065,14.01
8.276775,14.00
8.273420,13.98
8.270136,13.98
8.266854,13.99
8.263575,14.01
8.260230,14.03
8.256956,14.06
8.253685,14.10
8.250417,14.14
8.247151,14.17
8.243819,14.19
8.240558,14.20
8.237300,14.20
8.234044,14.18
8.230791,14.16
8.227473,14.13
8.224225,14.10
8.220980,14.08
8.217737,14.06
8.214429,14.05
8.211192,14.04
8.207957,14.04
8.204724,14.05
8.201494,14.06
8.198200,14.08
8.194975,14.10
8.191753,14.12
8.188533,14.13
8.185316,14.14
8.182034,14.13
8.178822,14.12
8.175612,14.11
8.172405,14.09
8.169200,14.08
8.165932,14.08
8.162732,14.09
8.159535,14.10
8.156341,14.11
8.153082,14.12
8.149893,14.13
8.146706,14.13
8.143521,14.13
8.140339,14.13
8.137094,14.12
8.133917,14.11
8.130742,14.09
8.127570,14.07
8.124401,14.05
8.121168,14.03
8.118003,14.02
8.114841,14.01
8.111682,14.01
8.108459,14.01
8.105304,14.01
8.102152,14.02
8.099002,14.04
8.095855,14.05
8.092645,14.07
8.089502,14.09
8.086362,14.10
8.083225,14.11
8.080090,14.11
8.076892,14.11
8.073762,14.09
8.070634,14.07
8.067509,14.05
8.064386,14.02
8.061201,14.01
8.058083,14.00
8.054967,13.99
8.051854,13.99
8.048678,14.00
8.045570,14.01
8.042464,14.02
8.039361,14.03
8.036260,14.04
8.033096,14.05
8.030000,14.05
8.026906,14.05
8.023815,14.05
8.020726,14.04
8.017575,14.04
8.014490,14.04
8.011408,14.04
8.008329,14.05
8.005187,14.06
8.002113,14.06
7.999040,14.06
7.995970,14.06
7.992902,14.06
7.989773,14.05
7.986710,14.03
7.983649,14.02
7.980591,14.01
7.977535,14.01
7.974418,14.01
7.971367,14.01
7.968318,14.02
7.965271,14.03
7.962164,14.04
7.959122,14.05
7.956082,14.06
7.953045,14.07
7.950010,14.07
7.946915,14.07
7.943884,14.07
7.940857,14.07
7.937831,14.06
7.934808,14.04
7.931724,14.03
7.928705,14.01
7.925689,13.98
7.922675,13.96
7.919663,13.95
7.916591,13.93
7.913584,13.92
7.910579,13.92
7.907576,13.91
7.904513,13.91
7.901516,13.92
7.898520,13.92
7.895526,13.93
7.892535,13.94
7.889484,13.95
7.886498,13.97
7.883513,14.00
7.880531,14.03
7.877551,14.05
7.874512,14.08
7.871537,14.11
7.868564,14.13
7.865593,14.14
7.862562,14.15
7.859596,14.15
7.856632,14.15
7.853670,14.14
7.850711,14.13
7.847692,14.12
7.844737,14.11
7.841784,14.10
7.838834,14.09
7.835885,14.07
7.832878,14.05
7.829934,14.04
7.826992,14.03
7.824053,14.02
7.821115,14.01
7.818119,14.01
7.815186,14.02
7.812256,14.02
7.809327,14.03
7.806340,14.04
7.803416,14.05
7.800495,14.08
7.797575,14.11
7.794658,14.14
7.791682,14.18
7.788769,14.21
7.785858,14.23
7.782949,14.24
7.780043,14.24
7.777078,14.24
7.774176,14.23
7.771276,14.21
7.768378,14.20
7.765422,14.20
7.762529,14.20
7.759637,14.21
7.756748,14.22
7.753861,14.24
7.750917,14.25
7.748034,14.27
7.745153,14.28
7.742275,14.29
7.739399,14.30
7.736465,14.30
7.733593,14.31
7.730723,14.32
7.727856,14.33
7.724931,14.34
7.722067,14.35
7.719206,14.35
7.716347,14.35
7.713490,14.34
7.710576,14.33
7.707723,14.33
7.704873,14.32
7.702024,14.32
7.699178,14.33
7.696274,14.33
7.693432,14.34
7.690592,14.34
7.687754,14.35
7.684918,14.35
7.682026,14.35
7.679194,14.35
7.676364,14.36
7.673537,14.37
7.670653,14.38
7.667830,14.39
7.665008,14.40
7.662189,14.40
7.659372,14.40
7.656499,14.40
7.653686,14.40
7.650875,14.40
7.648067,14.40
7.645260,14.40
7.642397,14.41
7.639594,14.42
7.636794,14.44
7.633996,14.47
7.631141,14.50
7.628347,14.54
7.625555,14.57
7.622765,14.60
7.619977,14.62
7.617132,14.63
7.614348,14.62
7.611567,14.62
7.608787,14.61
7.606009,14.60
7.603175,14.60
7.600401,14.61
7.597630,14.64
7.594860,14.67
7.592092,14.70
7.589269,14.73
7.586505,14.74
7.583743,14.75
7.580984,14.73
7.578169,14.69
7.575413,14.64
7.572660,14.58
7.569908,14.52
7.567159,14.47
7.564354,14.43
7.561608,14.40
7.558865,14.37
7.556123,14.36
7.553384,14.35
7.550589,14.34
7.547853,14.33
7.545120,14.32
7.542388,14.32
7.539602,14.32
7.536874,14.32
7.534149,14.33
7.531425,14.34
7.528703,14.36
7.525927,14.37
7.523209,14.39
7.520493,14.40
7.517780,14.40
7.515068,14.40
7.512301,14.39
7.509594,14.38
7.506888,14.37
7.504184,14.37
7.501482,14.37
7.498725,14.39
7.496027,14.42
7.493331,14.46
7.490637,14.51
7.487888,14.57
7.485198,14.64
7.482510,14.73
7.479823,14.82
7.477139,14.92
7.474400,15.01
7.471720,15.08
7.469041,15.12
7.466364,15.10
7.463689,15.03
7.460961,14.93
7.458290,14.81
7.455620,14.70
7.452953,14.61
7.450232,14.54
7.447569,14.49
7.444908,14.46
7.442248,14.44
7.439591,14.44
7.436879,14.44
7.434226,14.44
7.431574,14.46
7.428924,14.48
7.426276,14.51
7.423574,14.55
7.420930,14.59
7.418288,14.63
7.415647,14.66
7.412953,14.69
7.410317,14.69
7.407682,14.69
7.405049,14.67
7.402418,14.64
7.399734,14.61
7.397106,14.58
7.394481,14.56
7.391857,14.53
7.389235,14.50
7.386561,14.48
7.383943,14.45
7.381327,14.43
7.378712,14.42
7.376100,14.42
7.373435,14.42
7.370826,14.43
7.368219,14.45
7.365614,14.47
7.362957,14.50
7.360356,14.54
7.357756,14.59
7.355159,14.65
7.352563,14.73
7.349915,14.83
7.347323,14.93
7.344732,15.01
7.342144,15.07
7.339557,15.08
7.336919,15.03
7.334336,14.94
7.331755,14.84
7.329175,14.74
7.326544,14.67
7.323968,14.61
7.321395,14.58
7.318823,14.57
7.316252,14.58
7.313630,14.60
7.311064,14.62
7.308499,14.65
7.305936,14.67
7.303375,14.69
7.300762,14.69
7.298205,14.70
7.295649,14.71
7.293095,14.74
7.290490,14.79
7.287939,14.87
7.285391,14.96
7.282844,15.06
7.280299,15.15
7.277703,15.19
7.275161,15.19
7.272621,15.13
7.270084,15.05
7.267547,14.96
7.264960,14.89
7.262428,14.83
7.259897,14.79
7.257368,14.76
7.254841,14.73
7.252263,14.70
7.249739,14.67
7.247217,14.63
7.244697,14.60
7.242126,14.56
7.239609,14.54
7.237094,14.52
7.234581,14.51
7.232070,14.52
7.229508,14.53
7.227000,14.57
7.224494,14.62
7.221990,14.70
7.219487,14.81
7.216934,14.93
7.214435,15.05
7.211937,15.16
7.209441,15.22
7.206896,15.22
7.204403,15.17
7.201913,15.08
7.199424,14.98
7.196937,14.89
7.194400,14.81
7.191916,14.76
7.189434,14.73
7.186954,14.73
7.184476,14.75
7.181947,14.81
7.179472,14.89
7.176999,15.00
7.174528,15.13
7.172058,15.25
7.169538,15.35
7.167072,15.41
7.164607,15.43
7.162144,15.43
7.159631,15.42
7.157171,15.42
7.154714,15.42
7.152257,15.41
7.149803,15.36
7.147299,15.28
7.144847,15.16
7.142398,15.02
7.139950,14.89
7.137504,14.79
7.135009,14.72
7.132566,14.69
7.130125,14.70
7.127685,14.73
7.125197,14.78
7.122761,14.83
7.120326,14.88
7.117894,14.90
7.115463,14.89
7.112983,14.86
7.110555,14.81
7.108129,14.77
7.105704,14.74
7.103282,14.72
7.100810,14.71
7.098391,14.71
7.095973,14.73
7.093557,14.75
7.091142,14.77
7.088679,14.79
7.086268,14.80
7.083859,14.80
7.081451,14.79
7.078994,14.78
7.076590,14.78
7.074187,14.79
7.071786,14.81
7.069386,14.85
7.066938,14.92
7.064542,15.00
7.062147,15.10
7.059754,15.22
7.057362,15.36
7.054923,15.51
7.052534,15.64
7.050148,15.72
7.047763,15.73
7.045330,15.66
7.042948,15.54
7.040568,15.42
7.038189,15.33
7.035812,15.28
7.033387,15.26
7.031014,15.26
7.028642,15.28
7.026271,15.30
7.023902,15.29
7.021486,15.26
7.019120,15.20
7.016756,15.13
7.014394,15.07
7.011983,15.04
7.009624,15.03
7.007267,15.05
7.004910,15.10
7.002556,15.16
7.000154,15.23
6.997803,15.28
6.995453,15.30
6.993105,15.29
6.990758,15.26
6.988364,15.21
6.986021,15.16
6.983679,15.13
6.981339,15.13
6.979000,15.14
6.976614,15.18
6.974279,15.24
6.971945,15.33
6.969612,15.43
6.967233,15.56
6.964904,15.67
6.962576,15.73
6.960250,15.72
6.957925,15.63
6.955554,15.50
6.953233,15.37
6.950913,15.24
6.948594,15.14
6.946277,15.06
6.943914,14.99
6.941600,14.94
6.939288,14.90
6.936978,14.86
6.934620,14.84
6.932313,14.81
6.930007,14.80
6.927702,14.80
6.925400,14.80
6.923050,14.83
6.920750,14.86
6.918452,14.91
6.916155,14.97
6.913860,15.03
6.911519,15.09
6.909227,15.13
6.906936,15.14
6.904647,15.13
6.902359,15.10
6.900026,15.07
6.897741,15.05
6.895458,15.04
6.893176,15.05
6.890849,15.08
6.888570,15.12
6.886294,15.18
6.884018,15.26
6.881744,15.34
6.879424,15.44
6.877153,15.57
6.874884,15.73
6.872616,15.96
6.870350,16.27
6.868038,16.67
6.865774,17.12
6.863512,17.41
6.861252,17.35
6.858946,16.98
6.856688,16.51
6.854432,16.10
6.852178,15.78
6.849925,15.55
6.847627,15.39
6.845377,15.28
6.843128,15.23
6.840881,15.22
6.838636,15.24
6.836345,15.31
6.834102,15.39
6.831861,15.49
6.829621,15.57
6.827337,15.60
6.825100,15.58
6.822865,15.51
6.820631,15.41
6.818399,15.31
6.816121,15.23
6.813892,15.17
6.811664,15.14
6.809438,15.13
6.807213,15.16
6.804943,15.23
6.802721,15.35
6.800501,15.53
6.798281,15.78
6.796064,16.10
6.793801,16.46
6.791587,16.76
6.789373,16.89
6.787161,16.83
6.784905,16.64
6.782696,16.40
6.780488,16.17
6.778282,15.96
6.776078,15.76
6.773829,15.59
6.771627,15.44
6.769427,15.31
6.767228,15.22
6.765030,15.16
6.762788,15.14
6.760594,15.14
6.758401,15.18
6.756209,15.22
6.753973,15.27
6.751784,15.31
6.749597,15.33
6.747411,15.33
6.745226,15.31
6.742997,15.28
6.740816,15.27
6.738635,15.27
6.736456,15.30
6.734279,15.37
6.732057,15.47
6.729883,15.61
6.727709,15.78
6.725538,15.99
6.723367,16.21
6.721153,16.45
6.718985,16.67
6.716819,16.83
6.714654,16.87
6.712446,16.75
6.710284,16.51
6.708123,16.22
6.705964,15.96
6.703806,15.75
6.701604,15.60
6.699449,15.52
6.697296,15.48
6.695143,15.50
6.692992,15.56
6.690798,15.66
6.688650,15.81
6.686503,15.99
6.684358,16.18
6.682169,16.36
6.680027,16.48
6.677886,16.52
6.675746,16.50
6.673607,16.42
6.671426,16.33
6.669290,16.22
6.667156,16.13
6.665023,16.05
6.662891,15.99
6.660716,15.96
6.658588,15.96
6.656460,15.98
6.654334,16.02
6.652209,16.09
6.650042,16.18
6.647920,16.30
6.645799,16.47
6.643680,16.71
6.641517,17.09
6.639401,17.66
6.637286,18.33
6.635172,18.75
6.633059,18.61
6.630904,18.17
6.628794,17.72
6.626686,17.36
6.624579,17.09
6.622473,16.88
6.620324,16.71
6.618221,16.57
6.616120,16.45
6.614019,16.36
6.611876,16.30
6.609779,16.28
6.607682,16.29
6.605587,16.35
6.603493,16.46
6.601357,16.60
6.599266,16.77
6.597176,16.95
6.595088,17.08
6.593001,17.13
6.590872,17.09
6.588787,17.00
6.586704,16.91
6.584622,16.87
6.582498,16.89
6.580419,16.99
6.578341,17.19
6.576265,17.46
6.574190,17.76
6.572073,17.97
6.570000,18.01
6.567929,17.90
6.565859,17.74
6.563790,17.58
6.561680,17.44
6.559614,17.32
6.557549,17.21
6.555486,17.09
6.553424,16.96
6.551320,16.82
6.549260,16.67
6.547202,16.51
6.545145,16.36
6.543047,16.23
6.540992,16.12
6.538939,16.04
6.536888,16.01
6.534837,16.02
6.532745,16.08
6.530698,16.19
6.528651,16.34
6.526606,16.53
6.524562,16.70
6.522476,16.81
6.520435,16.80
6.518395,16.70
6.516356,16.57
6.514276,16.46
6.512240,16.38
6.510205,16.36
6.508171,16.36
6.506139,16.41
6.504065,16.50
6.502035,16.64
6.500007,16.88
6.497979,17.27
6.495953,17.88
6.493886,18.65
6.491862,19.29
6.489840,19.46
6.487819,19.20
6.485799,18.77
6.483739,18.36
6.481722,18.00
6.479706,17.67
6.477691,17.35
6.475635,17.02
6.473623,16.69
6.471612,16.39
6.469603,16.15
6.467594,15.98
6.465545,15.86
6.463539,15.79
6.461534,15.77
6.459531,15.78
6.457529,15.83
6.455486,15.88
6.453486,15.93
6.451488,15.96
6.449491,15.97
6.447453,15.96
6.445459,15.95
6.443465,15.97
6.441473,16.01
6.439482,16.10
6.437451,16.23
6.435462,16.39
6.433475,16.58
6.431489,16.76
6.429504,16.92
6.427479,17.04
6.425496,17.15
6.423515,17.26
6.421535,17.40
6.419515,17.59
6.417538,17.76
6.415562,17.75
6.413587,17.40
6.411613,16.94
6.409599,16.60
6.407628,16.38
6.405657,16.25
6.403689,16.16
6.401721,16.11
6.399713,16.09
6.397748,16.07
6.395784,16.07
6.393821,16.06
6.391859,16.04
6.389858,16.01
6.387899,15.98
6.385941,15.95
6.383984,15.93
6.381987,15.95
6.380033,15.99
6.378080,16.07
6.376128,16.18
6.374177,16.28
6.372187,16.34
6.370238,16.31
6.368291,16.20
6.366345,16.07
6.364400,15.95
6.362416,15.87
6.360473,15.82
6.358532,15.81
6.356592,15.84
6.354613,15.91
6.352675,16.03
6.350739,16.20
6.348803,16.41
6.346869,16.63
6.344896,16.77
6.342964,16.78
6.341033,16.65
6.339104,16.44
6.337176,16.21
6.335209,16.01
6.333283,15.84
6.331358,15.70
6.329434,15.59
6.327512,15.50
6.325551,15.43
6.323631,15.38
6.321712,15.34
6.319794,15.32
6.317838,15.30
6.315922,15.29
6.314008,15.28
6.312095,15.26
6.310183,15.25
6.308233,15.24
6.306323,15.23
6.304415,15.22
6.302508,15.23
6.300602,15.25
6.298657,15.28
6.296753,15.33
6.294851,15.39
6.292949,15.44
6.291010,15.49
6.289110,15.52
6.287212,15.54
6.285316,15.54
6.283420,15.54
6.281486,15.54
6.279593,15.55
6.277700,15.57
6.275809,15.60
6.273919,15.63
6.271991,15.66
6.270104,15.66
6.268217,15.65
6.266332,15.62
6.264447,15.59
6.262525,15.54
6.260643,15.50
6.258762,15.47
6.256883,15.45
6.254965,15.44
6.253087,15.46
6.251211,15.48
6.249336,15.53
6.247462,15.58
6.245550,15.64
6.243678,15.69
6.241808,15.73
6.239938,15.74
6.238070,15.74
6.236164,15.72
6.234297,15.69
6.232432,15.67
6.230568,15.65
6.228667,15.66
6.226805,15.68
6.224945,15.72
6.223085,15.76
6.221227,15.81
6.219331,15.83
6.217475,15.84
6.215620,15.83
6.213766,15.79
6.211913,15.75
6.210023,15.70
6.208172,15.65
6.206323,15.62
6.204475,15.60
6.202589,15.60
6.200743,15.62
6.198898,15.67
6.197054,15.74
6.195211,15.84
6.193331,15.98
6.191490,16.15
6.189651,16.34
6.187812,16.51
6.185975,16.62
6.184101,16.60
6.182266,16.49
6.180432,16.34
6.178599,16.19
6.176767,16.06
6.174898,15.98
6.173068,15.93
6.171240,15.93
6.169412,15.98
6.167548,16.07
6.165722,16.19
6.163898,16.32
6.162075,16.42
6.160253,16.45
6.158394,16.41
6.156574,16.31
6.154755,16.21
6.152937,16.13
6.151121,16.07
6.149267,16.05
6.147453,16.05
6.145639,16.04
6.143827,16.03
6.141978,15.99
6.140168,15.92
6.138359,15.85
6.136551,15.78
6.134744,15.73
6.132900,15.70
6.131095,15.71
6.129291,15.73
6.127489,15.79
6.125687,15.87
6.123849,15.98
6.122049,16.13
6.120251,16.33
6.118453,16.58
6.116619,16.87
6.114824,17.16
6.113030,17.31
6.111237,17.26
6.109445,17.04
6.107616,16.77
6.105826,16.53
6.104037,16.34
6.102249,16.18
6.100462,16.05
6.098639,15.96
6.096855,15.88
6.095071,15.82
6.093288,15.79
6.091507,15.77
6.089689,15.77
6.087909,15.78
6.086131,15.82
6.084353,15.88
6.082540,15.97
6.080765,16.11
6.078990,16.32
6.077217,16.61
6.075445,16.97
6.073637,17.35
6.071867,17.58
6.070097,17.58
6.068329,17.42
6.066562,17.21
6.064760,17.04
6.062995,16.93
6.061231,16.87
6.059468,16.86
6.057669,16.89
6.055908,16.97
6.054148,17.09
6.052389,17.26
6.050632,17.44
6.048838,17.50
6.047083,17.37
6.045328,17.13
6.043574,16.89
6.041821,16.67
6.040033,16.49
6.038283,16.32
6.036533,16.17
6.034784,16.05
6.033037,15.94
6.031254,15.86
6.029508,15.80
6.027764,15.78
6.026020,15.80
6.024242,15.85
6.022500,15.93
6.020760,16.04
6.019020,16.16
6.017282,16.26
6.015508,16.31
6.013772,16.28
6.012036,16.18
6.010302,16.07
6.008568,15.96
6.006800,15.89
6.005068,15.86
6.003338,15.87
6.001608,15.92
5.999844,16.01
5.998117,16.15
5.996390,16.33
5.994665,16.56
5.992940,16.82
5.991181,17.06
5.989459,17.23
5.987737,17.27
5.986017,17.20
5.984297,17.06
5.982543,16.91
5.980825,16.78
5.979109,16.69
5.977393,16.64
5.975679,16.63
5.973930,16.64
5.972217,16.65
5.970506,16.64
5.968795,16.58
5.967050,16.50
5.965341,16.40
5.963634,16.32
5.961927,16.26
5.960221,16.24
5.958481,16.26
5.956778,16.31
5.955075,16.40
5.953373,16.52
5.951672,16.64
5.949937,16.76
5.948238,16.87
5.946541,16.98
5.944844,17.09
5.943113,17.22
5.941418,17.39
5.939724,17.56
5.938031,17.66
5.936339,17.62
5.934612,17.47
5.932922,17.29
5.931233,17.13
5.929545,17.02
5.927858,16.94
5.926137,16.88
5.924451,16.84
5.922767,16.81
5.921084,16.76
5.919366,16.69
5.917685,16.60
5.916005,16.50
5.914325,16.41
5.912647,16.34
5.910934,16.30
5.909257,16.30
5.907582,16.34
5.905907,16.42
5.904233,16.54
5.902526,16.72
5.900854,16.95
5.899183,17.25
5.897513,17.58
5.895844,17.87
5.894141,18.08
5.892474,18.18
5.890808,18.19
5.889143,18.17
5.887444,18.12
5.885781,18.06
5.884118,17.96
5.882457,17.81
5.880796,17.64
5.879102,17.47
5.877444,17.33
5.875786,17.24
5.874129,17.20
5.872473,17.19
5.870784,17.21
5.869130,17.25
5.867477,17.31
5.865825,17.34
5.864140,17.31
5.862489,17.21
5.860840,17.04
5.859192,16.85
5.857545,16.67
5.855864,16.52
5.854218,16.40
5.852574,16.33
5.850930,16.28
5.849287,16.25
5.847611,16.24
5.845970,16.25
5.844330,16.27
5.842691,16.31
5.841053,16.38
5.839382,16.49
5.837746,16.65
5.836110,16.85
5.834476,17.09
5.832808,17.37
5.831176,17.66
5.829544,17.94
5.827913,18.16
5.826284,18.29
5.824621,18.26
5.822993,18.05
5.821366,17.72
5.819739,17.35
5.818114,17.02
5.816456,16.77
5.814832,16.59
5.813210,16.46
5.811588,16.37
5.809934,16.31
5.808314,16.26
5.806695,16.22
5.805077,16.18
5.803460,16.14
5.801810,16.08
5.800195,16.03
5.798581,15.98
5.796967,15.94
5.795354,15.92
5.793709,15.92
5.792098,15.94
5.790489,15.98
5.788880,16.05
5.787238,16.13
5.785631,16.22
5.784025,16.31
5.782419,16.41
5.780815,16.51
5.779178,16.61
5.777575,16.70
5.775973,16.81
5.774372,16.93
5.772772,17.06
5.771140,17.20
5.769541,17.32
5.767944,17.36
5.766348,17.28
5.764752,17.12
5.763124,16.95
5.761530,16.83
5.759937,16.76
5.758345,16.73
5.756721,16.75
5.755131,16.79
5.753541,16.85
5.751953,16.92
5.750365,16.97
5.748745,16.98
5.747159,16.96
5.745574,16.90
5.743990,16.84
5.742407,16.79
5.740792,16.76
5.739210,16.75
5.737630,16.75
5.736050,16.77
5.734438,16.80
5.732860,16.82
5.731283,16.86
5.729707,16.90
5.728131,16.97
5.726524,17.07
5.724950,17.18
5.723378,17.30
5.721806,17.40
5.720235,17.46
5.718632,17.46
5.717063,17.39
5.715494,17.28
5.713927,17.13
5.712360,16.96
5.710761,16.78
5.709196,16.61
5.707632,16.46
5.706069,16.34
5.704474,16.25
5.702912,16.20
5.701352,16.17
5.699792,16.17
5.698233,16.20
5.696642,16.24
5.695085,16.28
5.693529,16.32
5.691973,16.32
5.690418,16.31
5.688832,16.28
5.687279,16.26
5.685727,16.26
5.684176,16.27
5.682593,16.31
5.681043,16.37
5.679495,16.43
5.677947,16.47
5.676400,16.47
5.674821,16.43
5.673276,16.34
5.671732,16.23
5.670188,16.13
5.668645,16.05
5.667071,15.99
5.665530,15.96
5.663989,15.95
5.662450,15.97
5.660911,16.01
5.659342,16.07
5.657805,16.14
5.656269,16.21
5.654733,16.28
5.653167,16.36
5.651633,16.46
5.650101,16.57
5.648569,16.71
5.647038,16.86
5.645475,17.01
5.643946,17.11
5.642417,17.13
5.640890,17.06
5.639363,16.93
5.637805,16.79
5.636280,16.66
5.634755,16.54
5.633232,16.42
5.631677,16.32
5.630155,16.23
5.628634,16.17
5.627114,16.13
5.625594,16.12
5.624044,16.13
5.622526,16.17
5.621009,16.22
5.619493,16.26
5.617978,16.28
5.616431,16.28
5.614918,16.25
5.613405,16.21
5.611893,16.17
5.610350,16.13
5.608840,16.11
5.607330,16.09
5.605821,16.07
5.604313,16.06
5.602774,16.04
5.601268,16.01
5.599763,15.99
5.598258,15.97
5.596754,15.96
5.595219,15.97
5.593717,15.99
5.592216,16.03
5.590715,16.10
5.589215,16.19
5.587685,16.31
5.586186,16.45
5.584689,16.60
5.583192,16.74
5.581665,16.85
5.580170,16.89
5.578676,16.86
5.577183,16.79
5.575690,16.70
5.574167,16.62
5.572676,16.54
5.571186,16.46
5.569696,16.39
5.568208,16.32
5.566689,16.26
5.565202,16.20
5.563716,16.16
5.562230,16.14
5.560715,16.14
5.559231,16.17
5.557748,16.21
5.556266,16.26
5.554784,16.29
5.553273,16.31
5.551793,16.29
5.550314,16.25
5.548835,16.20
5.547358,16.14
5.545850,16.10
5.544374,16.06
5.542899,16.04
5.541425,16.04
5.539951,16.04
5.538448,16.05
5.536976,16.07
5.535505,16.09
5.534034,16.10
5.532534,16.12
5.531065,16.14
5.529597,16.17
5.528130,16.19
5.526663,16.22
5.525167,16.24
5.523702,16.25
5.522238,16.24
5.520775,16.22
5.519312,16.17
5.517820,16.11
5.516359,16.06
5.514898,16.00
5.513439,15.96
5.511950,15.93
5.510492,15.92
5.509035,15.91
5.507578,15.91
5.506123,15.92
5.504638,15.92
5.503184,15.92
5.501730,15.92
5.500278,15.93
5.498826,15.94
5.497345,15.95
5.495895,15.97
5.494445,15.99
5.492996,16.01
5.491518,16.03
5.490071,16.06
5.488625,16.08
5.487179,16.11
5.485734,16.15
5.484260,16.18
5.482817,16.22
5.481374,16.26
5.479932,16.28
5.478491,16.30
5.477021,16.31
5.475582,16.33
5.474143,16.35
5.472705,16.40
5.471268,16.46
5.469801,16.54
5.468366,16.62
5.466931,16.67
5.465496,16.66
5.464033,16.59
5.462600,16.47
5.461168,16.33
5.459737,16.20
5.458307,16.10
5.456847,16.02
5.455418,15.98
5.453990,15.95
5.452563,15.95
5.451136,15.96
5.449680,15.98
5.448255,16.01
5.446831,16.05
5.445407,16.08
5.443954,16.10
5.442532,16.10
5.441111,16.09
5.439690,16.08
5.438270,16.06
5.436821,16.05
5.435403,16.06
5.433985,16.09
5.432568,16.15
5.431152,16.23
5.429707,16.33
5.428292,16.45
5.426878,16.57
5.425465,16.69
5.424052,16.77
5.422611,16.80
5.421200,16.78
5.419790,16.72
5.418380,16.64
5.416942,16.56
5.415534,16.47
5.414127,16.39
5.412720,16.31
5.411314,16.23
5.409880,16.16
5.408475,16.08
5.407071,16.03
5.405668,15.98
5.404266,15.95
5.402835,15.93
5.401435,15.92
5.400035,15.91
5.398635,15.91
5.397207,15.91
5.395810,15.91
5.394412,15.91
5.393016,15.92
5.391620,15.93
5.390196,15.94
5.388802,15.96
5.387409,15.98
5.386016,16.00
5.384624,16.01
5.383203,16.02
5.381813,16.01
5.380423,16.00
5.379034,15.99
5.377645,15.97
5.376228,15.96
5.374841,15.95
5.373455,15.95
5.372070,15.95
5.370656,15.95
5.369272,15.96
5.367888,15.98
5.366505,16.01
5.365123,16.04
5.363713,16.09
5.362333,16.15
5.360953,16.23
5.359574,16.33
5.358195,16.44
5.356789,16.57
5.355412,16.70
5.354036,16.80
5.352660,16.86
5.351256,16.86
5.349882,16.78
5.348509,16.66
5.347136,16.53
5.345764,16.41
5.344364,16.30
5.342993,16.21
5.341624,16.13
5.340254,16.08
5.338886,16.04
5.337489,16.02
5.336122,16.00
5.334756,16.00
5.333390,16.01
5.331997,16.02
5.330632,16.02
5.329269,16.03
5.327906,16.03
5.326544,16.02
5.325154,16.01
5.323793,16.00
5.322433,15.99
5.321074,15.98
5.319715,15.97
5.318329,15.97
5.316971,15.97
5.315615,15.97
5.314259,15.98
5.312903,16.00
5.311521,16.02
5.310167,16.04
5.308814,16.06
5.307461,16.08
5.306081,16.08
5.304730,16.09
5.303380,16.09
5.302030,16.09
5.300681,16.10
5.299305,16.12
5.297957,16.16
5.296610,16.20
5.295264,16.24
5.293918,16.28
5.292545,16.29
5.291201,16.27
5.289858,16.24
5.288515,16.19
5.287145,16.15
5.285803,16.12
5.284463,16.12
5.283123,16.13
5.281783,16.16
5.280417,16.20
5.279078,16.23
5.277741,16.26
5.276404,16.26
5.275068,16.25
5.273705,16.22
5.272371,16.19
5.271037,16.16
5.269703,16.13
5.268343,16.11
5.267011,16.11
5.265680,16.10
5.264349,16.10
5.263019,16.10
5.261662,16.10
5.260334,16.10
5.259006,16.10
5.257679,16.10
5.256352,16.10
5.254999,16.10
5.253674,16.10
5.252349,16.11
5.251025,16.11
5.249702,16.11
5.248352,16.12
5.247030,16.13
5.245709,16.15
5.244389,16.17
5.243041,16.20
5.241722,16.24
5.240404,16.28
5.239086,16.30
5.237769,16.31
5.236425,16.30
5.235109,16.27
5.233794,16.23
5.232479,16.19
5.231165,16.15
5.229825,16.13
5.228512,16.11
5.227200,16.10
5.225889,16.11
5.224551,16.12
5.223241,16.14
5.221932,16.17
5.220624,16.20
5.219316,16.25
5.217981,16.30
5.216675,16.35
5.215369,16.39
5.214063,16.40
5.212759,16.39
5.211428,16.36
5.210124,16.32
5.208822,16.30
5.207520,16.29
5.206218,16.30
5.204891,16.33
5.203590,16.37
5.202291,16.40
5.200992,16.42
5.199667,16.41
5.198370,16.39
5.197073,16.35
5.195777,16.31
5.194481,16.27
5.193160,16.23
5.191865,16.20
5.190572,16.17
5.189279,16.15
5.187987,16.13
5.186668,16.12
5.185377,16.11
5.184087,16.10
5.182797,16.10
5.181481,16.10
5.180193,16.11
5.178905,16.12
5.177618,16.13
5.176332,16.14
5.175019,16.15
5.173734,16.17
5.172449,16.18
5.171166,16.18
5.169882,16.18
5.168573,16.18
5.167291,16.17
5.166010,16.17
5.164729,16.17
5.163449,16.17
5.162143,16.17
5.160864,16.18
5.159586,16.18
5.158308,16.19
5.157005,16.21
5.155729,16.24
5.154453,16.28
5.153178,16.33
5.151904,16.38
5.150604,16.42
5.149331,16.46
5.148058,16.47
5.146786,16.48
5.145515,16.47
5.144218,16.46
5.142948,16.45
5.141679,16.44
5.140410,16.43
5.139116,16.42
5.137848,16.39
5.136582,16.36
5.135316,16.33
5.134050,16.30
5.132759,16.28
5.131495,16.27
5.130231,16.27
5.128968,16.27
5.127706,16.26
5.126417,16.26
5.125156,16.25
5.123896,16.23
5.122636,16.22
5.121377,16.22
5.120092,16.22
5.118834,16.23
5.117576,16.24
5.116320,16.26
5.115037,16.27
5.113782,16.28
5.112527,16.28
5.111272,16.28
5.110019,16.27
5.108740,16.25
5.107487,16.23
5.106235,16.20
5.104984,16.18
5.103733,16.16
5.102457,16.15
5.101208,16.14
5.099959,16.13
5.098711,16.12
5.097438,16.12
5.096191,16.12
5.094944,16.13
5.093699,16.14
5.092453,16.17
5.091183,16.20
5.089939,16.23
5.088696,16.27
5.087453,16.31
5.086211,16.34
5.084944,16.35
5.083703,16.35
5.082463,16.34
5.081223,16.31
5.079959,16.29
5.078720,16.26
5.077482,16.24
5.076245,16.22
5.075009,16.21
5.073747,16.21
5.072512,16.21
5.071277,16.21
5.070043,16.20
5.068809,16.20
5.067550,16.20
5.066318,16.19
5.065086,16.19
5.063855,16.19
5.062625,16.20
5.061369,16.20
5.060140,16.21
5.058911,16.22
5.057683,16.23
5.056430,16.23
5.055203,16.24
5.053976,16.25
5.052751,16.26
5.051526,16.27
5.050275,16.28
5.049052,16.28
5.047828,16.29
5.046605,16.29
5.045383,16.29
5.044136,16.29
5.042915,16.29
5.041695,16.29
5.040475,16.29
5.039230,16.29
5.038012,16.29
5.036794,16.29
5.035576,16.30
5.034360,16.31
5.033118,16.32
5.031902,16.33
5.030687,16.34
5.029473,16.36
5.028259,16.38
5.027020,16.40
5.025808,16.43
5.024595,16.46
5.023384,16.49
5.022148,16.51
5.020937,16.51
5.019728,16.49
5.018518,16.46
5.017310,16.41
5.016077,16.36
5.014869,16.32
5.013662,16.29
5.012456,16.27
5.011250,16.27
5.010020,16.28
5.008816,16.29
5.007612,16.30
5.006408,16.32
5.005205,16.33
5.003978,16.34
5.002777,16.35
5.001575,16.35
5.000375,16.34
4.999150,16.32
4.997951,16.31
4.996752,16.29
4.995554,16.27
4.994356,16.26
4.993134,16.26
4.991938,16.27
4.990742,16.27
4.989547,16.28
4.988352,16.29
4.987133,16.29
4.985940,16.29
4.984747,16.29
4.983554,16.29
4.982338,16.30
4.981146,16.31
4.979956,16.33
4.978766,16.34
4.977576,16.35
4.976362,16.36
4.975174,16.36
4.973986,16.35
4.972799,16.34
4.971612,16.32
4.970401,16.31
4.969216,16.30
4.968031,16.30
4.966846,16.30
4.965662,16.31
4.964455,16.33
4.963272,16.35
4.962090,16.38
4.960908,16.40
4.959702,16.42
4.958522,16.44
4.957342,16.44
4.956163,16.43
4.954984,16.42
4.953781,16.40
4.952604,16.38
4.951427,16.36
4.950250,16.35
4.949074,16.34
4.947874,16.34
4.946699,16.34
4.945525,16.35
4.944351,16.36
4.943154,16.37
4.941981,16.38
4.940809,16.39
4.939638,16.40
4.938467,16.41
4.937272,16.41
4.936102,16.42
4.934933,16.42
4.933764,16.41
4.932596,16.41
4.931404,16.39
4.930237,16.37
4.929071,16.36
4.927905,16.34
4.926739,16.33
4.925550,16.32
4.924386,16.32
4.923222,16.33
4.922059,16.34
4.920872,16.35
4.919710,16.36
4.918549,16.36
4.917388,16.36
4.916227,16.36
4.915043,16.37
4.913884,16.37
4.912725,16.38
4.911567,16.38
4.910410,16.38
4.909228,16.38
4.908072,16.38
4.906916,16.38
4.905760,16.38
4.904581,16.39
4.903427,16.41
4.902273,16.43
4.901120,16.46
4.899967,16.48
4.898791,16.51
4.897639,16.52
4.896488,16.52
4.895338,16.51
4.894188,16.50
4.893014,16.48
4.891865,16.46
4.890717,16.45
4.889569,16.44
4.888398,16.44
4.887251,16.44
4.886105,16.45
4.884959,16.45
4.883814,16.45
4.882646,16.46
4.881502,16.46
4.880358,16.46
4.879215,16.46
4.878073,16.46
4.876907,16.47
4.875765,16.48
4.874625,16.48
4.873484,16.49
4.872345,16.49
4.871182,16.49
4.870043,16.48
4.868905,16.48
4.867767,16.47
4.866606,16.46
4.865470,16.45
4.864334,16.44
4.863198,16.45
4.862063,16.45
4.860905,16.46
4.859771,16.47
4.858638,16.48
4.857505,16.49
4.856373,16.50
4.855217,16.50
4.854086,16.50
4.852955,16.50
4.851825,16.50
4.850672,16.50
4.849543,16.51
4.848414,16.52
4.847286,16.53
4.846159,16.55
4.845008,16.57
4.843882,16.58
4.842756,16.59
4.841630,16.59
4.840505,16.58
4.839358,16.57
4.838234,16.57
4.837110,16.56
4.835987,16.56
4.834865,16.57
4.833720,16.57
4.832599,16.58
4.831478,16.58
4.830358,16.57
4.829215,16.57
4.828096,16.55
4.826977,16.54
4.825859,16.53
4.824741,16.52
4.823601,16.52
4.822484,16.53
4.821368,16.54
4.820253,16.55
4.819138,16.57
4.818000,16.58
4.816886,16.58
4.815773,16.59
4.814660,16.59
4.813524,16.59
4.812412,16.59
4.811301,16.59
4.810190,16.59
4.809080,16.59
4.807947,16.59
4.806837,16.59
4.805728,16.58
4.804620,16.58
4.803512,16.58
4.802382,16.58
4.801275,16.58
4.800169,16.58
4.799063,16.57
4.797935,16.57
4.796830,16.57
4.795726,16.58
4.794622,16.59
4.793519,16.60
4.792394,16.62
4.791291,16.64
4.790190,16.65
4.789089,16.66
4.787988,16.66
4.786865,16.65
4.785765,16.64
4.784666,16.62
4.783567,16.60
4.782469,16.58
4.781349,16.56
4.780252,16.55
4.779155,16.54
4.778059,16.54
4.776941,16.55
4.775846,16.55
4.774751,16.56
4.773657,16.58
4.772563,16.59
4.771448,16.60
4.770355,16.60
4.769263,16.60
4.768172,16.60
4.767080,16.59
4.765967,16.57
4.764877,16.55
4.763788,16.54
4.762699,16.52
4.761587,16.51
4.760499,16.50
4.759412,16.50
4.758325,16.50
4.757238,16.51
4.756129,16.52
4.755044,16.54
4.753959,16.55
4.752874,16.56
4.751790,16.57
4.750684,16.58
4.749601,16.58
4.748518,16.58
4.747436,16.59
4.746332,16.59
4.745251,16.60
4.744171,16.62
4.743091,16.63
4.742011,16.64
4.740909,16.64
4.739831,16.65
4.738753,16.65
4.737675,16.65
4.736598,16.65
4.735499,16.65
4.734423,16.66
4.733347,16.67
4.732272,16.68
4.731197,16.69
4.730100,16.70
4.729027,16.71
4.727954,16.71
4.726881,16.71
4.725786,16.71
4.724715,16.70
4.723643,16.70
4.722572,16.70
4.721502,16.70
4.720410,16.71
4.719341,16.72
4.718272,16.72
4.717204,16.73
4.716136,16.73
4.715046,16.73
4.713979,16.73
4.712913,16.72
4.711847,16.72
4.710782,16.71
4.709694,16.70
4.708630,16.69
4.707566,16.68
4.706503,16.66
4.705417,16.65
4.704355,16.64
4.703293,16.63
4.702231,16.62
4.701170,16.62
4.700087,16.62
4.699027,16.62
4.697968,16.62
4.696908,16.63
4.695850,16.63
4.694770,16.63
4.693712,16.64
4.692655,16.64
4.691598,16.64
4.690520,16.64
4.689464,16.64
4.688408,16.64
4.687354,16.63
4.686299,16.63
4.685223,16.62
4.684170,16.62
4.683117,16.63
4.682064,16.63
4.681012,16.64
4.679939,16.65
4.678888,16.66
4.677837,16.66
4.676787,16.67
4.675716,16.68
4.674667,16.68
4.673618,16.69
4.672570,16.71
4.671522,16.72
4.670453,16.74
4.669406,16.75
4.668360,16.75
4.667314,16.76
4.666268,16.76
4.665202,16.77
4.664157,16.77
4.663113,16.78
4.662070,16.78
4.661027,16.78
4.659963,16.78
4.658920,16.78
4.657879,16.77
4.656838,16.75
4.655775,16.74
4.654735,16.74
4.653695,16.74
4.652656,16.74
4.651617,16.74
4.650557,16.73
4.649519,16.73
4.648482,16.72
4.647445,16.71
4.646408,16.70
4.645351,16.69
4.644315,16.69
4.643280,16.69
4.642245,16.70
4.641190,16.70
4.640156,16.70
4.639123,16.69
4.638090,16.69
4.637058,16.69
4.636004,16.69
4.634973,16.69
4.633942,16.70
4.632911,16.71
4.631881,16.72
4.630830,16.73
4.629801,16.73
4.628772,16.73
4.627744,16.72
4.626695,16.72
4.625668,16.71
4.624641,16.70
4.623615,16.70
4.622589,16.71
4.621542,16.72
4.620517,16.73
4.619492,16.75
4.618468,16.77
4.617445,16.78
4.616400,16.80
4.615378,16.80
4.614355,16.81
4.613333,16.81
4.612312,16.80
4.611270,16.80
4.610250,16.79
4.609230,16.79
4.608210,16.78
4.607170,16.78
4.606151,16.78
4.605133,16.78
4.604115,16.78
4.603098,16.77
4.602060,16.77
4.601044,16.76
4.600028,16.76
4.599012,16.75
4.597997,16.75
4.596961,16.75
4.595947,16.76
4.594934,16.78
4.593920,16.80
4.592887,16.82
4.591874,16.84
4.590862,16.84
4.589851,16.84
4.588840,16.83
4.587808,16.82
4.586798,16.80
4.585789,16.79
4.584779,16.77
4.583771,16.76
4.582741,16.76
4.581734,16.75
4.580726,16.75
4.579719,16.75
4.578713,16.75
4.577686,16.75
4.576680,16.75
4.575675,16.76
4.574670,16.76
4.573645,16.77
4.572641,16.78
4.571638,16.78
4.570635,16.79
4.569632,16.80
4.568609,16.80
4.567607,16.81
4.566606,16.82
4.565605,16.83
4.564605,16.83
4.563584,16.83
4.562585,16.84
4.561586,16.84
4.560587,16.83
4.559568,16.83
4.558571,16.83
4.557574,16.83
4.556577,16.84
4.555580,16.85
4.554564,16.86
4.553568,16.87
4.552573,16.87
4.551578,16.88
4.550584,16.87
4.549570,16.86
4.548577,16.85
4.547584,16.84
4.546591,16.83
4.545579,16.83
4.544587,16.83
4.543596,16.84
4.542605,16.85
4.541615,16.87
4.540604,16.88
4.539615,16.89
4.538626,16.89
4.537637,16.88
4.536649,16.88
4.535641,16.87
4.534654,16.86
4.533667,16.85
4.532681,16.85
4.531695,16.86
4.530689,16.87
4.529704,16.88
4.528719,16.90
4.527735,16.91
4.526730,16.92
4.525747,16.92
4.524764,16.92
4.523782,16.92
4.522799,16.91
4.521797,16.91
4.520816,16.91
4.519835,16.91
4.518855,16.91
4.517875,16.91
4.516875,16.92
4.515896,16.92
4.514917,16.93
4.513939,16.93
4.512961,16.93
4.511963,16.93
4.510987,16.93
4.510010,16.93
4.509034,16.93
4.508038,16.93
4.507063,16.93
4.506088,16.94
4.505113,16.94
4.504139,16.95
4.503145,16.96
4.502172,16.97
4.501200,16.97
4.500227,16.97
4.499255,16.97
4.498264,16.96
4.497293,16.95
4.496322,16.94
4.495352,16.93
4.494362,16.92
4.493392,16.91
4.492424,16.91
4.491455,16.91
4.490487,16.92
4.489499,16.94
4.488532,16.95
4.487565,16.97
4.486599,16.99
4.485633,17.00
4.484647,17.00
4.483682,17.00
4.482717,17.00
4.481753,16.98
4.480769,16.97
4.479805,16.95
4.478842,16.95
4.477879,16.94
4.476917,16.95
4.475935,16.95
4.474974,16.96
4.474013,16.97
4.473052,16.98
4.472092,16.98
4.471112,16.98
4.470153,16.98
4.469194,16.98
4.468235,16.97
4.467277,16.97
4.466300,16.97
4.465342,16.96
4.464385,16.95
4.463429,16.94
4.462453,16.94
4.461497,16.94
4.460542,16.94
4.459587,16.95
4.458633,16.96
4.457659,16.97
4.456705,16.97
4.455752,16.97
4.454799,16.97
4.453847,16.97
4.452875,16.98
4.451924,16.98
4.450973,16.99
4.450022,16.99
4.449052,17.00
4.448102,17.01
4.447152,17.02
4.446203,17.02
4.445254,17.03
4.444286,17.03
4.443339,17.04
4.442391,17.05
4.441444,17.06
4.440497,17.07
4.439531,17.08
4.438586,17.09
4.437640,17.10
4.436695,17.11
4.435731,17.11
4.434786,17.12
4.433843,17.13
4.432899,17.14
4.431956,17.15
4.430994,17.16
4.430052,17.17
4.429110,17.17
4.428168,17.18
4.427227,17.18
4.426267,17.18
4.425327,17.18
4.424387,17.18
4.423448,17.19
4.422509,17.20
4.421551,17.22
4.420612,17.23
4.419675,17.25
4.418737,17.26
4.417781,17.26
4.416844,17.27
4.415908,17.27
4.414972,17.28
4.414037,17.29
4.413082,17.30
4.412148,17.31
4.411213,17.32
4.410279,17.32
4.409346,17.33
4.408394,17.32
4.407461,17.32
4.406529,17.32
4.405597,17.31
4.404646,17.31
4.403715,17.30
4.402784,17.30
4.401854,17.29
4.400924,17.28
4.399975,17.27
4.399046,17.27
4.398118,17.26
4.397189,17.27
4.396261,17.27
4.395315,17.27
4.394387,17.27
4.393461,17.27
4.392534,17.26
4.391609,17.26
4.390664,17.25
4.389739,17.25
4.388814,17.24
4.387889,17.23
4.386946,17.23
4.386023,17.23
4.385099,17.22
4.384177,17.22
4.383254,17.22
4.382313,17.22
4.381391,17.22
4.380470,17.22
4.379549,17.22
4.378629,17.23
4.377690,17.24
4.376770,17.26
4.375851,17.29
4.374932,17.31
4.373994,17.34
4.373076,17.36
4.372158,17.37
4.371241,17.38
4.370324,17.39
4.369388,17.40
4.368472,17.41
4.367556,17.43
4.366641,17.46
4.365726,17.50
4.364792,17.55
4.363878,17.60
4.362964,17.64
4.362050,17.69
4.361118,17.73
4.360205,17.76
4.359293,17.79
4.358381,17.82
4.357469,17.83
4.356539,17.84
4.355628,17.84
4.354718,17.85
4.353808,17.85
4.352898,17.87
4.351970,17.89
4.351061,17.93
4.350152,17.98
4.349244,18.04
4.348337,18.09
4.347410,18.15
4.346503,18.20
4.345597,18.23
4.344690,18.26
4.343766,18.28
4.342860,18.30
4.341955,18.31
4.341050,18.34
4.340146,18.37
4.339223,18.41
4.338320,18.46
4.337416,18.52
4.336513,18.59
4.335611,18.67
4.334690,18.73
4.333788,18.79
4.332887,18.85
4.331986,18.89
4.331067,18.92
4.330167,18.96
4.329267,18.99
4.328367,19.04
4.327468,19.09
4.326551,19.15
4.325652,19.22
4.324754,19.29
4.323857,19.36
4.322960,19.43
4.322044,19.51
4.321148,19.59
4.320252,19.68
4.319356,19.78
4.318461,19.88
4.317547,19.98
4.316652,20.08
4.315758,20.18
4.314864,20.26
4.313952,20.34
4.313059,20.40
4.312166,20.46
4.311274,20.52
4.310382,20.58
4.309472,20.65
4.308581,20.74
4.307690,20.85
4.306799,20.97
4.305909,21.11
4.305001,21.26
4.304111,21.40
4.303222,21.53
4.302334,21.66
4.301427,21.77
4.300539,21.88
4.299651,21.98
4.298764,22.08
4.297877,22.19
4.296972,22.30
4.296086,22.40
4.295201,22.50
4.294315,22.57
4.293430,22.62
4.292527,22.66
4.291643,22.68
4.290759,22.70
4.289875,22.71
4.288992,22.72
4.288091,22.74
4.287209,22.76
4.286327,22.78
4.285445,22.80
4.284545,22.83
4.283664,22.86
4.282784,22.89
4.281903,22.92
4.281024,22.94
4.280126,22.96
4.279247,22.98
4.278368,23.01
4.277489,23.04
4.276611,23.08
4.275715,23.13
4.274838,23.19
4.273961,23.25
4.273084,23.31
4.272190,23.36
4.271314,23.39
4.270438,23.40
4.269563,23.39
4.268688,23.35
4.267796,23.29
4.266922,23.18
4.266048,23.03
4.265174,22.83
4.264301,22.58
4.263411,22.29
4.262538,21.98
4.261666,21.69
4.260795,21.42
4.259905,21.20
4.259034,21.05
4.258164,20.97
4.257294,20.97
4.256424,21.04
4.255536,21.18
4.254667,21.41
4.253799,21.70
4.252930,22.03
4.252062,22.40
4.251177,22.76
4.250309,23.10
4.249442,23.41
4.248576,23.69
4.247709,23.94
4.246825,24.17
4.245960,24.39
4.245095,24.60
4.244230,24.80
4.243347,24.98
4.242483,25.15
4.241620,25.29
4.240756,25.41
4.239893,25.49
4.239012,25.53
4.238150,25.55
4.237288,25.55
4.236426,25.56
4.235565,25.60
4.234686,25.65
4.233826,25.71
4.232965,25.74
4.232106,25.72
4.231228,25.63
4.230369,25.49
4.229510,25.30
4.228652,25.10
4.227794,24.91
4.226918,24.73
4.226060,24.56
4.225203,24.38
4.224347,24.19
4.223490,23.98
4.222616,23.74
4.221761,23.49
4.220905,23.22
4.220050,22.96
4.219178,22.69
4.218324,22.43
4.217470,22.17
4.216616,21.91
4.215763,21.66
4.214892,21.41
4.214039,21.18
4.213187,20.96
4.212335,20.76
4.211484,20.56
4.210615,20.38
4.209764,20.20
4.208914,20.03
4.208063,19.86
4.207214,19.69
4.206347,19.53
4.205497,19.37
4.204649,19.21
4.203800,19.05
4.202934,18.90
4.202087,18.75
4.201239,18.61
4.200392,18.48
4.199546,18.35
4.198682,18.23
4.197836,18.12
4.196990,18.02
4.196145,17.93
4.195300,17.85
4.194437,17.79
4.193593,17.72
4.192749,17.67
4.191905,17.62
4.191062,17.57
4.190202,17.53
4.189359,17.50
4.188517,17.46
4.187675,17.44
4.186816,17.41
4.185974,17.39
4.185134,17.37
4.184293,17.36
4.183453,17.35
4.182595,17.35
4.181756,17.36
4.180917,17.37
4.180078,17.39
4.179239,17.42
4.178384,17.44
4.177546,17.45
4.176708,17.46
4.175871,17.47
4.175017,17.46
4.174180,17.46
4.173344,17.45
4.172508,17.45
4.171673,17.45
4.170820,17.44
4.169985,17.44
4.169151,17.44
4.168317,17.44
4.167483,17.44
4.166632,17.43
4.165799,17.44
4.164966,17.44
4.164133,17.44
4.163284,17.45
4.162452,17.46
4.161621,17.46
4.160790,17.47
4.159959,17.47
4.159111,17.47
4.158281,17.46
4.157451,17.46
4.156621,17.46
4.155792,17.47
4.154946,17.47
4.154118,17.48
4.153290,17.49
4.152462,17.50
4.151634,17.51
4.150790,17.51
4.149963,17.52
4.149137,17.53
4.148310,17.53
4.147467,17.54
4.146642,17.54
4.145817,17.53
4.144992,17.52
4.144167,17.51
4.143326,17.50
4.142502,17.49
4.141679,17.48
4.140855,17.48
4.140032,17.47
4.139193,17.47
4.138371,17.47
4.137549,17.47
4.136727,17.48
4.135889,17.49
4.135068,17.50
4.134247,17.51
4.133427,17.53
4.132607,17.54
4.131770,17.54
4.130951,17.54
4.130132,17.53
4.129314,17.51
4.128495,17.49
4.127660,17.47
4.126843,17.46
4.126025,17.45
4.125208,17.46
4.124392,17.47
4.123558,17.49
4.122742,17.51
4.121927,17.53
4.121111,17.54
4.120279,17.55
4.119464,17.55
4.118650,17.55
4.117836,17.54
4.117022,17.54
4.116192,17.53
4.115379,17.53
4.114566,17.52
4.113754,17.52
4.112941,17.51
4.112113,17.51
4.111301,17.50
4.110490,17.49
4.109679,17.50
4.108852,17.51
4.108041,17.53
4.107232,17.55
4.106422,17.57
4.105613,17.59
4.104787,17.61
4.103978,17.61
4.103170,17.61
4.102362,17.60
4.101554,17.58
4.100730,17.56
4.099923,17.55
4.099117,17.54
4.098310,17.54
4.097487,17.54
4.096682,17.54
4.095876,17.55
4.095071,17.55
4.094266,17.56
4.093445,17.56
4.092641,17.56
4.091837,17.56
4.091034,17.56
4.090230,17.57
4.089411,17.57
4.088608,17.57
4.087806,17.57
4.087004,17.57
4.086203,17.58
4.085385,17.58
4.084584,17.58
4.083783,17.58
4.082983,17.57
4.082166,17.57
4.081366,17.57
4.080567,17.57
4.079768,17.57
4.078969,17.58
4.078154,17.58
4.077356,17.58
4.076558,17.59
4.075760,17.59
4.074963,17.59
4.074150,17.59
4.073353,17.58
4.072557,17.58
4.071761,17.58
4.070948,17.58
4.070153,17.59
4.069358,17.60
4.068563,17.60
4.067769,17.61
4.066958,17.61
4.066165,17.61
4.065371,17.61
4.064578,17.60
4.063785,17.60
4.062976,17.60
4.062184,17.60
4.061392,17.60
4.060600,17.60
4.059793,17.60
4.059002,17.60
4.058211,17.60
4.057421,17.59
4.056631,17.59
4.055824,17.59
4.055035,17.59
4.054246,17.60
4.053457,17.60
4.052668,17.61
4.051864,17.61
4.051076,17.62
4.050288,17.62
4.049501,17.62
4.048714,17.62
4.047911,17.61
4.047125,17.61
4.046339,17.61
4.045553,17.62
4.044751,17.62
4.043966,17.63
4.043181,17.64
4.042397,17.66
4.041612,17.67
4.040812,17.68
4.040029,17.69
4.039245,17.70
4.038462,17.70
4.037680,17.69
4.036881,17.69
4.036099,17.68
4.035317,17.68
4.034536,17.67
4.033754,17.68
4.032957,17.68
4.032177,17.69
4.031397,17.70
4.030617,17.70
4.029821,17.71
4.029041,17.70
4.028262,17.70
4.027484,17.69
4.026705,17.69
4.025911,17.69
4.025133,17.70
4.024355,17.71
4.023578,17.72
4.022801,17.73
4.022008,17.73
4.021232,17.73
4.020456,17.73
4.019680,17.72
4.018889,17.72
4.018114,17.72
4.017339,17.73
4.016564,17.73
4.015790,17.74
4.015000,17.74
4.014226,17.75
4.013453,17.75
4.012680,17.75
4.011907,17.76
4.011119,17.76
4.010347,17.76
4.009575,17.77
4.008803,17.78
4.008016,17.79
4.007245,17.79
4.006474,17.80
4.005704,17.80
4.004934,17.80
4.004148,17.80
4.003379,17.79
4.002610,17.78
4.001841,17.77
4.001072,17.76
4.000288,17.74
3.999520,17.72
3.998752,17.71
3.997985,17.69
3.997218,17.69
3.996435,17.68
3.995669,17.68
3.994903,17.69
3.994137,17.70
3.993355,17.71
3.992590,17.73
3.991825,17.74
3.991060,17.74
3.990296,17.75
3.989516,17.75
3.988752,17.76
3.987988,17.77
3.987225,17.77
3.986462,17.78
3.985683,17.79
3.984921,17.80
3.984159,17.80
3.983397,17.81
3.982620,17.81
3.981859,17.81
3.981098,17.81
3.980337,17.81
3.979577,17.81
3.978801,17.81
3.978041,17.80
3.977282,17.79
3.976523,17.78
3.975764,17.76
3.974989,17.75
3.974231,17.74
3.973473,17.73
3.972715,17.74
3.971942,17.74
3.971185,17.75
3.970428,17.76
3.969672,17.76
3.968915,17.77
3.968144,17.77
3.967388,17.78
3.966633,17.79
3.965878,17.80
3.965123,17.81
3.964353,17.82
3.963598,17.83
3.962844,17.84
3.962091,17.85
3.961337,17.86
3.960569,17.86
3.959816,17.87
3.959063,17.88
3.958311,17.89
3.957543,17.89
3.956792,17.89
3.956040,17.88
3.955289,17.87
3.954539,17.86
3.953772,17.85
3.953022,17.84
3.952272,17.83
3.951523,17.83
3.950773,17.83
3.950009,17.82
3.949260,17.82
3.948511,17.81
3.947763,17.80
3.947000,17.79
3.946252,17.78
3.945505,17.78
3.944758,17.78
3.944011,17.78
3.943249,17.80
3.942503,17.81
3.941757,17.82
3.941011,17.84
3.940266,17.85
3.939505,17.85
3.938760,17.86
3.938016,17.86
3.937271,17.87
3.936527,17.88
3.935768,17.88
3.935025,17.89
3.934282,17.89
3.933539,17.88
3.932781,17.87
3.932039,17.86
3.931297,17.85
3.930555,17.84
3.929814,17.84
3.929057,17.84
3.928316,17.84
3.927576,17.85
3.926835,17.86
3.926095,17.87
3.925340,17.88
3.924601,17.89
3.923861,17.89
3.923122,17.89
3.922368,17.90
3.921630,17.90
3.920892,17.90
3.920154,17.91
3.919417,17.92
3.918664,17.93
3.917927,17.93
3.917191,17.94
3.916454,17.94
3.915718,17.93
3.914967,17.92
3.914231,17.91
3.913496,17.90
3.912761,17.89
3.912011,17.88
3.911277,17.87
3.910542,17.87
3.909809,17.88
3.909075,17.89
3.908326,17.90
3.907593,17.92
3.906860,17.94
3.906128,17.96
3.905396,17.97
3.904648,17.98
3.903917,17.98
3.903185,17.98
3.902454,17.98
3.901723,17.98
3.900978,17.96
3.900247,17.95
3.899517,17.93
3.898787,17.91
3.898043,17.88
3.897314,17.86
3.896585,17.84
3.895856,17.82
3.895128,17.81
3.894384,17.81
3.893656,17.82
3.892929,17.84
3.892202,17.86
3.891475,17.89
3.890733,17.92
3.890006,17.95
3.889280,17.97
3.888554,18.00
3.887813,18.02
3.887088,18.03
3.886363,18.05
3.885638,18.05
3.884913,18.06
3.884174,18.07
3.883450,18.07
3.882726,18.07
3.882003,18.06
3.881279,18.04
3.880541,18.02
3.879819,18.00
3.879096,17.98
3.878374,17.96
3.877652,17.95
3.876916,17.95
3.876194,17.94
3.875473,17.94
3.874753,17.95
3.874017,17.95
3.873297,17.96
3.872577,17.97
3.871857,17.98
3.871138,17.98
3.870403,17.99
3.869685,17.99
3.868966,17.99
3.868247,17.99
3.867529,17.98
3.866797,17.99
3.866079,17.99
3.865362,18.00
3.864645,18.01
3.863913,18.03
3.863196,18.04
3.862480,18.06
3.861764,18.09
3.861049,18.11
3.860318,18.13
3.859603,18.15
3.858888,18.16
3.858174,18.17
3.857459,18.17
3.856730,18.17
3.856016,18.17
3.855303,18.16
3.854589,18.15
3.853876,18.14
3.853149,18.14
3.852436,18.13
3.851724,18.12
3.851012,18.12
3.850285,18.11
3.849574,18.10
3.848863,18.10
3.848152,18.10
3.847441,18.10
3.846716,18.10
3.846006,18.11
3.845296,18.11
3.844586,18.11
3.843877,18.11
3.843153,18.10
3.842444,18.10
3.841736,18.09
3.841028,18.08
3.840305,18.07
3.839597,18.06
3.838889,18.06
3.838182,18.06
3.837475,18.06
3.836754,18.07
3.836047,18.07
3.835341,18.08
3.834635,18.09
3.833930,18.10
3.833209,18.11
3.832504,18.12
3.831799,18.13
3.831095,18.14
3.830376,18.14
3.829672,18.15
3.828968,18.15
3.828264,18.15
3.827561,18.15
3.826843,18.15
3.826140,18.15
3.825438,18.15
3.824735,18.15
3.824033,18.15
3.823317,18.15
3.822615,18.15
3.821914,18.15
3.821213,18.15
3.820512,18.14
3.819797,18.14
3.819097,18.14
3.818397,18.14
3.817697,18.14
3.816983,18.15
3.816284,18.15
3.815585,18.16
3.814886,18.16
3.814188,18.17
3.813475,18.16
3.812777,18.16
3.812080,18.16
3.811382,18.16
3.810685,18.16
3.809974,18.16
3.809277,18.17
3.808581,18.17
3.807885,18.17
3.807174,18.16
3.806479,18.15
3.805783,18.15
3.805088,18.14
3.804393,18.14
3.803684,18.15
3.802990,18.16
3.802296,18.17
3.801602,18.17
3.800908,18.18
3.800201,18.18
3.799508,18.18
3.798815,18.18
3.798122,18.18
3.797415,18.17
3.796723,18.17
3.796032,18.17
3.795340,18.16
3.794649,18.16
3.793943,18.16
3.793253,18.16
3.792562,18.16
3.791872,18.17
3.791182,18.17
3.790478,18.17
3.789788,18.17
3.789099,18.17
3.788410,18.17
3.787721,18.17
3.787018,18.18
3.786330,18.18
3.785642,18.19
3.784954,18.20
3.784252,18.21
3.783565,18.22
3.782878,18.23
3.782191,18.24
3.781505,18.24
3.780804,18.23
3.780118,18.23
3.779432,18.22
3.778747,18.21
3.778062,18.20
3.777362,18.19
3.776678,18.19
3.775993,18.19
3.775309,18.20
3.774625,18.21
3.773927,18.22
3.773243,18.24
3.772560,18.25
3.771877,18.26
3.771180,18.27
3.770497,18.27
3.769815,18.27
3.769133,18.26
3.768451,18.25
3.767756,18.24
3.767074,18.23
3.766393,18.22
3.765712,18.21
3.765032,18.22
3.764337,18.22
3.763657,18.23
3.762978,18.24
3.762298,18.25
3.761605,18.26
3.760925,18.26
3.760247,18.27
3.759568,18.27
3.758890,18.28
3.758198,18.29
3.757520,18.29
3.756842,18.29
3.756165,18.29
3.755488,18.28
3.754797,18.27
3.754120,18.26
3.753444,18.24
3.752768,18.23
3.752078,18.22
3.751402,18.21
3.750727,18.20
3.750052,18.20
3.749377,18.20
3.748688,18.21
3.748014,18.22
3.747339,18.23
3.746665,18.25
3.745992,18.26
3.745304,18.28
3.744631,18.30
3.743958,18.32
3.743285,18.34
3.742613,18.36
3.741927,18.37
3.741255,18.38
3.740583,18.39
3.739912,18.40
3.739226,18.40
3.738555,18.41
3.737885,18.40
3.737214,18.40
3.736544,18.40
3.735860,18.40
3.735190,18.39
3.734520,18.39
3.733851,18.39
3.733182,18.39
3.732499,18.38
3.731831,18.37
3.731162,18.36
3.730494,18.34
3.729812,18.32
3.729145,18.31
3.728477,18.30
3.727810,18.30
3.727143,18.30
3.726463,18.31
3.725796,18.32
3.725130,18.34
3.724464,18.34
3.723798,18.35
3.723119,18.35
3.722454,18.34
3.721789,18.34
3.721124,18.33
3.720460,18.33
3.719781,18.33
3.719117,18.33
3.718454,18.33
3.717790,18.34
3.717113,18.34
3.716450,18.35
3.715787,18.35
3.715124,18.35
3.714462,18.35
3.713786,18.35
3.713124,18.34
3.712462,18.34
3.711801,18.34
3.711140,18.34
3.710465,18.35
3.709804,18.36
3.709144,18.37
3.708484,18.38
3.707810,18.39
3.707150,18.39
3.706490,18.39
3.705831,18.38
3.705172,18.37
3.704499,18.36
3.703841,18.35
3.703183,18.33
3.702524,18.33
3.701866,18.32
3.701195,18.33
3.700538,18.34
3.699880,18.37
3.699224,18.40
3.698553,18.43
3.697897,18.46
3.697240,18.48
3.696584,18.50
3.695929,18.51
3.695259,18.52
3.694604,18.51
3.693949,18.50
3.693294,18.49
3.692639,18.47
3.691971,18.45
3.691317,18.44
3.690663,18.43
3.690010,18.43
3.689356,18.43
3.688689,18.45
3.688036,18.47
3.687384,18.49
3.686731,18.51
3.686065,18.53
3.685413,18.54
3.684761,18.54
3.684110,18.54
3.683458,18.54
3.682794,18.53
3.682143,18.52
3.681492,18.51
3.680842,18.51
3.680191,18.50
3.679528,18.51
3.678878,18.51
3.678229,18.52
3.677579,18.52
3.676917,18.53
3.676268,18.54
3.675619,18.55
3.674971,18.55
3.674323,18.56
3.673661,18.57
3.673014,18.58
3.672366,18.58
3.671719,18.58
3.671072,18.58
3.670412,18.58
3.669765,18.58
3.669119,18.57
3.668473,18.57
3.667827,18.56
3.667168,18.56
3.666522,18.56
3.665877,18.55
3.665232,18.55
3.664574,18.54
3.663930,18.54
3.663285,18.53
3.662641,18.52
3.661998,18.51
3.661341,18.51
3.660697,18.51
3.660054,18.51
3.659411,18.52
3.658769,18.53
3.658113,18.54
3.657471,18.56
3.656829,18.57
3.656187,18.57
3.655532,18.58
3.654891,18.57
3.654250,18.57
3.653609,18.57
3.652968,18.57
3.652314,18.57
3.651674,18.58
3.651034,18.59
3.650394,18.60
3.649755,18.61
3.649102,18.61
3.648463,18.61
3.647824,18.61
3.647186,18.60
3.646547,18.60
3.645896,18.59
3.645258,18.59
3.644620,18.59
3.643983,18.59
3.643332,18.59
3.642695,18.59
3.642058,18.60
3.641422,18.60
3.640786,18.60
3.640136,18.61
3.639500,18.62
3.638865,18.63
3.638229,18.64
3.637594,18.65
3.636946,18.65
3.636311,18.66
3.635676,18.66
3.635042,18.65
3.634394,18.64
3.633761,18.63
3.633127,18.61
3.632493,18.59
3.631860,18.57
3.631214,18.56
3.630581,18.54
3.629949,18.54
3.629316,18.54
3.628684,18.55
3.628039,18.56
3.627407,18.58
3.626776,18.60
3.626145,18.62
3.625500,18.63
3.624870,18.64
3.624239,18.64
3.623609,18.64
3.622978,18.64
3.622335,18.63
3.621706,18.63
3.621076,18.62
3.620447,18.61
3.619818,18.61
3.619176,18.60
3.618547,18.60
3.617919,18.61
3.617291,18.61
3.616663,18.61
3.616022,18.61
3.615394,18.61
3.614767,18.62
3.614140,18.62
3.613500,18.62
3.612873,18.62
3.612247,18.62
3.611621,18.62
3.610995,18.63
3.610356,18.63
3.609730,18.63
3.609105,18.64
3.608480,18.65
3.607855,18.66
3.607217,18.68
3.606593,18.70
3.605969,18.72
3.605345,18.74
3.604708,18.75
3.604084,18.75
3.603461,18.76
3.602838,18.75
3.602215,18.75
3.601579,18.74
3.600956,18.73
3.600334,18.73
3.599712,18.72
3.599090,18.72
3.598456,18.73
3.597834,18.74
3.597213,18.76
3.596592,18.78
3.595958,18.79
3.595338,18.80
3.594717,18.81
3.594097,18.81
3.593477,18.80
3.592844,18.80
3.592225,18.79
3.591606,18.78
3.590987,18.78
3.590368,18.77
3.589736,18.77
3.589118,18.77
3.588500,18.77
3.587882,18.78
3.587264,18.78
3.586633,18.79
3.586016,18.80
3.585399,18.80
3.584782,18.81
3.584152,18.81
3.583536,18.80
3.582920,18.80
3.582303,18.79
3.581688,18.79
3.581059,18.79
3.580444,18.79
3.579828,18.79
3.579213,18.79
3.578599,18.79
3.577971,18.79
3.577357,18.80
3.576743,18.81
3.576129,18.83
3.575502,18.84
3.574889,18.86
3.574275,18.87
3.573662,18.87
3.573049,18.86
3.572424,18.85
3.571811,18.83
3.571199,18.82
3.570587,18.80
3.569975,18.79
3.569351,18.78
3.568739,18.78
3.568128,18.78
3.567517,18.77
3.566906,18.78
3.566283,18.78
3.565673,18.78
3.565062,18.78
3.564452,18.78
3.563830,18.79
3.563220,18.79
3.562611,18.79
3.562002,18.79
3.561393,18.78
3.560772,18.78
3.560163,18.78
3.559555,18.78
3.558947,18.78
3.558339,18.78
3.557719,18.79
3.557111,18.80
3.556504,18.80
3.555897,18.80
3.555277,18.79
3.554671,18.79
3.554064,18.78
3.553458,18.77
3.552852,18.77
3.552234,18.76
3.551628,18.77
3.551023,18.77
3.550418,18.78
3.549813,18.78
3.549195,18.79
3.548591,18.79
3.547987,18.79
3.547382,18.80
3.546778,18.80
3.546162,18.80
3.545559,18.81
3.544955,18.81
3.544352,18.82
3.543737,18.83
3.543134,18.83
3.542532,18.83
3.541929,18.84
3.541327,18.84
3.540713,18.85
3.540111,18.85
3.539510,18.86
3.538909,18.86
3.538307,18.87
3.537694,18.88
3.537093,18.89
3.536493,18.90
3.535893,18.91
3.535280,18.91
3.534681,18.91
3.534081,18.91
3.533482,18.89
3.532882,18.88
3.532271,18.85
3.531672,18.83
3.531073,18.81
3.530475,18.79
3.529877,18.77
3.529266,18.77
3.528669,18.78
3.528071,18.79
3.527474,18.81
3.526864,18.83
3.526267,18.85
3.525670,18.87
3.525074,18.89
3.524477,18.91
3.523869,18.92
3.523273,18.93
3.522677,18.94
3.522082,18.95
3.521486,18.96
3.520879,18.97
3.520284,18.97
3.519689,18.96
3.519095,18.96
3.518500,18.95
3.517894,18.94
3.517300,18.93
3.516706,18.92
3.516113,18.91
3.515507,18.89
3.514914,18.88
3.514321,18.86
3.513728,18.85
3.513136,18.84
3.512531,18.84
3.511939,18.84
3.511347,18.83
3.510755,18.83
3.510164,18.81
3.509560,18.80
3.508969,18.77
3.508378,18.75
3.507787,18.73
3.507184,18.71
3.506594,18.70
3.506004,18.70
3.505414,18.71
3.504824,18.73
3.504223,18.74
3.503633,18.77
3.503044,18.78
3.502455,18.79
3.501866,18.80
3.501266,18.79
3.500677,18.78
3.500089,18.77
3.499501,18.75
3.498914,18.74
3.498314,18.74
3.497726,18.74
3.497139,18.76
3.496552,18.78
3.495953,18.81
3.495367,18.83
3.494781,18.86
3.494194,18.87
3.493608,18.89
3.493010,18.90
3.492425,18.91
3.491840,18.91
3.491254,18.92
3.490669,18.92
3.490072,18.93
3.489488,18.93
3.488904,18.93
3.488319,18.93
3.487723,18.92
3.487139,18.92
3.486556,18.91
3.485972,18.90
3.485389,18.88
3.484794,18.87
3.484211,18.86
3.483629,18.86
3.483046,18.85
3.482464,18.86
3.481870,18.86
3.481288,18.88
3.480706,18.89
3.480125,18.90
3.479532,18.92
3.478951,18.94
3.478370,18.95
3.477789,18.97
3.477209,18.99
3.476616,19.00
3.476036,19.01
3.475456,19.01
3.474877,19.01
3.474297,19.01
3.473706,19.01
3.473127,19.01
3.472548,19.01
3.471969,19.01
3.471391,19.02
3.470800,19.02
3.470222,19.03
3.469644,19.03
3.469066,19.03
3.468477,19.03
3.467899,19.03
3.467322,19.02
3.466745,19.01
3.466168,18.99
3.465580,18.97
3.465003,18.96
3.464427,18.94
3.463851,18.94
3.463275,18.93
3.462688,18.93
3.462112,18.93
3.461537,18.94
3.460962,18.93
3.460375,18.93
3.459801,18.91
3.459226,18.90
3.458652,18.89
3.458078,18.88
3.457492,18.88
3.456918,18.88
3.456345,18.89
3.455771,18.90
3.455198,18.92
3.454613,18.93
3.454041,18.94
3.453468,18.95
3.452896,18.96
3.452323,18.97
3.451740,18.97
3.451168,18.96
3.450596,18.96
3.450025,18.95
3.449442,18.94
3.448870,18.94
3.448300,18.94
3.447729,18.93
3.447159,18.94
3.446576,18.94
3.446006,18.94
3.445436,18.95
3.444867,18.95
3.444297,18.95
3.443716,18.95
3.443147,18.94
3.442578,18.93
3.442009,18.91
3.441429,18.89
3.440860,18.88
3.440292,18.87
3.439724,18.87
3.439156,18.88
3.438577,18.89
3.438009,18.91
3.437442,18.93
3.436875,18.94
3.436308,18.94
3.435730,18.94
3.435163,18.92
3.434597,18.90
3.434031,18.88
3.433465,18.86
3.432887,18.84
3.432321,18.83
3.431756,18.83
3.431191,18.84
3.430614,18.84
3.430049,18.85
3.429485,18.86
3.428920,18.87
3.428356,18.87
3.427780,18.87
3.427216,18.87
3.426653,18.86
3.426089,18.85
3.425526,18.84
3.424951,18.84
3.424388,18.84
3.423825,18.84
3.423262,18.85
3.422688,18.86
3.422126,18.88
3.421564,18.89
3.421002,18.91
3.420441,18.93
3.419867,18.95
3.419306,18.96
3.418745,18.97
3.418184,18.97
3.417623,18.96
3.417051,18.95
3.416491,18.95
3.415931,18.94
3.415371,18.93
3.414799,18.93
3.414239,18.92
3.413680,18.92
3.413121,18.91
3.412562,18.90
3.411991,18.89
3.411432,18.88
3.410874,18.86
3.410316,18.85
3.409757,18.85
3.409188,18.86
3.408630,18.87
3.408072,18.89
3.407515,18.91
3.406958,18.94
3.406389,18.96
3.405832,18.97
3.405275,18.99
3.404719,18.99
3.404151,19.00
3.403595,18.99
3.403039,18.99
3.402483,18.98
3.401928,18.98
3.401361,18.97
3.400805,18.97
3.400250,18.97
3.399695,18.98
3.399141,18.99
3.398575,18.99
3.398020,19.00
3.397466,19.00
3.396912,19.00
3.396347,19.01
3.395793,19.01
3.395240,19.03
3.394687,19.04
3.394134,19.05
3.393569,19.07
3.393016,19.08
3.392464,19.08
3.391912,19.09
3.391359,19.09
3.390796,19.09
3.390244,19.09
3.389693,19.09
3.389141,19.09
3.388590,19.08
3.388027,19.08
3.387476,19.07
3.386926,19.06
3.386375,19.06
3.385813,19.06
3.385263,19.07
3.384713,19.08
3.384163,19.09
3.383614,19.10
3.383053,19.11
3.382504,19.11
3.381955,19.12
3.381406,19.12
3.380857,19.12
3.380297,19.13
3.379749,19.15
3.379200,19.17
3.378652,19.19
3.378093,19.21
3.377545,19.23
3.376998,19.24
3.376451,19.25
3.375903,19.24
3.375345,19.24
3.374798,19.23
3.374252,19.23
3.373705,19.22
3.373159,19.22
3.372602,19.22
3.372056,19.22
3.371510,19.21
3.370965,19.20
3.370408,19.20
3.369863,19.19
3.369318,19.19
3.368773,19.20
3.368228,19.22
3.367672,19.23
3.367128,19.24
3.366584,19.25
3.366040,19.26
3.365496,19.26
3.364941,19.26
3.364398,19.27
3.363855,19.28
3.363312,19.29
3.362769,19.30
3.362215,19.31
3.361672,19.32
3.361130,19.32
3.360588,19.32
3.360034,19.32
3.359493,19.33
3.358951,19.33
3.358409,19.35
3.357868,19.36
3.357316,19.39
3.356775,19.41
3.356234,19.44
3.355693,19.46
3.355153,19.48
3.354602,19.50
3.354061,19.50
3.353522,19.50
3.352982,19.48
3.352431,19.46
3.351892,19.43
3.351352,19.41
3.350813,19.39
3.350275,19.39
3.349725,19.40
3.349186,19.41
3.348648,19.43
3.348110,19.44
3.347572,19.45
3.347023,19.45
3.346485,19.45
3.345948,19.44
3.345410,19.42
3.344862,19.41
3.344325,19.40
3.343788,19.40
3.343252,19.41
3.342715,19.42
3.342168,19.44
3.341632,19.45
3.341096,19.46
3.340560,19.47
3.340025,19.46
3.339478,19.45
3.338943,19.44
3.338408,19.43
3.337873,19.42
3.337338,19.42
3.336792,19.43
3.336258,19.45
3.335724,19.46
3.335190,19.47
3.334645,19.48
3.334111,19.48
3.333578,19.48
3.333044,19.47
3.332511,19.46
3.331967,19.44
3.331434,19.44
3.330902,19.43
3.330369,19.43
3.329837,19.44
3.329294,19.46
3.328762,19.48
3.328230,19.50
3.327698,19.52
3.327167,19.54
3.326625,19.55
3.326094,19.56
3.325563,19.55
3.325032,19.55
3.324490,19.53
3.323960,19.52
3.323430,19.51
3.322899,19.50
3.322370,19.49
3.321829,19.50
3.321299,19.50
3.320770,19.52
3.320241,19.54
3.319711,19.56
3.319172,19.58
3.318643,19.59
3.318114,19.60
3.317586,19.60
3.317047,19.59
3.316519,19.58
3.315991,19.56
3.315463,19.55
3.314935,19.55
3.314397,19.54
3.313870,19.55
3.313343,19.56
3.312816,19.57
3.312289,19.58
3.311752,19.59
3.311225,19.60
3.310699,19.60
3.310173,19.59
3.309636,19.58
3.309111,19.57
3.308585,19.56
3.308060,19.55
3.307535,19.55
3.306999,19.56
3.306474,19.56
3.305949,19.58
3.305425,19.59
3.304900,19.60
3.304365,19.61
3.303841,19.62
3.303317,19.62
3.302794,19.62
3.302270,19.63
3.301736,19.63
3.301213,19.64
3.300690,19.65
3.300167,19.67
3.299633,19.69
3.299111,19.70
3.298588,19.71
3.298066,19.71
3.297544,19.71
3.297011,19.70
3.296490,19.68
3.295968,19.67
3.295447,19.66
3.294925,19.65
3.294394,19.65
3.293873,19.63
3.293352,19.62
3.292832,19.60
3.292300,19.59
3.291780,19.59
3.291260,19.59
3.290740,19.60
3.290220,19.62
3.289690,19.64
3.289171,19.66
3.288652,19.66
3.288132,19.66
3.287614,19.65
3.287084,19.63
3.286566,19.62
3.286047,19.60
3.285529,19.59
3.285000,19.59
3.284482,19.59
3.283964,19.60
3.283447,19.61
3.282929,19.62
3.282401,19.63
3.281884,19.64
3.281367,19.65
3.280851,19.66
3.280334,19.66
3.279807,19.65
3.279291,19.64
3.278775,19.62
3.278259,19.60
3.277743,19.58
3.277216,19.56
3.276701,19.55
3.276186,19.55
3.275671,19.56
3.275145,19.58
3.274630,19.61
3.274115,19.65
3.273601,19.69
3.273087,19.72
3.272562,19.74
3.272048,19.75
3.271534,19.75
3.271020,19.74
3.270507,19.73
3.269983,19.71
3.269470,19.70
3.268957,19.69
3.268444,19.68
3.267920,19.68
3.267408,19.68
3.266896,19.68
3.266383,19.69
3.265871,19.70
3.265349,19.72
3.264837,19.74
3.264325,19.75
3.263814,19.77
3.263303,19.78
3.262781,19.78
3.262270,19.79
3.261759,19.79
3.261249,19.79
3.260738,19.79
3.260218,19.77
3.259707,19.76
3.259197,19.74
3.258688,19.72
3.258167,19.71
3.257658,19.71
3.257149,19.71
3.256639,19.72
3.256130,19.74
3.255611,19.74
3.255102,19.75
3.254594,19.74
3.254086,19.73
3.253577,19.72
3.253059,19.71
3.252551,19.71
3.252043,19.73
3.251536,19.75
3.251018,19.77
3.250510,19.80
3.250003,19.82
3.249496,19.84
3.248990,19.85
3.248472,19.86
3.247966,19.86
3.247460,19.85
3.246954,19.84
3.246448,19.82
3.245931,19.80
3.245426,19.79
3.244920,19.77
3.244415,19.76
3.243899,19.75
3.243394,19.75
3.242889,19.74
3.242384,19.73
3.241880,19.73
3.241365,19.73
3.240861,19.73
3.240357,19.74
3.239853,19.75
3.239349,19.76
3.238835,19.78
3.238331,19.79
3.237828,19.79
3.237325,19.79
3.236822,19.78
3.236309,19.77
3.235806,19.75
3.235304,19.73
3.234801,19.72
3.234289,19.71
3.233787,19.71
3.233285,19.72
3.232783,19.74
3.232281,19.78
3.231770,19.82
3.231268,19.85
3.230767,19.88
3.230266,19.90
3.229766,19.91
3.229254,19.90
3.228754,19.90
3.228254,19.89
3.227754,19.89
3.227243,19.90
3.226743,19.91
3.226244,19.93
3.225744,19.94
3.225245,19.95
3.224735,19.95
3.224236,19.94
3.223737,19.93
3.223238,19.91
3.222740,19.90
3.222231,19.88
3.221733,19.87
3.221234,19.86
3.220736,19.85
3.220239,19.85
3.219731,19.85
3.219233,19.86
3.218736,19.86
3.218238,19.86
3.217731,19.87
3.217234,19.88
3.216737,19.89
3.216241,19.90
3.215744,19.92
3.215238,19.93
3.214742,19.95
3.214246,19.96
3.213750,19.97
3.213254,19.97
3.212748,19.98
3.212253,19.98
3.211758,19.98
3.211263,19.98
3.210757,19.98
3.210263,19.98
3.209768,19.98
3.209274,19.98
3.208779,19.97
3.208275,19.97
3.207781,19.96
3.207287,19.95
3.206793,19.94
3.206300,19.93
3.205796,19.93
3.205303,19.92
3.204810,19.93
3.204317,19.94
3.203824,19.95
3.203321,19.96
3.202829,19.97
3.202336,19.97
3.201844,19.96
3.201342,19.95
3.200850,19.94
3.200358,19.93
3.199867,19.93
3.199375,19.94
3.198874,19.95
3.198383,19.97
3.197892,19.99
3.197401,20.00
3.196911,20.01
3.196410,20.02
3.195919,20.02
3.195429,20.02
3.194939,20.02
3.194439,20.03
3.193949,20.03
3.193460,20.03
3.192970,20.02
3.192481,20.01
3.191982,19.99
3.191493,19.97
3.191004,19.95
3.190515,19.93
3.190027,19.91
3.189528,19.90
3.189040,19.90
3.188552,19.89
3.188064,19.89
3.187566,19.90
3.187078,19.90
3.186591,19.92
3.186103,19.93
3.185616,19.95
3.185119,19.97
3.184632,19.98
3.184146,19.99
3.183659,19.99
3.183172,19.99
3.182676,19.99
3.182190,19.99
3.181704,19.98
3.181218,19.98
3.180732,19.98
3.180237,19.97
3.179751,19.97
3.179266,19.97
3.178781,19.97
3.178286,19.98
3.177801,19.99
3.177317,20.00
3.176832,20.02
3.176348,20.03
3.175853,20.04
3.175369,20.04
3.174885,20.03
3.174402,20.02
3.173918,20.00
3.173424,19.99
3.172941,19.97
3.172458,19.97
3.171975,19.97
3.171482,19.97
3.170999,19.98
3.170517,19.99
3.170034,20.00
3.169552,20.00
3.169060,20.00
3.168578,20.00
3.168096,19.99
3.167614,19.99
3.167133,19.98
3.166641,19.98
3.166160,19.98
3.165679,19.99
3.165198,20.00
3.164717,20.01
3.164227,20.02
3.163746,20.02
3.163266,20.03
3.162785,20.03
3.162295,20.04
3.161815,20.05
3.161336,20.06
3.160856,20.07
3.160376,20.07
3.159887,20.07
3.159408,20.07
3.158929,20.06
3.158450,20.06
3.157971,20.06
3.157483,20.07
3.157004,20.08
3.156526,20.09
3.156048,20.10
3.155560,20.11
3.155082,20.11
3.154604,20.10
3.154126,20.08
3.153649,20.07
3.153162,20.05
3.152685,20.04
3.152207,20.04
3.151731,20.04
3.151254,20.05
3.150767,20.06
3.150291,20.08
3.149815,20.10
3.149338,20.12
3.148853,20.15
3.148377,20.17
3.147901,20.20
3.147425,20.22
3.146950,20.23
3.146465,20.24
3.145990,20.24
3.145515,20.22
3.145040,20.21
3.144565,20.19
3.144081,20.17
3.143606,20.15
3.143132,20.15
3.142658,20.15
3.142184,20.16
3.141700,20.17
3.141226,20.17
3.140753,20.18
3.140279,20.17
3.139796,20.16
3.139323,20.14
3.138850,20.12
3.138377,20.11
3.137905,20.11
3.137422,20.11
3.136950,20.11
3.136478,20.12
3.136005,20.12
3.135533,20.12
3.135052,20.12
3.134580,20.11
3.134109,20.10
3.133637,20.09
3.133156,20.09
3.132685,20.09
3.132214,20.09
3.131743,20.09
3.131272,20.10
3.130792,20.12
3.130322,20.13
3.129851,20.14
3.129381,20.16
3.128911,20.17
3.128431,20.18
3.127962,20.18
3.127492,20.18
3.127023,20.17
3.126554,20.17
3.126075,20.16
3.125606,20.16
3.125137,20.16
3.124668,20.16
3.124190,20.16
3.123721,20.17
3.123253,20.17
3.122785,20.17
3.122317,20.16
3.121839,20.16
3.121371,20.15
3.120904,20.15
3.120436,20.15
3.119969,20.15
3.119492,20.15
3.119025,20.16
3.118558,20.16
3.118091,20.17
3.117615,20.19
3.117149,20.20
3.116682,20.21
3.116216,20.21
3.115750,20.21
3.115275,20.21
3.114809,20.20
3.114343,20.19
3.113878,20.19
3.113412,20.19
3.112937,20.21
3.112472,20.22
3.112007,20.24
3.111543,20.25
3.111078,20.26
3.110604,20.26
3.110139,20.25
3.109675,20.25
3.109211,20.24
3.108737,20.24
3.108274,20.24
3.107810,20.24
3.107346,20.25
3.106883,20.25
3.106410,20.25
3.105947,20.24
3.105484,20.24
3.105021,20.24
3.104558,20.25
3.104086,20.27
3.103624,20.30
3.103162,20.33
3.102699,20.37
3.102228,20.40
3.101766,20.42
3.101304,20.43
3.100842,20.43
3.100381,20.41
3.099910,20.39
3.099449,20.37
3.098988,20.35
3.098527,20.33
3.098066,20.32
3.097596,20.31
3.097135,20.31
3.096675,20.30
3.096215,20.29
3.095745,20.28
3.095285,20.27
3.094825,20.27
3.094366,20.28
3.093906,20.30
3.093437,20.32
3.092978,20.34
3.092519,20.35
3.092060,20.36
3.091601,20.35
3.091133,20.33
3.090674,20.31
3.090216,20.29
3.089757,20.28
3.089299,20.27
3.088832,20.27
3.088374,20.29
3.087916,20.31
3.087458,20.34
3.086991,20.37
3.086534,20.39
3.086077,20.41
3.085620,20.43
3.085163,20.43
3.084697,20.43
3.084240,20.43
3.083783,20.43
3.083327,20.43
3.082871,20.43
3.082405,20.43
3.081949,20.43
3.081493,20.42
3.081037,20.41
3.080572,20.39
3.080117,20.37
3.079662,20.35
3.079206,20.33
3.078751,20.32
3.078287,20.30
3.077832,20.28
3.077378,20.27
3.076923,20.26
3.076469,20.25
3.076005,20.25
3.075551,20.27
3.075097,20.29
3.074643,20.32
3.074180,20.36
3.073726,20.40
3.073273,20.43
3.072820,20.45
3.072367,20.47
3.071904,20.47
3.071451,20.47
3.070998,20.47
3.070546,20.45
3.070093,20.43
3.069632,20.41
3.069179,20.40
3.068727,20.38
3.068275,20.38
3.067823,20.37
3.067362,20.37
3.066911,20.37
3.066459,20.37
3.066008,20.37
3.065548,20.36
3.065097,20.36
3.064646,20.36
3.064195,20.37
3.063744,20.37
3.063284,20.38
3.062834,20.39
3.062384,20.40
3.061934,20.40
3.061484,20.41
3.061025,20.41
3.060575,20.42
3.060125,20.44
3.059676,20.46
3.059227,20.48
3.058768,20.50
3.058319,20.51
3.057870,20.52
3.057421,20.52
3.056963,20.53
3.056515,20.53
3.056067,20.53
3.055618,20.53
3.055170,20.54
3.054713,20.55
3.054265,20.56
3.053817,20.57
3.053370,20.57
3.052922,20.56
3.052466,20.55
3.052019,20.53
3.051572,20.51
3.051125,20.48
3.050669,20.47
3.050222,20.45
3.049775,20.45
3.049329,20.46
3.048883,20.46
3.048427,20.48
3.047981,20.49
3.047535,20.51
3.047090,20.52
3.046644,20.53
3.046189,20.55
3.045744,20.56
3.045299,20.57
3.044854,20.57
3.044400,20.57
3.043955,20.56
3.043510,20.55
3.043065,20.54
3.042621,20.54
3.042167,20.53
3.041723,20.54
3.041279,20.55
3.040835,20.57
3.040392,20.59
3.039939,20.61
3.039495,20.62
3.039052,20.64
3.038609,20.65
3.038165,20.65
3.037713,20.66
3.037270,20.66
3.036828,20.66
3.036385,20.66
3.035933,20.66
3.035491,20.66
3.035049,20.66
3.034607,20.65
3.034165,20.64
3.033714,20.63
3.033272,20.61
3.032830,20.59
3.032389,20.57
3.031948,20.56
3.031497,20.55
3.031056,20.54
3.030615,20.53
3.030174,20.52
3.029725,20.51
3.029284,20.51
3.028844,20.51
3.028403,20.51
3.027963,20.52
3.027514,20.54
3.027074,20.55
3.026634,20.57
3.026195,20.58
3.025755,20.59
3.025307,20.60
3.024867,20.61
3.024428,20.62
3.023989,20.64
3.023541,20.65
3.023103,20.66
3.022664,20.66
3.022225,20.65
3.021787,20.63
3.021340,20.62
3.020902,20.60
3.020464,20.60
3.020026,20.61
3.019588,20.62
3.019141,20.64
3.018704,20.66
3.018267,20.69
3.017829,20.70
3.017392,20.71
3.016946,20.72
3.016509,20.71
3.016073,20.70
3.015636,20.69
3.015191,20.67
3.014754,20.65
3.014318,20.63
3.013882,20.61
3.013446,20.59
3.013001,20.58
3.012565,20.57
3.012130,20.57
3.011694,20.57
3.011259,20.58
3.010815,20.58
3.010380,20.59
3.009945,20.60
3.009510,20.62
3.009066,20.65
3.008632,20.69
3.008197,20.72
3.007763,20.75
3.007329,20.77
3.006886,20.78
3.006452,20.77
3.006018,20.76
3.005584,20.73
3.005151,20.71
3.004708,20.69
3.004275,20.67
3.003842,20.67
3.003409,20.67
3.002976,20.67
3.002534,20.69
3.002101,20.70
3.001669,20.72
3.001237,20.74
3.000795,20.76
3.000363,20.78
2.999931,20.80
2.999499,20.81
2.999067,20.82
2.998627,20.82
2.998195,20.81
2.997764,20.80
2.997332,20.79
2.996901,20.78
2.996461,20.77
2.996030,20.76
2.995599,20.76
2.995169,20.75
2.994729,20.75
2.994299,20.76
2.993869,20.76
2.993438,20.77
2.993008,20.77
2.992569,20.77
2.992140,20.77
2.991710,20.76
2.991280,20.75
2.990851,20.73
2.990413,20.72
2.989984,20.70
2.989554,20.70
2.989126,20.70
2.988688,20.71
2.988259,20.73
2.987831,20.76
2.987402,20.79
2.986974,20.81
2.986537,20.83
2.986109,20.85
2.985681,20.85
2.985253,20.85
2.984825,20.85
2.984389,20.84
2.983961,20.83
2.983534,20.82
2.983107,20.82
2.982680,20.81
2.982244,20.82
2.981817,20.82
2.981390,20.83
2.980964,20.83
2.980528,20.84
2.980102,20.84
2.979676,20.83
2.979250,20.83
2.978824,20.83
2.978389,20.83
2.977963,20.83
2.977537,20.84
2.977112,20.85
2.976687,20.86
2.976252,20.87
2.975827,20.87
2.975402,20.88
2.974977,20.89
2.974553,20.90
2.974119,20.91
2.973695,20.93
2.973270,20.95
2.972846,20.97
2.972413,20.99
2.971989,21.00
2.971565,21.02
2.971141,21.03
2.970718,21.04
2.970285,21.05
2.969862,21.05
2.969439,21.04
2.969015,21.02
2.968592,21.00
2.968161,20.97
2.967738,20.94
2.967315,20.92
2.966892,20.90
2.966461,20.89
2.966039,20.89
2.965617,20.89
2.965195,20.89
2.964773,20.89
2.964342,20.88
2.963920,20.88
2.963499,20.88
2.963077,20.88
2.962656,20.89
2.962226,20.91
2.961805,20.93
2.961384,20.96
2.960963,20.98
2.960533,21.00
2.960112,21.01
2.959692,21.02
2.959272,21.01
2.958851,20.99
2.958422,20.97
2.958002,20.94
2.957582,20.92
2.957163,20.91
2.956743,20.91
2.956315,20.93
2.955895,20.95
2.955476,20.97
2.955057,20.99
2.954637,21.00
2.954210,21.01
2.953791,21.00
2.953372,20.99
2.952954,20.98
2.952526,20.96
2.952108,20.94
2.951690,20.92
2.951272,20.91
2.950854,20.90
2.950427,20.90
2.950009,20.91
2.949591,20.93
2.949174,20.97
2.948757,21.01
2.948331,21.06
2.947913,21.10
2.947496,21.13
2.947079,21.14
2.946654,21.13
2.946237,21.11
2.945820,21.08
2.945404,21.05
2.944988,21.02
2.944563,21.01
2.944147,21.00
2.943731,21.01
2.943315,21.02
2.942899,21.03
2.942475,21.05
2.942059,21.05
2.941644,21.05
2.941228,21.04
2.940805,21.04
2.940389,21.03
2.939975,21.03
2.939560,21.02
2.939145,21.03
2.938722,21.03
2.938307,21.03
2.937893,21.02
2.937479,21.02
2.937065,21.02
2.936642,21.02
2.936228,21.01
2.935814,21.01
2.935401,21.01
2.934987,21.00
2.934565,20.99
2.934152,20.97
2.933739,20.96
2.933326,20.96
2.932904,20.96
2.932491,20.97
2.932078,20.99
2.931666,21.01
2.931253,21.04
2.930832,21.06
2.930420,21.07
2.930008,21.08
2.929596,21.09
2.929184,21.10
2.928764,21.10
2.928352,21.11
2.927940,21.11
2.927529,21.11
2.927109,21.12
2.926698,21.13
2.926287,21.15
2.925876,21.18
2.925465,21.22
2.925046,21.26
2.924635,21.30
2.924225,21.32
2.923814,21.34
2.923404,21.34
2.922985,21.32
2.922575,21.30
2.922165,21.27
2.921755,21.24
2.921346,21.22
2.920928,21.21
2.920518,21.20
2.920109,21.20
2.919700,21.21
2.919282,21.22
2.918873,21.23
2.918464,21.24
2.918055,21.25
2.917647,21.26
2.917229,21.26
2.916821,21.26
2.916413,21.26
2.916004,21.26
2.915596,21.26
2.915180,21.26
2.914772,21.26
2.914364,21.26
2.913957,21.25
2.913541,21.23
2.913133,21.20
2.912726,21.16
2.912319,21.13
2.911912,21.09
2.911496,21.06
2.911090,21.04
2.910683,21.04
2.910276,21.04
2.909870,21.05
2.909455,21.06
2.909049,21.08
2.908642,21.09
2.908236,21.10
2.907822,21.11
2.907416,21.13
2.907011,21.15
2.906605,21.18
2.906200,21.22
2.905786,21.25
2.905380,21.28
2.904975,21.31
2.904570,21.32
2.904165,21.33
2.903752,21.33
2.903348,21.34
2.902943,21.36
2.902539,21.38
2.902134,21.40
2.901722,21.41
2.901317,21.42
2.900913,21.40
2.900510,21.37
2.900097,21.33
2.899694,21.29
2.899290,21.26
2.898887,21.23
2.898484,21.22
2.898072,21.22
2.897669,21.23
2.897266,21.24
2.896863,21.25
2.896460,21.27
2.896049,21.28
2.895647,21.29
2.895244,21.29
2.894842,21.29
2.894431,21.29
2.894029,21.30
2.893627,21.30
2.893226,21.31
2.892824,21.32
2.892414,21.33
2.892012,21.34
2.891611,21.35
2.891210,21.35
2.890808,21.34
2.890399,21.33
2.889998,21.32
2.889597,21.32
2.889196,21.31
2.888796,21.32
2.888387,21.32
2.887987,21.34
2.887586,21.35
2.887186,21.37
2.886778,21.39
2.886378,21.41
2.885978,21.43
2.885578,21.45
2.885179,21.46
2.884771,21.47
2.884371,21.47
2.883972,21.46
2.883573,21.45
2.883174,21.43
2.882767,21.42
2.882368,21.40
2.881969,21.39
2.881570,21.38
2.881164,21.37
2.880765,21.36
2.880367,21.35
2.879969,21.34
2.879571,21.33
2.879164,21.32
2.878767,21.32
2.878369,21.32
2.877971,21.32
2.877574,21.33
2.877168,21.34
2.876771,21.35
2.876373,21.37
2.875976,21.39
2.875579,21.42
2.875174,21.45
2.874778,21.48
2.874381,21.52
2.873984,21.55
2.873580,21.58
2.873183,21.61
2.872787,21.63
2.872391,21.64
2.871995,21.63
2.871591,21.62
2.871195,21.59
2.870800,21.57
2.870404,21.54
2.870009,21.52
2.869605,21.51
2.869210,21.50
2.868815,21.51
2.868420,21.51
2.868017,21.53
2.867622,21.54
2.867227,21.55
2.866833,21.55
2.866438,21.55
2.866036,21.54
2.865642,21.53
2.865247,21.51
2.864853,21.50
2.864460,21.49
2.864058,21.48
2.863664,21.47
2.863270,21.46
2.862877,21.46
2.862475,21.46
2.862082,21.46
2.861689,21.46
2.861296,21.46
2.860903,21.46
2.860502,21.45
2.860109,21.44
2.859717,21.43
2.859324,21.42
2.858932,21.42
2.858531,21.44
2.858139,21.46
2.857747,21.50
2.857355,21.55
2.856963,21.60
2.856563,21.66
2.856172,21.72
2.855780,21.78
2.855389,21.82
2.854989,21.86
2.854598,21.87
2.854207,21.87
2.853816,21.84
2.853425,21.81
2.853026,21.76
2.852636,21.71
2.852245,21.66
2.851855,21.62
2.851464,21.60
2.851066,21.58
2.850676,21.58
2.850286,21.58
2.849896,21.59
2.849498,21.60
2.849108,21.61
2.848719,21.62
2.848329,21.62
2.847940,21.61
2.847543,21.60
2.847153,21.60
2.846764,21.58
2.846375,21.57
2.845987,21.56
2.845590,21.54
2.845201,21.53
2.844813,21.53
2.844424,21.53
2.844028,21.54
2.843640,21.56
2.843252,21.59
2.842864,21.61
2.842476,21.63
2.842080,21.65
2.841692,21.66
2.841305,21.68
2.840917,21.71
2.840530,21.75
2.840135,21.80
2.839747,21.86
2.839360,21.93
2.838973,21.99
2.838587,22.03
2.838192,22.05
2.837805,22.06
2.837419,22.06
2.837032,22.06
2.836638,22.06
2.836252,22.07
2.835866,22.07
2.835480,22.07
2.835094,22.07
2.834700,22.04
2.834314,22.01
2.833929,21.97
2.833543,21.92
2.833158,21.88
2.832765,21.85
2.832380,21.82
2.831995,21.79
2.831610,21.77
2.831217,21.75
2.830832,21.73
2.830448,21.72
2.830063,21.72
2.829679,21.72
2.829287,21.73
2.828902,21.74
2.828518,21.74
2.828134,21.73
2.827750,21.72
2.827359,21.70
2.826975,21.67
2.826591,21.66
2.826208,21.65
2.825825,21.66
2.825433,21.68
2.825050,21.71
2.824667,21.75
2.824284,21.79
2.823894,21.83
2.823511,21.88
2.823128,21.93
2.822746,21.98
2.822363,22.03
2.821973,22.08
2.821591,22.13
2.821209,22.16
2.820827,22.18
2.820445,22.18
2.820055,22.16
2.819673,22.13
2.819292,22.09
2.818910,22.05
2.818521,22.01
2.818140,21.98
2.817759,21.96
2.817378,21.95
2.816997,21.95
2.816608,21.97
2.816227,21.99
2.815846,22.00
2.815466,22.00
2.815085,21.98
2.814697,21.94
2.814317,21.88
2.813937,21.81
2.813557,21.75
2.813177,21.70
2.812789,21.68
2.812409,21.68
2.812030,21.70
2.811650,21.74
2.811263,21.79
2.810884,21.84
2.810505,21.89
2.810125,21.92
2.809746,21.95
2.809360,21.97
2.808981,21.98
2.808602,22.00
2.808224,22.02
2.807845,22.06
2.807459,22.10
2.807081,22.15
2.806702,22.21
2.806324,22.27
2.805938,22.33
2.805561,22.40
2.805183,22.47
2.804805,22.53
2.804428,22.59
2.804042,22.61
2.803665,22.59
2.803288,22.51
2.802911,22.40
2.802533,22.28
2.802149,22.17
2.801772,22.07
2.801395,21.99
2.801018,21.93
2.800634,21.89
2.800258,21.87
2.799881,21.87
2.799505,21.89
2.799129,21.91
2.798745,21.93
2.798369,21.96
2.797993,21.98
2.797618,21.99
2.797242,22.00
2.796859,22.00
2.796483,22.01
2.796108,22.02
2.795733,22.04
2.795357,22.08
2.794975,22.11
2.794600,22.15
2.794225,22.19
2.793850,22.22
2.793468,22.24
2.793093,22.26
2.792719,22.28
2.792345,22.30
2.791970,22.32
2.791588,22.35
2.791214,22.38
2.790840,22.43
2.790467,22.48
2.790093,22.54
2.789712,22.61
2.789338,22.69
2.788965,22.78
2.788591,22.88
2.788210,22.96
2.787837,23.00
2.787464,22.97
2.787091,22.89
2.786718,22.78
2.786338,22.67
2.785965,22.58
2.785593,22.52
2.785221,22.48
2.784848,22.46
2.784468,22.47
2.784096,22.49
2.783724,22.52
2.783352,22.55
2.782980,22.59
2.782601,22.62
2.782229,22.64
2.781858,22.66
2.781486,22.68
2.781107,22.70
2.780736,22.73
2.780365,22.77
2.779994,22.82
2.779623,22.87
2.779245,22.92
2.778874,22.95
2.778503,22.95
2.778133,22.94
2.777762,22.90
2.777384,22.84
2.777014,22.77
2.776644,22.69
2.776274,22.62
2.775896,22.57
2.775527,22.52
2.775157,22.49
2.774787,22.48
2.774418,22.49
2.774041,22.52
2.773671,22.56
2.773302,22.62
2.772933,22.69
2.772564,22.77
2.772187,22.84
2.771818,22.89
2.771450,22.89
2.771081,22.86
2.770705,22.80
2.770336,22.73
2.769968,22.68
2.769600,22.66
2.769232,22.67
2.768856,22.73
2.768488,22.82
2.768120,22.93
2.767752,23.03
2.767385,23.09
2.767009,23.10
2.766642,23.06
2.766275,23.02
2.765907,22.98
2.765540,22.97
2.765166,22.99
2.764799,23.06
2.764432,23.16
2.764065,23.27
2.763691,23.37
2.763324,23.42
2.762958,23.40
2.762591,23.31
2.762225,23.18
2.761851,23.05
2.761485,22.92
2.761119,22.81
2.760753,22.73
2.760387,22.67
2.760014,22.64
2.759648,22.65
2.759283,22.68
2.758918,22.75
2.758545,22.85
2.758179,22.97
2.757814,23.12
2.757449,23.29
2.757084,23.47
2.756712,23.67
2.756347,23.84
2.755983,23.91
2.755618,23.83
2.755254,23.64
2.754882,23.41
2.754517,23.22
2.754153,23.08
2.753789,22.99
2.753425,22.92
2.753054,22.87
2.752690,22.83
2.752326,22.78
2.751963,22.72
2.751592,22.66
2.751228,22.59
2.750865,22.54
2.750502,22.51
2.750139,22.50
2.749768,22.51
2.749405,22.53
2.749043,22.55
2.748680,22.57
2.748317,22.59
2.747947,22.61
2.747585,22.62
2.747223,22.63
2.746860,22.64
2.746491,22.65
2.746129,22.67
2.745767,22.67
2.745405,22.68
2.745043,22.69
2.744674,22.70
2.744312,22.74
2.743951,22.80
2.743590,22.89
2.743228,23.02
2.742860,23.20
2.742499,23.41
2.742138,23.66
2.741777,23.91
2.741416,24.14
2.741048,24.30
2.740687,24.34
2.740327,24.23
2.739966,24.00
2.739598,23.70
2.739238,23.40
2.738878,23.16
2.738518,22.97
2.738158,22.84
2.737791,22.75
2.737431,22.70
2.737071,22.68
2.736712,22.69
2.736352,22.71
2.735986,22.75
2.735626,22.79
2.735267,22.80
2.734908,22.79
2.734542,22.75
2.734183,22.69
2.733824,22.63
2.733465,22.58
2.733107,22.54
2.732741,22.50
2.732382,22.48
2.732024,22.46
2.731666,22.44
2.731308,22.41
2.730942,22.39
2.730584,22.37
2.730226,22.35
2.729869,22.33
2.729503,22.33
2.729146,22.35
2.728788,22.39
2.728431,22.46
2.728074,22.54
2.727709,22.65
2.727352,22.78
2.726995,22.94
2.726638,23.14
2.726281,23.35
2.725917,23.58
2.725561,23.77
2.725204,23.86
2.724848,23.80
2.724491,23.62
2.724128,23.42
2.723771,23.25
2.723415,23.15
2.723059,23.11
2.722696,23.12
2.722340,23.17
2.721985,23.27
2.721629,23.42
2.721274,23.59
2.720911,23.72
2.720555,23.77
2.720200,23.71
2.719845,23.60
2.719490,23.48
2.719128,23.37
2.718773,23.26
2.718418,23.15
2.718063,23.04
2.717701,22.94
2.717347,22.85
2.716993,22.78
2.716638,22.73
2.716284,22.70
2.715923,22.69
2.715569,22.69
2.715215,22.71
2.714861,22.73
2.714507,22.76
2.714146,22.80
2.713793,22.86
2.713439,22.92
2.713086,23.01
2.712732,23.11
2.712372,23.26
2.712019,23.43
2.711666,23.65
2.711313,23.88
2.710953,24.08
2.710600,24.20
2.710247,24.20
2.709895,24.10
2.709542,23.92
2.709183,23.71
2.708831,23.52
2.708478,23.34
2.708126,23.20
2.707774,23.09
2.707415,23.01
2.707063,22.95
2.706712,22.92
2.706360,22.90
2.706001,22.89
2.705650,22.89
2.705298,22.89
2.704947,22.90
2.704596,22.90
2.704238,22.92
2.703887,22.93
2.703536,22.95
2.703185,22.97
2.702834,23.00
2.702476,23.02
2.702126,23.04
2.701775,23.05
2.701425,23.04
2.701067,23.02
2.700717,22.98
2.700367,22.95
2.700017,22.93
2.699667,22.91
2.699310,22.91
2.698961,22.93
2.698611,22.96
2.698262,23.02
2.697912,23.09
2.697555,23.17
2.697206,23.28
2.696857,23.40
2.696508,23.55
2.696159,23.72
2.695803,23.91
2.695454,24.08
2.695105,24.18
2.694757,24.16
2.694401,23.99
2.694053,23.72
2.693704,23.44
2.693356,23.19
2.693008,23.00
2.692653,22.87
2.692305,22.81
2.691957,22.78
2.691609,22.79
2.691261,22.82
2.690906,22.87
2.690559,22.93
2.690211,23.00
2.689864,23.07
2.689510,23.14
2.689162,23.20
2.688815,23.24
2.688468,23.29
2.688121,23.33
2.687767,23.38
2.687421,23.44
2.687074,23.51
2.686728,23.57
2.686381,23.63
2.686028,23.67
2.685681,23.69
2.685335,23.69
2.684989,23.68
2.684643,23.66
2.684290,23.64
2.683944,23.60
2.683598,23.55
2.683253,23.51
2.682900,23.46
2.682555,23.44
2.682209,23.43
2.681864,23.44
2.681519,23.49
2.681166,23.56
2.680821,23.68
2.680476,23.82
2.680132,24.00
2.679787,24.20
2.679435,24.40
2.679091,24.60
2.678746,24.79
2.678402,24.95
2.678050,25.07
2.677706,25.12
2.677362,25.06
2.677018,24.87
2.676674,24.59
2.676323,24.30
2.675979,24.07
2.675635,23.90
2.675292,23.80
2.674948,23.74
2.674598,23.72
2.674254,23.71
2.673911,23.71
2.673568,23.71
2.673225,23.70
2.672875,23.69
2.672532,23.67
2.672189,23.65
2.671846,23.63
2.671497,23.62
2.671154,23.64
2.670812,23.71
2.670469,23.83
2.670127,23.99
2.669778,24.14
2.669436,24.27
2.669094,24.39
2.668752,24.51
2.668410,24.64
2.668061,24.80
2.667720,25.00
2.667378,25.22
2.667036,25.44
2.666688,25.58
2.666347,25.54
2.666005,25.28
2.665664,24.88
2.665323,24.45
2.664975,24.08
2.664634,23.81
2.664294,23.63
2.663953,23.53
2.663612,23.47
2.663265,23.45
2.662924,23.45
2.662584,23.46
2.662244,23.48
2.661897,23.49
2.661556,23.50
2.661216,23.50
2.660877,23.47
2.660537,23.43
2.660190,23.36
2.659850,23.27
2.659511,23.19
2.659171,23.12
2.658832,23.08
2.658486,23.05
2.658146,23.04
2.657807,23.05
2.657468,23.07
2.657129,23.11
2.656783,23.15
2.656445,23.19
2.656106,23.23
2.655767,23.25
2.655422,23.27
2.655083,23.28
2.654745,23.29
2.654407,23.30
2.654069,23.32
2.653724,23.34
2.653386,23.37
2.653048,23.37
2.652710,23.35
2.652372,23.29
2.652027,23.22
2.651690,23.13
2.651352,23.06
2.651015,22.99
2.650671,22.95
2.650334,22.91
2.649996,22.88
2.649659,22.86
2.649322,22.85
2.648979,22.84
2.648642,22.85
2.648305,22.87
2.647968,22.92
2.647632,22.98
2.647289,23.05
2.646952,23.14
2.646616,23.20
2.646280,23.24
2.645937,23.23
2.645601,23.19
2.645265,23.13
2.644929,23.08
2.644593,23.04
2.644250,23.03
2.643915,23.03
2.643579,23.06
2.643244,23.09
2.642909,23.13
2.642566,23.16
2.642231,23.17
2.641896,23.15
2.641561,23.10
2.641226,23.04
2.640885,22.98
2.640550,22.91
2.640215,22.86
2.639881,22.82
2.639539,22.79
2.639205,22.77
2.638871,22.77
2.638536,22.77
2.638202,22.77
2.637861,22.77
2.637527,22.78
2.637193,22.80
2.636860,22.83
2.636526,22.88
2.636185,22.94
2.635852,23.03
2.635518,23.13
2.635185,23.25
2.634845,23.37
2.634512,23.48
2.634178,23.56
2.633845,23.61
2.633512,23.62
2.633173,23.61
2.632840,23.60
2.632507,23.61
2.632175,23.66
2.631842,23.75
2.631503,23.89
2.631170,24.05
2.630838,24.19
2.630506,24.25
2.630174,24.20
2.629835,24.09
2.629503,23.97
2.629171,23.89
2.628839,23.84
2.628501,23.83
2.628169,23.85
2.627838,23.88
2.627506,23.90
2.627175,23.88
2.626837,23.79
2.626506,23.66
2.626175,23.50
2.625844,23.34
2.625513,23.22
2.625175,23.12
2.624844,23.05
2.624513,23.00
2.624183,22.97
2.623846,22.96
2.623515,22.96
2.623185,22.99
2.622855,23.03
2.622524,23.10
2.622187,23.19
2.621857,23.32
2.621527,23.47
2.621198,23.63
2.620868,23.78
2.620531,23.89
2.620202,23.94
2.619872,23.94
2.619543,23.93
2.619214,23.92
2.618877,23.93
2.618548,23.96
2.618219,24.01
2.617890,24.07
2.617554,24.11
2.617226,24.10
2.616897,24.03
2.616568,23.93
2.616240,23.81
2.615904,23.72
2.615576,23.64
2.615247,23.59
2.614919,23.55
2.614591,23.53
2.614256,23.53
2.613928,23.54
2.613600,23.56
2.613272,23.56
2.612938,23.56
2.612610,23.54
2.612282,23.52
2.611955,23.49
2.611627,23.48
2.611293,23.47
2.610966,23.49
2.610639,23.52
2.610312,23.57
2.609985,23.63
2.609651,23.70
2.609324,23.76
2.608997,23.82
2.608671,23.88
2.608344,23.94
2.608011,24.01
2.607684,24.07
2.607358,24.13
2.607032,24.18
2.606699,24.24
2.606373,24.31
2.606047,24.40
2.605721,24.49
2.605395,24.57
2.605062,24.61
2.604736,24.58
2.604411,24.48
2.604085,24.35
2.603760,24.20
2.603428,24.08
2.603102,23.98
2.602777,23.92
2.602452,23.87
2.602120,23.84
2.601795,23.79
2.601470,23.72
2.601146,23.65
2.600821,23.57
2.600489,23.49
2.600165,23.43
2.599840,23.38
2.599516,23.36
2.599192,23.35
2.598861,23.37
2.598537,23.40
2.598212,23.45
2.597888,23.51
2.597558,23.59
2.597234,23.67
2.596910,23.77
2.596587,23.87
2.596263,23.98
2.595933,24.09
2.595609,24.19
2.595286,24.25
2.594963,24.26
2.594639,24.22
2.594310,24.17
2.593987,24.09
2.593664,23.99
2.593341,23.87
2.593018,23.74
2.592689,23.62
2.592366,23.50
2.592043,23.41
2.591721,23.35
2.591392,23.32
2.591070,23.31
2.590747,23.34
2.590425,23.40
2.590103,23.49
2.589775,23.60
2.589453,23.74
2.589131,23.90
2.588809,24.06
2.588487,24.19
2.588159,24.26
2.587838,24.27
2.587516,24.20
2.587195,24.10
2.586867,23.98
2.586546,23.89
2.586225,23.83
2.585904,23.81
2.585583,23.83
2.585255,23.89
2.584934,23.98
2.584614,24.09
2.584293,24.18
2.583973,24.21
2.583646,24.19
2.583325,24.13
2.583005,24.07
2.582685,24.01
2.582358,23.97
2.582038,23.92
2.581718,23.85
2.581398,23.76
2.581078,23.65
2.580752,23.55
2.580432,23.45
2.580112,23.39
2.579793,23.35
2.579474,23.35
2.579148,23.37
2.578828,23.42
2.578509,23.50
2.578190,23.59
2.577871,23.69
2.577545,23.77
2.577227,23.83
2.576908,23.86
2.576589,23.85
2.576264,23.83
2.575945,23.81
2.575627,23.81
2.575308,23.83
2.574990,23.86
2.574665,23.90
2.574347,23.94
2.574029,23.95
2.573711,23.92
2.573393,23.86
2.573069,23.77
2.572751,23.69
2.572433,23.63
2.572116,23.59
2.571792,23.58
2.571474,23.59
2.571157,23.63
2.570839,23.69
2.570522,23.77
2.570199,23.85
2.569882,23.90
2.569565,23.91
2.569248,23.87
2.568931,23.80
2.568608,23.72
2.568291,23.65
2.567974,23.60
2.567658,23.56
2.567341,23.55
2.567018,23.56
2.566702,23.59
2.566386,23.65
2.566070,23.74
2.565747,23.84
2.565431,23.97
2.565115,24.11
2.564800,24.23
2.564484,24.33
2.564162,24.40
2.563846,24.44
2.563531,24.48
2.563215,24.52
2.562900,24.57
2.562578,24.64
2.562263,24.71
2.561948,24.74
2.561633,24.70
2.561311,24.57
2.560997,24.39
2.560682,24.17
2.560367,23.95
2.560052,23.76
2.559731,23.61
2.559417,23.49
2.559102,23.41
2.558788,23.36
2.558474,23.33
2.558153,23.32
2.557839,23.33
2.557525,23.34
2.557211,23.35
2.556897,23.37
2.556577,23.38
2.556263,23.40
2.555950,23.42
2.555636,23.44
2.555316,23.46
2.555003,23.49
2.554690,23.52
2.554376,23.55
2.554063,23.58
2.553744,23.60
2.553431,23.61
2.553118,23.60
2.552805,23.59
2.552492,23.57
2.552173,23.54
2.551860,23.52
2.551548,23.51
2.551235,23.50
2.550916,23.50
2.550604,23.51
2.550292,23.52
2.549980,23.55
2.549668,23.58
2.549349,23.62
2.549037,23.66
2.548725,23.70
2.548413,23.71
2.548102,23.69
2.547784,23.65
2.547472,23.59
2.547161,23.54
2.546849,23.50
2.546531,23.48
2.546220,23.49
2.545909,23.52
2.545598,23.57
2.545287,23.63
2.544970,23.70
2.544659,23.75
2.544348,23.79
2.544037,23.80
2.543727,23.78
2.543410,23.74
2.543099,23.69
2.542789,23.63
2.542478,23.57
2.542168,23.52
2.541852,23.47
2.541541,23.44
2.541231,23.42
2.540922,23.41
2.540605,23.42
2.540295,23.43
2.539986,23.45
2.539676,23.47
2.539367,23.49
2.539051,23.51
2.538741,23.53
2.538432,23.56
2.538123,23.59
2.537813,23.62
2.537498,23.66
2.537189,23.69
2.536880,23.72
2.536571,23.72
2.536256,23.71
2.535947,23.68
2.535638,23.64
2.535330,23.59
2.535021,23.56
2.534706,23.54
2.534398,23.54
2.534090,23.55
2.533782,23.58
2.533474,23.61
2.533159,23.65
2.532851,23.69
2.532543,23.72
2.532235,23.74
2.531928,23.76
2.531614,23.77
2.531306,23.78
2.530998,23.79
2.530691,23.78
2.530377,23.76
2.530070,23.73
2.529763,23.69
2.529456,23.65
2.529148,23.61
2.528835,23.59
2.528528,23.57
2.528221,23.56
2.527914,23.57
2.527608,23.58
2.527295,23.58
2.526988,23.59
2.526682,23.59
2.526375,23.58
2.526063,23.58
2.525756,23.59
2.525450,23.60
2.525144,23.62
2.524838,23.64
2.524526,23.67
2.524220,23.69
2.523914,23.70
2.523608,23.70
2.523303,23.70
2.522991,23.69
2.522685,23.68
2.522380,23.66
2.522074,23.64
2.521763,23.62
2.521458,23.60
2.521152,23.59
2.520847,23.59
2.520542,23.59
2.520231,23.59
2.519926,23.60
2.519622,23.61
2.519317,23.62
2.519012,23.63
2.518701,23.65
2.518397,23.68
2.518092,23.71
2.517788,23.75
2.517484,23.79
2.517173,23.81
2.516869,23.83
2.516565,23.83
2.516261,23.81
2.515951,23.78
2.515647,23.74
2.515344,23.70
2.515040,23.67
2.514736,23.65
2.514427,23.64
2.514123,23.64
2.513820,23.64
2.513516,23.65
2.513213,23.66
2.512904,23.66
2.512601,23.66
2.512298,23.65
2.511995,23.64
2.511686,23.63
2.511383,23.62
2.511080,23.62
2.510778,23.62
2.510475,23.62
2.510166,23.63
2.509864,23.64
2.509561,23.65
2.509259,23.67
2.508957,23.68
2.508649,23.69
2.508347,23.69
2.508045,23.70
2.507743,23.71
2.507435,23.73
2.507133,23.74
2.506831,23.76
2.506530,23.79
2.506228,23.81
2.505920,23.82
2.505619,23.82
2.505318,23.81
2.505016,23.80
2.504715,23.79
2.504408,23.77
2.504107,23.75
2.503806,23.74
2.503505,23.72
2.503204,23.71
2.502897,23.70
2.502596,23.69
2.502296,23.68
2.501995,23.67
2.501689,23.66
2.501388,23.66
2.501088,23.66
2.500788,23.67
2.500488,23.68
2.500181,23.70
2.499881,23.71
