17.241379,6.09
17.227122,6.13
17.212889,6.28
17.198679,6.51
17.184493,6.79
17.170035,7.07
17.155896,7.29
17.141780,7.43
17.127687,7.48
17.113324,7.45
17.099278,7.38
17.085255,7.29
17.071255,7.23
17.057278,7.24
17.043034,7.32
17.029103,7.49
17.015195,7.71
17.001309,7.98
16.987446,8.24
16.973318,8.46
16.959501,8.60
16.945706,8.65
16.931934,8.57
16.918184,8.38
16.904170,8.07
16.890465,7.69
16.876783,7.28
16.863122,6.88
16.849200,6.55
16.835584,6.30
16.821990,6.16
16.808418,6.13
16.794867,6.18
16.781058,6.30
16.767551,6.46
16.754067,6.64
16.740604,6.82
16.727163,6.99
16.713464,7.17
16.700067,7.34
16.686691,7.49
16.673336,7.60
16.659725,7.65
16.646414,7.63
16.633123,7.53
16.619854,7.39
16.606606,7.23
16.593104,7.11
16.579899,7.06
16.566714,7.07
16.553551,7.14
16.540408,7.23
16.527013,7.31
16.513913,7.33
16.500833,7.31
16.487774,7.23
16.474736,7.14
16.461447,7.06
16.448451,7.01
16.435474,6.99
16.422519,7.01
16.409314,7.03
16.396399,7.02
16.383505,6.97
16.370631,6.86
16.357777,6.71
16.344677,6.51
16.331863,6.32
16.319070,6.16
16.306297,6.07
16.293544,6.08
16.280546,6.21
16.267834,6.44
16.255141,6.77
16.242468,7.14
16.229551,7.51
16.216917,7.80
16.204304,7.99
16.191710,8.03
16.179135,7.95
16.166319,7.77
16.153784,7.54
16.141268,7.29
16.128772,7.05
16.116295,6.85
16.103578,6.69
16.091140,6.55
16.078721,6.44
16.066322,6.34
16.053684,6.26
16.041322,6.23
16.028980,6.28
16.016657,6.41
16.004353,6.65
15.991812,6.96
15.979546,7.31
15.967299,7.63
15.955071,7.86
15.942861,7.98
15.930416,7.98
15.918244,7.87
15.906090,7.70
15.893956,7.52
15.881839,7.36
15.869489,7.25
15.857410,7.20
15.845349,7.19
15.833307,7.20
15.821032,7.20
15.809027,7.19
15.797040,7.17
15.785070,7.16
15.773119,7.16
15.760938,7.18
15.749024,7.23
15.737127,7.29
15.725248,7.35
15.713388,7.41
15.701298,7.45
15.689474,7.48
15.677667,7.50
15.665878,7.50
15.653862,7.50
15.642109,7.47
15.630373,7.43
15.618655,7.37
15.606954,7.29
15.595028,7.20
15.583363,7.14
15.571716,7.10
15.560085,7.11
15.548472,7.16
15.536635,7.25
15.525057,7.38
15.513497,7.52
15.501953,7.65
15.490427,7.77
15.478678,7.85
15.467186,7.89
15.455712,7.88
15.444254,7.82
15.432575,7.71
15.421152,7.56
15.409745,7.40
15.398355,7.25
15.386983,7.13
15.375390,7.08
15.364051,7.10
15.352729,7.20
15.341423,7.36
15.330134,7.55
15.318627,7.74
15.307372,7.90
15.296133,7.99
15.284911,8.02
15.273472,7.99
15.262282,7.91
15.251110,7.83
15.239953,7.76
15.228813,7.74
15.217457,7.77
15.206350,7.84
15.195259,7.95
15.184184,8.07
15.173125,8.17
15.161853,8.24
15.150826,8.25
15.139816,8.21
15.128822,8.12
15.117615,7.98
15.106653,7.82
15.095707,7.67
15.084776,7.53
15.073862,7.43
15.062736,7.39
15.051854,7.40
15.040987,7.47
15.030135,7.58
15.019300,7.72
15.008255,7.88
14.997450,8.06
14.986662,8.24
14.975889,8.39
14.965131,8.45
14.954165,8.42
14.943439,8.29
14.932728,8.13
14.922032,7.97
14.911130,7.81
14.900465,7.68
14.889815,7.57
14.879181,7.49
14.868562,7.46
14.857737,7.46
14.847149,7.51
14.836575,7.59
14.826017,7.68
14.815473,7.78
14.804726,7.88
14.794213,7.96
14.783714,8.02
14.773231,8.07
14.762544,8.08
14.752091,8.05
14.741653,8.00
14.731229,7.91
14.720820,7.81
14.710209,7.72
14.699829,7.65
14.689465,7.63
14.679115,7.65
14.668779,7.70
14.658243,7.77
14.647937,7.83
14.637645,7.87
14.627368,7.88
14.617105,7.87
14.606643,7.83
14.596409,7.79
14.586190,7.76
14.575985,7.74
14.565582,7.73
14.555405,7.73
14.545243,7.72
14.535095,7.70
14.524961,7.67
14.514631,7.62
14.504525,7.57
14.494434,7.52
14.484357,7.49
14.474294,7.49
14.464035,7.51
14.454000,7.57
14.443979,7.66
14.433972,7.75
14.423770,7.83
14.413791,7.89
14.403826,7.91
14.393874,7.89
14.383936,7.83
14.373805,7.75
14.363895,7.66
14.353998,7.56
14.344115,7.46
14.334246,7.38
14.324185,7.30
14.314343,7.24
14.304515,7.19
14.294700,7.16
14.284898,7.16
14.274906,7.18
14.265132,7.21
14.255371,7.26
14.245623,7.30
14.235686,7.33
14.225965,7.34
14.216258,7.33
14.206563,7.31
14.196882,7.29
14.187013,7.27
14.177359,7.26
14.167717,7.25
14.158089,7.25
14.148474,7.26
14.138672,7.26
14.129083,7.27
14.119508,7.27
14.109945,7.26
14.100196,7.24
14.090659,7.22
14.081136,7.18
14.071625,7.15
14.062126,7.12
14.052444,7.11
14.042971,7.11
14.033512,7.15
14.024065,7.21
14.014631,7.29
14.005014,7.37
13.995605,7.45
13.986210,7.52
13.976826,7.58
13.967261,7.61
13.957903,7.63
13.948558,7.65
13.939225,7.67
13.929905,7.69
13.920403,7.71
13.911108,7.75
13.901825,7.78
13.892555,7.82
13.883297,7.84
13.873859,7.86
13.864626,7.86
13.855405,7.84
13.846196,7.80
13.837000,7.74
13.827625,7.68
13.818453,7.61
13.809294,7.55
13.800146,7.50
13.790821,7.47
13.781698,7.45
13.772587,7.44
13.763488,7.44
13.754401,7.45
13.745138,7.46
13.736075,7.47
13.727024,7.50
13.717986,7.53
13.708959,7.56
13.699756,7.58
13.690753,7.60
13.681762,7.60
13.672783,7.58
13.663629,7.56
13.654673,7.53
13.645730,7.51
13.636798,7.49
13.627877,7.48
13.618783,7.46
13.609886,7.45
13.601001,7.43
13.592127,7.41
13.583265,7.40
13.574231,7.38
13.565392,7.38
13.556565,7.40
13.547749,7.43
13.538945,7.47
13.529969,7.52
13.521188,7.57
13.512418,7.62
13.503659,7.65
13.494730,7.67
13.485995,7.66
13.477271,7.64
13.468558,7.60
13.459856,7.55
13.450985,7.51
13.442306,7.47
13.433638,7.46
13.424981,7.46
13.416336,7.48
13.407522,7.51
13.398899,7.52
13.390287,7.53
13.381686,7.53
13.372917,7.52
13.364339,7.52
13.355771,7.53
13.347214,7.55
13.338669,7.59
13.329956,7.62
13.321433,7.64
13.312920,7.64
13.304418,7.60
13.295927,7.53
13.287271,7.45
13.278802,7.36
13.270343,7.28
13.261896,7.23
13.253284,7.22
13.244858,7.23
13.236443,7.29
13.228038,7.36
13.219644,7.43
13.211087,7.51
13.202714,7.56
13.194353,7.60
13.186002,7.62
13.177661,7.62
13.169158,7.62
13.160839,7.63
13.152530,7.64
13.144232,7.67
13.135944,7.70
13.127494,7.73
13.119228,7.75
13.110971,7.76
13.102725,7.75
13.094318,7.73
13.086093,7.70
13.077879,7.67
13.069674,7.64
13.061480,7.62
13.053126,7.61
13.044953,7.61
13.036790,7.63
13.028637,7.66
13.020494,7.68
13.012192,7.70
13.004070,7.71
12.995958,7.69
12.987856,7.64
12.979596,7.58
12.971515,7.50
12.963443,7.42
12.955382,7.35
12.947330,7.31
12.939121,7.29
12.931090,7.30
12.923069,7.32
12.915058,7.36
12.907056,7.41
12.898898,7.46
12.890917,7.51
12.882946,7.56
12.874984,7.60
12.867032,7.63
12.858925,7.65
12.850993,7.65
12.843071,7.65
12.835158,7.64
12.827091,7.63
12.819198,7.64
12.811315,7.66
12.803442,7.68
12.795578,7.72
12.787560,7.76
12.779716,7.80
12.771881,7.82
12.764056,7.84
12.756241,7.84
12.748273,7.82
12.740476,7.78
12.732690,7.74
12.724913,7.69
12.716984,7.64
12.709226,7.59
12.701477,7.56
12.693738,7.54
12.686009,7.53
12.678128,7.53
12.670417,7.54
12.662716,7.55
12.655024,7.55
12.647342,7.56
12.639509,7.56
12.631845,7.57
12.624190,7.57
12.616545,7.58
12.608750,7.58
12.601124,7.57
12.593507,7.56
12.585899,7.54
12.578300,7.53
12.570552,7.53
12.562972,7.54
12.555401,7.56
12.547839,7.60
12.540286,7.65
12.532585,7.69
12.525050,7.71
12.517525,7.73
12.510008,7.72
12.502501,7.71
12.494846,7.68
12.487357,7.65
12.479876,7.62
12.472405,7.60
12.464787,7.59
12.457334,7.59
12.449889,7.58
12.442454,7.58
12.435027,7.57
12.427455,7.56
12.420046,7.55
12.412646,7.53
12.405255,7.51
12.397873,7.48
12.390345,7.45
12.382981,7.43
12.375625,7.40
12.368278,7.38
12.360787,7.36
12.353457,7.36
12.346136,7.38
12.338824,7.40
12.331521,7.44
12.324074,7.47
12.316788,7.50
12.309510,7.52
12.302241,7.52
12.294981,7.50
12.287578,7.48
12.280335,7.45
12.273101,7.43
12.265875,7.41
12.258658,7.41
12.251299,7.41
12.244098,7.43
12.236907,7.45
12.229723,7.48
12.222399,7.53
12.215232,7.59
12.208074,7.65
12.200925,7.73
12.193784,7.79
12.186502,7.84
12.179378,7.87
12.172262,7.88
12.165154,7.87
12.158055,7.85
12.150816,7.82
12.143733,7.79
12.136659,7.77
12.129593,7.75
12.122388,7.75
12.115338,7.75
12.108297,7.76
12.101263,7.77
12.094238,7.78
12.087075,7.80
12.080067,7.81
12.073066,7.82
12.066074,7.83
12.059090,7.85
12.051968,7.87
12.045000,7.89
12.038040,7.90
12.031088,7.91
12.024144,7.90
12.017064,7.89
12.010137,7.87
12.003217,7.85
11.996305,7.84
11.989258,7.84
11.982362,7.84
11.975474,7.84
11.968594,7.83
11.961722,7.80
11.954716,7.76
11.947860,7.71
11.941011,7.65
11.934171,7.60
11.927339,7.56
11.920372,7.54
11.913555,7.53
11.906746,7.53
11.899945,7.54
11.893010,7.55
11.886225,7.58
11.879447,7.61
11.872677,7.65
11.865915,7.70
11.859020,7.76
11.852273,7.82
11.845534,7.88
11.838803,7.94
11.832079,8.00
11.825223,8.04
11.818515,8.07
11.811814,8.08
11.805121,8.07
11.798296,8.04
11.791619,7.99
11.784948,7.94
11.778286,7.90
11.771630,7.87
11.764844,7.85
11.758204,7.85
11.751572,7.84
11.744947,7.84
11.738329,7.82
11.731581,7.80
11.724979,7.78
11.718384,7.77
11.711796,7.79
11.705216,7.82
11.698506,7.87
11.691941,7.94
11.685383,8.01
11.678832,8.08
11.672153,8.14
11.665617,8.18
11.659088,8.21
11.652567,8.22
11.646053,8.22
11.639411,8.20
11.632912,8.17
11.626420,8.13
11.619935,8.09
11.613458,8.04
11.606853,7.99
11.600390,7.95
11.593934,7.91
11.587486,7.88
11.580910,7.87
11.574476,7.86
11.568049,7.86
11.561629,7.86
11.555217,7.87
11.548678,7.88
11.542279,7.89
11.535888,7.89
11.529504,7.87
11.523127,7.86
11.516624,7.83
11.510261,7.82
11.503906,7.81
11.497557,7.82
11.491215,7.85
11.484748,7.88
11.478421,7.92
11.472100,7.96
11.465786,8.00
11.459348,8.03
11.453048,8.05
11.446755,8.06
11.440470,8.06
11.434191,8.06
11.427788,8.06
11.421523,8.07
11.415264,8.10
11.409013,8.13
11.402769,8.17
11.396401,8.21
11.390170,8.24
11.383946,8.24
11.377729,8.23
11.371390,8.20
11.365186,8.17
11.358990,8.15
11.352800,8.13
11.346616,8.13
11.340311,8.14
11.334142,8.16
11.327979,8.16
11.321823,8.16
11.315673,8.14
11.309403,8.12
11.303267,8.09
11.297137,8.06
11.291015,8.04
11.284771,8.03
11.278662,8.01
11.272559,7.99
11.266463,7.96
11.260374,7.93
11.254164,7.89
11.248088,7.86
11.242018,7.83
11.235955,7.82
11.229898,7.82
11.223722,7.83
11.217679,7.86
11.211642,7.89
11.205612,7.94
11.199588,7.98
11.193445,8.03
11.187434,8.07
11.181430,8.10
11.175432,8.13
11.169316,8.15
11.163331,8.16
11.157352,8.17
11.151380,8.17
11.145414,8.17
11.139331,8.17
11.133378,8.15
11.127431,8.13
11.121491,8.11
11.115557,8.10
11.109506,8.09
11.103585,8.09
11.097671,8.10
11.091762,8.12
11.085737,8.14
11.079841,8.15
11.073952,8.16
11.068069,8.16
11.062192,8.14
11.056199,8.11
11.050334,8.06
11.044476,8.01
11.038624,7.96
11.032778,7.91
11.026817,7.87
11.020984,7.86
11.015157,7.87
11.009336,7.90
11.003521,7.95
10.997592,8.01
10.991789,8.08
10.985993,8.14
10.980203,8.19
10.974298,8.23
10.968520,8.26
10.962749,8.27
10.956983,8.27
10.951223,8.25
10.945350,8.22
10.939602,8.17
10.933861,8.11
10.928126,8.04
10.922396,7.97
10.916554,7.92
10.910837,7.88
10.905125,7.87
10.899420,7.88
10.893602,7.91
10.887909,7.94
10.882222,7.98
10.876540,8.01
10.870865,8.04
10.865077,8.05
10.859414,8.06
10.853756,8.06
10.848105,8.05
10.842459,8.04
10.836702,8.03
10.831068,8.01
10.825440,8.00
10.819818,8.00
10.814084,8.00
10.808474,8.00
10.802869,8.01
10.797270,8.02
10.791677,8.04
10.785974,8.07
10.780393,8.11
10.774817,8.14
10.769247,8.17
10.763683,8.19
10.758009,8.19
10.752457,8.18
10.746910,8.15
10.741369,8.12
10.735834,8.09
10.730189,8.07
10.724666,8.06
10.719148,8.07
10.713635,8.09
10.708014,8.11
10.702513,8.13
10.697018,8.15
10.691528,8.16
10.686044,8.17
10.680452,8.18
10.674979,8.19
10.669512,8.19
10.664050,8.18
10.658595,8.17
10.653031,8.15
10.647586,8.13
10.642147,8.10
10.636714,8.08
10.631173,8.07
10.625750,8.07
10.620334,8.09
10.614922,8.11
10.609517,8.13
10.604004,8.15
10.598609,8.16
10.593220,8.16
10.587837,8.16
10.582459,8.15
10.576974,8.15
10.571607,8.15
10.566245,8.16
10.560889,8.17
10.555538,8.19
10.550081,8.21
10.544741,8.23
10.539407,8.24
10.534078,8.25
10.528643,8.26
10.523325,8.26
10.518012,8.27
10.512705,8.29
10.507402,8.30
10.501995,8.31
10.496704,8.31
10.491418,8.30
10.486137,8.28
10.480862,8.26
10.475482,8.23
10.470217,8.20
10.464958,8.18
10.459704,8.17
10.454346,8.17
10.449102,8.18
10.443864,8.19
10.438631,8.20
10.433404,8.20
10.428072,8.20
10.422855,8.19
10.417643,8.17
10.412437,8.16
10.407235,8.15
10.401931,8.14
10.396740,8.13
10.391554,8.12
10.386373,8.11
10.381198,8.10
10.375920,8.08
10.370754,8.06
10.365595,8.04
10.360440,8.02
10.355183,8.01
10.350038,8.01
10.344899,8.01
10.339765,8.02
10.334635,8.05
10.329405,8.08
10.324286,8.11
10.319172,8.15
10.314063,8.19
10.308960,8.22
10.303755,8.24
10.298661,8.25
10.293573,8.25
10.288489,8.25
10.283305,8.24
10.278232,8.23
10.273163,8.21
10.268100,8.18
10.263042,8.14
10.257883,8.10
10.252835,8.05
10.247792,8.01
10.242753,7.98
10.237720,7.96
10.232587,7.97
10.227563,7.99
10.222545,8.02
10.217531,8.06
10.212418,8.09
10.207415,8.13
10.202416,8.15
10.197422,8.17
10.192433,8.19
10.187345,8.20
10.182366,8.22
10.177392,8.22
10.172423,8.23
10.167458,8.22
10.162395,8.22
10.157440,8.21
10.152490,8.19
10.147545,8.18
10.142605,8.17
10.137567,8.16
10.132636,8.15
10.127710,8.14
10.122789,8.12
10.117771,8.10
10.112860,8.08
10.107953,8.06
10.103051,8.03
10.098154,7.99
10.093160,7.96
10.088272,7.93
10.083390,7.91
10.078512,7.90
10.073638,7.90
10.068668,7.90
10.063805,7.92
10.058945,7.95
10.054091,7.98
10.049140,8.01
10.044295,8.05
10.039455,8.07
10.034619,8.08
10.029788,8.07
10.024862,8.04
10.020040,8.01
10.015223,7.96
10.010411,7.92
10.005603,7.90
10.000700,7.89
9.995902,7.91
9.991108,7.94
9.986319,7.97
9.981435,7.99
9.976655,8.01
9.971879,8.01
9.967109,7.99
9.962342,7.97
9.957482,7.96
9.952725,7.94
9.947972,7.94
9.943224,7.95
9.938481,7.96
9.933643,7.98
9.928909,7.99
9.924179,8.00
9.919454,8.00
9.914635,7.99
9.909919,7.98
9.905207,7.95
9.900500,7.92
9.895797,7.90
9.891001,7.87
9.886307,7.87
9.881618,7.87
9.876933,7.89
9.872253,7.91
9.867480,7.93
9.862808,7.94
9.858141,7.93
9.853479,7.91
9.848821,7.88
9.844070,7.86
9.839421,7.84
9.834776,7.84
9.830135,7.86
9.825403,7.89
9.820771,7.93
9.816144,7.97
9.811521,8.00
9.806902,8.01
9.802192,8.02
9.797582,8.02
9.792976,8.02
9.788375,8.02
9.783778,8.03
9.779090,8.04
9.774502,8.06
9.769918,8.07
9.765339,8.07
9.760668,8.07
9.756098,8.05
9.751531,8.03
9.746969,8.00
9.742411,7.97
9.737762,7.94
9.733213,7.92
9.728667,7.91
9.724127,7.90
9.719590,7.91
9.714963,7.92
9.710435,7.93
9.705911,7.94
9.701391,7.95
9.696782,7.96
9.692270,7.97
9.687763,7.97
9.683261,7.98
9.678762,7.99
9.674174,8.01
9.669684,8.01
9.665198,8.02
9.660716,8.02
9.656238,8.03
9.651671,8.03
9.647202,8.03
9.642737,8.04
9.638276,8.05
9.633819,8.06
9.629273,8.07
9.624824,8.07
9.620380,8.07
9.615939,8.06
9.611411,8.04
9.606979,8.03
9.602550,8.02
9.598126,8.02
9.593707,8.03
9.589199,8.05
9.584787,8.07
9.580379,8.08
9.575976,8.07
9.571576,8.06
9.567089,8.03
9.562698,7.99
9.558310,7.96
9.553927,7.93
9.549457,7.90
9.545081,7.89
9.540710,7.89
9.536343,7.90
9.531980,7.91
9.527530,7.92
9.523175,7.93
9.518823,7.93
9.514476,7.92
9.510133,7.91
9.505703,7.89
9.501368,7.87
9.497037,7.86
9.492710,7.85
9.488386,7.85
9.483977,7.86
9.479661,7.88
9.475350,7.91
9.471042,7.94
9.466649,7.97
9.462349,7.99
9.458054,8.00
9.453762,8.01
9.449474,8.00
9.445100,7.98
9.440820,7.95
9.436544,7.92
9.432272,7.88
9.428003,7.83
9.423650,7.80
9.419389,7.77
9.415132,7.74
9.410879,7.73
9.406541,7.73
9.402296,7.74
9.398055,7.76
9.393817,7.79
9.389583,7.82
9.385265,7.87
9.381039,7.90
9.376817,7.94
9.372598,7.95
9.368384,7.96
9.364085,7.95
9.359878,7.94
9.355675,7.92
9.351475,7.90
9.347279,7.88
9.343000,7.87
9.338812,7.86
9.334628,7.85
9.330447,7.85
9.326183,7.84
9.322010,7.84
9.317841,7.84
9.313675,7.84
9.309513,7.84
9.305269,7.85
9.301114,7.87
9.296964,7.89
9.292817,7.91
9.288673,7.94
9.284448,7.98
9.280312,8.02
9.276180,8.05
9.272051,8.07
9.267841,8.08
9.263720,8.07
9.259602,8.05
9.255489,8.01
9.251378,7.97
9.247187,7.94
9.243084,7.92
9.238985,7.91
9.234889,7.91
9.230798,7.93
9.226624,7.97
9.222540,8.00
9.218459,8.04
9.214382,8.07
9.210223,8.09
9.206153,8.10
9.202087,8.09
9.198024,8.07
9.193965,8.05
9.189825,8.02
9.185773,8.00
9.181725,7.99
9.177680,7.99
9.173639,7.99
9.169517,8.01
9.165483,8.04
9.161452,8.07
9.157425,8.11
9.153402,8.13
9.149298,8.15
9.145282,8.15
9.141269,8.14
9.137260,8.11
9.133171,8.06
9.129169,8.02
9.125170,7.98
9.121175,7.95
9.117183,7.93
9.113112,7.94
9.109127,7.96
9.105146,7.99
9.101169,8.02
9.097194,8.05
9.093141,8.08
9.089174,8.10
9.085210,8.11
9.081250,8.11
9.077211,8.10
9.073257,8.09
9.069308,8.08
9.065361,8.07
9.061418,8.07
9.057397,8.08
9.053461,8.09
9.049528,8.10
9.045599,8.10
9.041673,8.10
9.037669,8.09
9.033750,8.07
9.029835,8.06
9.025922,8.05
9.022014,8.05
9.018027,8.08
9.014125,8.12
9.010227,8.16
9.006331,8.21
9.002359,8.24
8.998470,8.26
8.994585,8.26
8.990704,8.24
8.986825,8.20
8.982870,8.16
8.978998,8.11
8.975130,8.08
8.971265,8.05
8.967403,8.04
8.963465,8.05
8.959610,8.07
8.955759,8.10
8.951910,8.13
8.947985,8.17
8.944144,8.20
8.940306,8.22
8.936471,8.24
8.932639,8.24
8.928731,8.25
8.924906,8.24
8.921084,8.24
8.917266,8.23
8.913450,8.21
8.909559,8.21
8.905750,8.20
8.901945,8.20
8.898143,8.22
8.894265,8.24
8.890469,8.26
8.886677,8.29
8.882888,8.30
8.879102,8.31
8.875241,8.31
8.871461,8.30
8.867685,8.28
8.863912,8.27
8.860143,8.27
8.856298,8.28
8.852534,8.29
8.848774,8.31
8.845018,8.33
8.841264,8.35
8.837435,8.36
8.833688,8.38
8.829944,8.39
8.826203,8.40
8.822388,8.41
8.818653,8.43
8.814922,8.45
8.811194,8.46
8.807469,8.48
8.803669,8.48
8.799951,8.48
8.796235,8.47
8.792523,8.46
8.788814,8.45
8.785030,8.45
8.781327,8.45
8.777628,8.45
8.773931,8.46
8.770160,8.47
8.766470,8.47
8.762783,8.47
8.759099,8.47
8.755417,8.45
8.751663,8.44
8.747988,8.43
8.744316,8.42
8.740648,8.41
8.736982,8.41
8.733243,8.40
8.729584,8.40
8.725927,8.40
8.722274,8.40
8.718624,8.41
8.714901,8.42
8.711257,8.43
8.707616,8.44
8.703978,8.45
8.700267,8.46
8.696635,8.48
8.693006,8.50
8.689381,8.52
8.685758,8.55
8.682063,8.57
8.678446,8.60
8.674833,8.62
8.671222,8.64
8.667614,8.64
8.663935,8.64
8.660333,8.63
8.656735,8.61
8.653139,8.60
8.649472,8.58
8.645882,8.57
8.642295,8.56
8.638712,8.55
8.635131,8.54
8.631479,8.54
8.627904,8.54
8.624333,8.53
8.620764,8.52
8.617198,8.50
8.613561,8.49
8.610001,8.48
8.606445,8.48
8.602891,8.49
8.599266,8.50
8.595718,8.52
8.592173,8.53
8.588630,8.55
8.585091,8.57
8.581481,8.59
8.577948,8.60
8.574417,8.62
8.570890,8.63
8.567365,8.65
8.563770,8.67
8.560251,8.68
8.556735,8.69
8.553222,8.70
8.549712,8.71
8.546132,8.72
8.542628,8.72
8.539126,8.72
8.535628,8.71
8.532059,8.69
8.528566,8.67
8.525077,8.64
8.521589,8.61
8.518105,8.58
8.514551,8.56
8.511073,8.56
8.507597,8.56
8.504125,8.58
8.500655,8.61
8.497115,8.64
8.493651,8.67
8.490190,8.70
8.486731,8.73
8.483203,8.76
8.479750,8.77
8.476300,8.78
8.472853,8.78
8.469408,8.77
8.465895,8.75
8.462456,8.73
8.459020,8.72
8.455587,8.70
8.452157,8.70
8.448658,8.69
8.445233,8.68
8.441811,8.68
8.438391,8.67
8.434975,8.67
8.431490,8.66
8.428079,8.66
8.424671,8.66
8.421265,8.67
8.417792,8.68
8.414392,8.69
8.410995,8.70
8.407600,8.71
8.404209,8.73
8.400749,8.74
8.397363,8.76
8.393980,8.77
8.390599,8.79
8.387221,8.80
8.383776,8.81
8.380403,8.81
8.377034,8.80
8.373666,8.79
8.370232,8.76
8.366871,8.74
8.363512,8.71
8.360155,8.69
8.356802,8.68
8.353381,8.68
8.350033,8.68
8.346688,8.69
8.343345,8.69
8.340005,8.70
8.336599,8.70
8.333264,8.71
8.329932,8.71
8.326603,8.72
8.323276,8.72
8.319883,8.73
8.316562,8.74
8.313243,8.75
8.309927,8.75
8.306545,8.75
8.303234,8.75
8.299926,8.74
8.296621,8.73
8.293318,8.72
8.289949,8.70
8.286652,8.69
8.283357,8.68
8.280065,8.67
8.276775,8.67
8.273420,8.66
8.270136,8.67
8.266854,8.67
8.263575,8.68
8.260230,8.69
8.256956,8.70
8.253685,8.72
8.250417,8.74
8.247151,8.77
8.243819,8.79
8.240558,8.82
8.237300,8.84
8.234044,8.86
8.230791,8.87
8.227473,8.87
8.224225,8.87
8.220980,8.86
8.217737,8.85
8.214429,8.84
8.211192,8.84
8.207957,8.83
8.204724,8.84
8.201494,8.85
8.198200,8.86
8.194975,8.87
8.191753,8.87
8.188533,8.88
8.185316,8.88
8.182034,8.87
8.178822,8.87
8.175612,8.87
8.172405,8.87
8.169200,8.88
8.165932,8.89
8.162732,8.90
8.159535,8.91
8.156341,8.91
8.153082,8.91
8.149893,8.90
8.146706,8.89
8.143521,8.87
8.140339,8.85
8.137094,8.83
8.133917,8.81
8.130742,8.80
8.127570,8.79
8.124401,8.78
8.121168,8.77
8.118003,8.76
8.114841,8.74
8.111682,8.72
8.108459,8.69
8.105304,8.67
8.102152,8.66
8.099002,8.65
8.095855,8.66
8.092645,8.67
8.089502,8.70
8.086362,8.72
8.083225,8.74
8.080090,8.75
8.076892,8.74
8.073762,8.73
8.070634,8.71
8.067509,8.69
8.064386,8.68
8.061201,8.67
8.058083,8.66
8.054967,8.67
8.051854,8.69
8.048678,8.71
8.045570,8.75
8.042464,8.78
8.039361,8.82
8.036260,8.85
8.033096,8.87
8.030000,8.88
8.026906,8.88
8.023815,8.88
8.020726,8.86
8.017575,8.84
8.014490,8.82
8.011408,8.80
8.008329,8.78
8.005187,8.77
8.002113,8.77
7.999040,8.77
7.995970,8.78
7.992902,8.80
7.989773,8.81
7.986710,8.82
7.983649,8.83
7.980591,8.83
7.977535,8.83
7.974418,8.82
7.971367,8.82
7.968318,8.81
7.965271,8.80
7.962164,8.80
7.959122,8.80
7.956082,8.81
7.953045,8.81
7.950010,8.82
7.946915,8.82
7.943884,8.83
7.940857,8.83
7.937831,8.82
7.934808,8.81
7.931724,8.80
7.928705,8.78
7.925689,8.76
7.922675,8.75
7.919663,8.74
7.916591,8.74
7.913584,8.74
7.910579,8.74
7.907576,8.74
7.904513,8.74
7.901516,8.73
7.898520,8.72
7.895526,8.71
7.892535,8.71
7.889484,8.72
7.886498,8.74
7.883513,8.76
7.880531,8.80
7.877551,8.84
7.874512,8.88
7.871537,8.92
7.868564,8.96
7.865593,8.98
7.862562,9.00
7.859596,9.01
7.856632,9.01
7.853670,9.01
7.850711,9.01
7.847692,9.00
7.844737,9.00
7.841784,9.00
7.838834,8.99
7.835885,8.98
7.832878,8.96
7.829934,8.95
7.826992,8.94
7.824053,8.94
7.821115,8.94
7.818119,8.95
7.815186,8.97
7.812256,8.98
7.809327,8.98
7.806340,8.98
7.803416,8.96
7.800495,8.95
7.797575,8.94
7.794658,8.93
7.791682,8.93
7.788769,8.94
7.785858,8.96
7.782949,8.97
7.780043,8.99
7.777078,9.00
7.774176,9.00
7.771276,8.99
7.768378,8.99
7.765422,8.98
7.762529,8.97
7.759637,8.97
7.756748,8.97
7.753861,8.98
7.750917,8.99
7.748034,9.00
7.745153,9.02
7.742275,9.03
7.739399,9.04
7.736465,9.05
7.733593,9.06
7.730723,9.07
7.727856,9.09
7.724931,9.10
7.722067,9.11
7.719206,9.11
7.716347,9.12
7.713490,9.12
7.710576,9.13
7.707723,9.14
7.704873,9.15
7.702024,9.16
7.699178,9.17
7.696274,9.18
7.693432,9.18
7.690592,9.18
7.687754,9.17
7.684918,9.16
7.682026,9.15
7.679194,9.15
7.676364,9.15
7.673537,9.15
7.670653,9.16
7.667830,9.17
7.665008,9.18
7.662189,9.19
7.659372,9.19
7.656499,9.20
7.653686,9.21
7.650875,9.22
7.648067,9.22
7.645260,9.22
7.642397,9.22
7.639594,9.22
7.636794,9.22
7.633996,9.23
7.631141,9.25
7.628347,9.28
7.625555,9.32
7.622765,9.37
7.619977,9.41
7.617132,9.44
7.614348,9.46
7.611567,9.47
7.608787,9.46
7.606009,9.45
7.603175,9.44
7.600401,9.44
7.597630,9.46
7.594860,9.49
7.592092,9.53
7.589269,9.57
7.586505,9.61
7.583743,9.63
7.580984,9.62
7.578169,9.58
7.575413,9.52
7.572660,9.46
7.569908,9.39
7.567159,9.33
7.564354,9.29
7.561608,9.26
7.558865,9.23
7.556123,9.22
7.553384,9.20
7.550589,9.19
7.547853,9.18
7.545120,9.17
7.542388,9.17
7.539602,9.18
7.536874,9.19
7.534149,9.21
7.531425,9.23
7.528703,9.25
7.525927,9.26
7.523209,9.27
7.520493,9.28
7.517780,9.27
7.515068,9.26
7.512301,9.24
7.509594,9.22
7.506888,9.20
7.504184,9.18
7.501482,9.18
7.498725,9.18
7.496027,9.21
7.493331,9.24
7.490637,9.30
7.487888,9.37
7.485198,9.46
7.482510,9.57
7.479823,9.70
7.477139,9.84
7.474400,9.98
7.471720,10.09
7.469041,10.16
7.466364,10.16
7.463689,10.07
7.460961,9.93
7.458290,9.76
7.455620,9.60
7.452953,9.48
7.450232,9.38
7.447569,9.33
7.444908,9.29
7.442248,9.28
7.439591,9.28
7.436879,9.28
7.434226,9.28
7.431574,9.28
7.428924,9.30
7.426276,9.32
7.423574,9.35
7.420930,9.39
7.418288,9.43
7.415647,9.46
7.412953,9.48
7.410317,9.48
7.407682,9.47
7.405049,9.44
7.402418,9.42
7.399734,9.40
7.397106,9.39
7.394481,9.40
7.391857,9.41
7.389235,9.42
7.386561,9.44
7.383943,9.45
7.381327,9.44
7.378712,9.44
7.376100,9.42
7.373435,9.41
7.370826,9.40
7.368219,9.40
7.365614,9.41
7.362957,9.42
7.360356,9.45
7.357756,9.49
7.355159,9.55
7.352563,9.62
7.349915,9.71
7.347323,9.81
7.344732,9.91
7.342144,9.98
7.339557,10.01
7.336919,9.97
7.334336,9.89
7.331755,9.78
7.329175,9.68
7.326544,9.60
7.323968,9.55
7.321395,9.52
7.318823,9.52
7.316252,9.53
7.313630,9.55
7.311064,9.57
7.308499,9.58
7.305936,9.57
7.303375,9.55
7.300762,9.53
7.298205,9.51
7.295649,9.51
7.293095,9.54
7.290490,9.59
7.287939,9.68
7.285391,9.79
7.282844,9.90
7.280299,10.00
7.277703,10.05
7.275161,10.04
7.272621,9.98
7.270084,9.88
7.267547,9.78
7.264960,9.70
7.262428,9.64
7.259897,9.61
7.257368,9.58
7.254841,9.57
7.252263,9.55
7.249739,9.53
7.247217,9.50
7.244697,9.47
7.242126,9.45
7.239609,9.42
7.237094,9.41
7.234581,9.40
7.232070,9.41
7.229508,9.43
7.227000,9.48
7.224494,9.55
7.221990,9.65
7.219487,9.77
7.216934,9.92
7.214435,10.06
7.211937,10.17
7.209441,10.22
7.206896,10.19
7.204403,10.10
7.201913,9.98
7.199424,9.86
7.196937,9.76
7.194400,9.68
7.191916,9.64
7.189434,9.62
7.186954,9.63
7.184476,9.67
7.181947,9.74
7.179472,9.84
7.176999,9.98
7.174528,10.14
7.172058,10.30
7.169538,10.43
7.167072,10.51
7.164607,10.53
7.162144,10.51
7.159631,10.46
7.157171,10.41
7.154714,10.36
7.152257,10.31
7.149803,10.24
7.147299,10.15
7.144847,10.03
7.142398,9.91
7.139950,9.80
7.137504,9.71
7.135009,9.66
7.132566,9.64
7.130125,9.66
7.127685,9.70
7.125197,9.76
7.122761,9.82
7.120326,9.87
7.117894,9.88
7.115463,9.86
7.112983,9.81
7.110555,9.75
7.108129,9.70
7.105704,9.65
7.103282,9.63
7.100810,9.62
7.098391,9.62
7.095973,9.65
7.093557,9.68
7.091142,9.72
7.088679,9.75
7.086268,9.76
7.083859,9.76
7.081451,9.75
7.078994,9.72
7.076590,9.70
7.074187,9.70
7.071786,9.71
7.069386,9.74
7.066938,9.80
7.064542,9.88
7.062147,10.00
7.059754,10.14
7.057362,10.30
7.054923,10.48
7.052534,10.65
7.050148,10.77
7.047763,10.80
7.045330,10.73
7.042948,10.61
7.040568,10.48
7.038189,10.38
7.035812,10.32
7.033387,10.29
7.031014,10.29
7.028642,10.30
7.026271,10.31
7.023902,10.29
7.021486,10.24
7.019120,10.16
7.016756,10.08
7.014394,10.01
7.011983,9.96
7.009624,9.95
7.007267,9.97
7.004910,10.01
7.002556,10.07
7.000154,10.13
6.997803,10.19
6.995453,10.22
6.993105,10.22
6.990758,10.19
6.988364,10.14
6.986021,10.09
6.983679,10.04
6.981339,10.02
6.979000,10.01
6.976614,10.04
6.974279,10.10
6.971945,10.20
6.969612,10.32
6.967233,10.45
6.964904,10.58
6.962576,10.63
6.960250,10.60
6.957925,10.47
6.955554,10.29
6.953233,10.12
6.950913,9.97
6.948594,9.86
6.946277,9.78
6.943914,9.72
6.941600,9.69
6.939288,9.67
6.936978,9.67
6.934620,9.68
6.932313,9.69
6.930007,9.71
6.927702,9.74
6.925400,9.77
6.923050,9.82
6.920750,9.87
6.918452,9.93
6.916155,10.01
6.913860,10.08
6.911519,10.14
6.909227,10.18
6.906936,10.18
6.904647,10.15
6.902359,10.11
6.900026,10.05
6.897741,10.01
6.895458,9.99
6.893176,9.99
6.890849,10.01
6.888570,10.05
6.886294,10.11
6.884018,10.19
6.881744,10.29
6.879424,10.42
6.877153,10.59
6.874884,10.81
6.872616,11.12
6.870350,11.53
6.868038,12.07
6.865774,12.63
6.863512,12.99
6.861252,12.90
6.858946,12.43
6.856688,11.84
6.854432,11.33
6.852178,10.93
6.849925,10.62
6.847627,10.40
6.845377,10.25
6.843128,10.15
6.840881,10.09
6.838636,10.09
6.836345,10.13
6.834102,10.20
6.831861,10.29
6.829621,10.37
6.827337,10.41
6.825100,10.39
6.822865,10.32
6.820631,10.23
6.818399,10.13
6.816121,10.05
6.813892,10.00
6.811664,9.98
6.809438,10.00
6.807213,10.05
6.804943,10.14
6.802721,10.28
6.800501,10.47
6.798281,10.74
6.796064,11.07
6.793801,11.44
6.791587,11.76
6.789373,11.93
6.787161,11.91
6.784905,11.77
6.782696,11.58
6.780488,11.38
6.778282,11.18
6.776078,10.99
6.773829,10.80
6.771627,10.62
6.769427,10.45
6.767228,10.32
6.765030,10.23
6.762788,10.17
6.760594,10.15
6.758401,10.16
6.756209,10.18
6.753973,10.20
6.751784,10.22
6.749597,10.22
6.747411,10.19
6.745226,10.16
6.742997,10.13
6.740816,10.11
6.738635,10.12
6.736456,10.15
6.734279,10.23
6.732057,10.34
6.729883,10.49
6.727709,10.69
6.725538,10.91
6.723367,11.15
6.721153,11.40
6.718985,11.62
6.716819,11.75
6.714654,11.76
6.712446,11.61
6.710284,11.34
6.708123,11.05
6.705964,10.78
6.703806,10.59
6.701604,10.47
6.699449,10.41
6.697296,10.41
6.695143,10.46
6.692992,10.56
6.690798,10.72
6.688650,10.92
6.686503,11.17
6.684358,11.43
6.682169,11.65
6.680027,11.79
6.677886,11.82
6.675746,11.74
6.673607,11.60
6.671426,11.44
6.669290,11.27
6.667156,11.12
6.665023,11.00
6.662891,10.91
6.660716,10.87
6.658588,10.85
6.656460,10.86
6.654334,10.90
6.652209,10.96
6.650042,11.04
6.647920,11.16
6.645799,11.32
6.643680,11.58
6.641517,12.00
6.639401,12.68
6.637286,13.58
6.635172,14.28
6.633059,14.33
6.630904,13.92
6.628794,13.41
6.626686,12.96
6.624579,12.60
6.622473,12.30
6.620324,12.04
6.618221,11.82
6.616120,11.63
6.614019,11.49
6.611876,11.39
6.609779,11.34
6.607682,11.34
6.605587,11.40
6.603493,11.51
6.601357,11.67
6.599266,11.87
6.597176,12.09
6.595088,12.27
6.593001,12.36
6.590872,12.35
6.588787,12.27
6.586704,12.18
6.584622,12.14
6.582498,12.18
6.580419,12.30
6.578341,12.53
6.576265,12.85
6.574190,13.15
6.572073,13.32
6.570000,13.28
6.567929,13.09
6.565859,12.88
6.563790,12.72
6.561680,12.61
6.559614,12.54
6.557549,12.49
6.555486,12.44
6.553424,12.34
6.551320,12.20
6.549260,12.01
6.547202,11.79
6.545145,11.57
6.543047,11.37
6.540992,11.22
6.538939,11.11
6.536888,11.06
6.534837,11.06
6.532745,11.12
6.530698,11.23
6.528651,11.39
6.526606,11.58
6.524562,11.76
6.522476,11.87
6.520435,11.86
6.518395,11.75
6.516356,11.60
6.514276,11.47
6.512240,11.38
6.510205,11.34
6.508171,11.34
6.506139,11.37
6.504065,11.46
6.502035,11.61
6.500007,11.88
6.497979,12.33
6.495953,13.05
6.493886,14.01
6.491862,14.86
6.489840,15.17
6.487819,14.92
6.485799,14.45
6.483739,13.98
6.481722,13.55
6.479706,13.14
6.477691,12.71
6.475635,12.26
6.473623,11.82
6.471612,11.42
6.469603,11.10
6.467594,10.87
6.465545,10.72
6.463539,10.64
6.461534,10.63
6.459531,10.68
6.457529,10.76
6.455486,10.87
6.453486,10.97
6.451488,11.04
6.449491,11.07
6.447453,11.08
6.445459,11.09
6.443465,11.10
6.441473,11.15
6.439482,11.25
6.437451,11.38
6.435462,11.55
6.433475,11.73
6.431489,11.90
6.429504,12.04
6.427479,12.14
6.425496,12.21
6.423515,12.29
6.421535,12.38
6.419515,12.53
6.417538,12.72
6.415562,12.79
6.413587,12.57
6.411613,12.21
6.409599,11.87
6.407628,11.63
6.405657,11.45
6.403689,11.31
6.401721,11.21
6.399713,11.13
6.397748,11.06
6.395784,11.01
6.393821,10.97
6.391859,10.93
6.389858,10.89
6.387899,10.85
6.385941,10.83
6.383984,10.83
6.381987,10.85
6.380033,10.92
6.378080,11.01
6.376128,11.13
6.374177,11.25
6.372187,11.31
6.370238,11.28
6.368291,11.17
6.366345,11.04
6.364400,10.93
6.362416,10.85
6.360473,10.82
6.358532,10.83
6.356592,10.88
6.354613,10.97
6.352675,11.11
6.350739,11.30
6.348803,11.53
6.346869,11.75
6.344896,11.88
6.342964,11.85
6.341033,11.68
6.339104,11.44
6.337176,11.19
6.335209,10.97
6.333283,10.80
6.331358,10.65
6.329434,10.55
6.327512,10.47
6.325551,10.42
6.323631,10.39
6.321712,10.37
6.319794,10.36
6.317838,10.34
6.315922,10.32
6.314008,10.30
6.312095,10.26
6.310183,10.22
6.308233,10.19
6.306323,10.16
6.304415,10.14
6.302508,10.13
6.300602,10.14
6.298657,10.17
6.296753,10.21
6.294851,10.25
6.292949,10.30
6.291010,10.33
6.289110,10.36
6.287212,10.38
6.285316,10.39
6.283420,10.40
6.281486,10.41
6.279593,10.43
6.277700,10.47
6.275809,10.51
6.273919,10.55
6.271991,10.58
6.270104,10.59
6.268217,10.58
6.266332,10.54
6.264447,10.49
6.262525,10.42
6.260643,10.37
6.258762,10.32
6.256883,10.30
6.254965,10.30
6.253087,10.32
6.251211,10.36
6.249336,10.42
6.247462,10.49
6.245550,10.56
6.243678,10.61
6.241808,10.64
6.239938,10.65
6.238070,10.63
6.236164,10.61
6.234297,10.58
6.232432,10.57
6.230568,10.57
6.228667,10.60
6.226805,10.65
6.224945,10.71
6.223085,10.77
6.221227,10.82
6.219331,10.85
6.217475,10.84
6.215620,10.79
6.213766,10.72
6.211913,10.64
6.210023,10.57
6.208172,10.51
6.206323,10.47
6.204475,10.46
6.202589,10.48
6.200743,10.52
6.198898,10.59
6.197054,10.68
6.195211,10.80
6.193331,10.95
6.191490,11.13
6.189651,11.33
6.187812,11.52
6.185975,11.64
6.184101,11.66
6.182266,11.58
6.180432,11.45
6.178599,11.32
6.176767,11.22
6.174898,11.14
6.173068,11.11
6.171240,11.12
6.169412,11.17
6.167548,11.26
6.165722,11.39
6.163898,11.53
6.162075,11.63
6.160253,11.64
6.158394,11.58
6.156574,11.45
6.154755,11.32
6.152937,11.20
6.151121,11.12
6.149267,11.07
6.147453,11.04
6.145639,11.02
6.143827,10.98
6.141978,10.92
6.140168,10.85
6.138359,10.77
6.136551,10.70
6.134744,10.66
6.132900,10.63
6.131095,10.64
6.129291,10.67
6.127489,10.74
6.125687,10.83
6.123849,10.97
6.122049,11.15
6.120251,11.40
6.118453,11.74
6.116619,12.14
6.114824,12.55
6.113030,12.80
6.111237,12.76
6.109445,12.51
6.107616,12.17
6.105826,11.85
6.104037,11.58
6.102249,11.37
6.100462,11.20
6.098639,11.07
6.096855,10.98
6.095071,10.92
6.093288,10.89
6.091507,10.89
6.089689,10.92
6.087909,10.97
6.086131,11.04
6.084353,11.13
6.082540,11.25
6.080765,11.42
6.078990,11.67
6.077217,12.00
6.075445,12.39
6.073637,12.77
6.071867,12.96
6.070097,12.87
6.068329,12.61
6.066562,12.32
6.064760,12.10
6.062995,11.95
6.061231,11.87
6.059468,11.85
6.057669,11.88
6.055908,11.97
6.054148,12.12
6.052389,12.33
6.050632,12.57
6.048838,12.69
6.047083,12.57
6.045328,12.31
6.043574,12.02
6.041821,11.76
6.040033,11.54
6.038283,11.34
6.036533,11.17
6.034784,11.02
6.033037,10.91
6.031254,10.82
6.029508,10.77
6.027764,10.77
6.026020,10.81
6.024242,10.89
6.022500,11.01
6.020760,11.16
6.019020,11.31
6.017282,11.43
6.015508,11.47
6.013772,11.42
6.012036,11.29
6.010302,11.14
6.008568,11.00
6.006800,10.90
6.005068,10.85
6.003338,10.85
6.001608,10.89
5.999844,10.98
5.998117,11.12
5.996390,11.32
5.994665,11.58
5.992940,11.89
5.991181,12.20
5.989459,12.44
5.987737,12.53
5.986017,12.49
5.984297,12.35
5.982543,12.19
5.980825,12.05
5.979109,11.95
5.977393,11.89
5.975679,11.88
5.973930,11.88
5.972217,11.89
5.970506,11.86
5.968795,11.77
5.967050,11.64
5.965341,11.50
5.963634,11.38
5.961927,11.30
5.960221,11.26
5.958481,11.26
5.956778,11.31
5.955075,11.40
5.953373,11.51
5.951672,11.65
5.949937,11.78
5.948238,11.91
5.946541,12.04
5.944844,12.19
5.943113,12.37
5.941418,12.61
5.939724,12.88
5.938031,13.06
5.936339,13.06
5.934612,12.89
5.932922,12.66
5.931233,12.46
5.929545,12.29
5.927858,12.16
5.926137,12.05
5.924451,11.96
5.922767,11.86
5.921084,11.76
5.919366,11.65
5.917685,11.53
5.916005,11.43
5.914325,11.34
5.912647,11.28
5.910934,11.27
5.909257,11.29
5.907582,11.35
5.905907,11.46
5.904233,11.61
5.902526,11.82
5.900854,12.10
5.899183,12.45
5.897513,12.84
5.895844,13.20
5.894141,13.47
5.892474,13.62
5.890808,13.68
5.889143,13.69
5.887444,13.68
5.885781,13.63
5.884118,13.53
5.882457,13.34
5.880796,13.07
5.879102,12.79
5.877444,12.55
5.875786,12.38
5.874129,12.27
5.872473,12.21
5.870784,12.20
5.869130,12.22
5.867477,12.26
5.865825,12.29
5.864140,12.28
5.862489,12.19
5.860840,12.04
5.859192,11.85
5.857545,11.67
5.855864,11.52
5.854218,11.40
5.852574,11.32
5.850930,11.27
5.849287,11.24
5.847611,11.23
5.845970,11.23
5.844330,11.24
5.842691,11.27
5.841053,11.34
5.839382,11.44
5.837746,11.59
5.836110,11.80
5.834476,12.07
5.832808,12.38
5.831176,12.72
5.829544,13.04
5.827913,13.30
5.826284,13.44
5.824621,13.38
5.822993,13.12
5.821366,12.72
5.819739,12.30
5.818114,11.95
5.816456,11.68
5.814832,11.50
5.813210,11.37
5.811588,11.29
5.809934,11.23
5.808314,11.20
5.806695,11.17
5.805077,11.14
5.803460,11.10
5.801810,11.05
5.800195,11.00
5.798581,10.94
5.796967,10.89
5.795354,10.86
5.793709,10.84
5.792098,10.85
5.790489,10.87
5.788880,10.92
5.787238,10.99
5.785631,11.07
5.784025,11.18
5.782419,11.29
5.780815,11.42
5.779178,11.55
5.777575,11.69
5.775973,11.84
5.774372,12.02
5.772772,12.22
5.771140,12.44
5.769541,12.65
5.767944,12.76
5.766348,12.70
5.764752,12.51
5.763124,12.27
5.761530,12.06
5.759937,11.92
5.758345,11.84
5.756721,11.80
5.755131,11.81
5.753541,11.86
5.751953,11.91
5.750365,11.97
5.748745,12.00
5.747159,11.99
5.745574,11.96
5.743990,11.92
5.742407,11.89
5.740792,11.88
5.739210,11.88
5.737630,11.89
5.736050,11.90
5.734438,11.92
5.732860,11.93
5.731283,11.95
5.729707,11.98
5.728131,12.04
5.726524,12.14
5.724950,12.26
5.723378,12.39
5.721806,12.52
5.720235,12.60
5.718632,12.62
5.717063,12.58
5.715494,12.48
5.713927,12.34
5.712360,12.16
5.710761,11.97
5.709196,11.77
5.707632,11.57
5.706069,11.41
5.704474,11.27
5.702912,11.18
5.701352,11.13
5.699792,11.13
5.698233,11.16
5.696642,11.22
5.695085,11.30
5.693529,11.37
5.691973,11.40
5.690418,11.40
5.688832,11.37
5.687279,11.32
5.685727,11.29
5.684176,11.27
5.682593,11.28
5.681043,11.31
5.679495,11.36
5.677947,11.40
5.676400,11.41
5.674821,11.38
5.673276,11.31
5.671732,11.21
5.670188,11.11
5.668645,11.03
5.667071,10.98
5.665530,10.95
5.663989,10.95
5.662450,10.98
5.660911,11.03
5.659342,11.10
5.657805,11.19
5.656269,11.29
5.654733,11.39
5.653167,11.50
5.651633,11.63
5.650101,11.78
5.648569,11.98
5.647038,12.19
5.645475,12.40
5.643946,12.54
5.642417,12.56
5.640890,12.43
5.639363,12.24
5.637805,12.02
5.636280,11.82
5.634755,11.64
5.633232,11.49
5.631677,11.37
5.630155,11.27
5.628634,11.19
5.627114,11.16
5.625594,11.15
5.624044,11.18
5.622526,11.23
5.621009,11.29
5.619493,11.34
5.617978,11.38
5.616431,11.38
5.614918,11.35
5.613405,11.30
5.611893,11.24
5.610350,11.20
5.608840,11.16
5.607330,11.14
5.605821,11.12
5.604313,11.09
5.602774,11.07
5.601268,11.04
5.599763,11.00
5.598258,10.97
5.596754,10.95
5.595219,10.94
5.593717,10.96
5.592216,11.00
5.590715,11.07
5.589215,11.17
5.587685,11.32
5.586186,11.49
5.584689,11.69
5.583192,11.88
5.581665,12.01
5.580170,12.06
5.578676,12.02
5.577183,11.92
5.575690,11.81
5.574167,11.70
5.572676,11.62
5.571186,11.56
5.569696,11.50
5.568208,11.45
5.566689,11.40
5.565202,11.36
5.563716,11.32
5.562230,11.30
5.560715,11.29
5.559231,11.31
5.557748,11.35
5.556266,11.40
5.554784,11.43
5.553273,11.44
5.551793,11.42
5.550314,11.36
5.548835,11.29
5.547358,11.22
5.545850,11.16
5.544374,11.11
5.542899,11.07
5.541425,11.05
5.539951,11.05
5.538448,11.05
5.536976,11.06
5.535505,11.08
5.534034,11.10
5.532534,11.12
5.531065,11.15
5.529597,11.19
5.528130,11.23
5.526663,11.27
5.525167,11.31
5.523702,11.33
5.522238,11.33
5.520775,11.31
5.519312,11.25
5.517820,11.18
5.516359,11.10
5.514898,11.03
5.513439,10.97
5.511950,10.93
5.510492,10.91
5.509035,10.91
5.507578,10.92
5.506123,10.93
5.504638,10.95
5.503184,10.95
5.501730,10.95
5.500278,10.94
5.498826,10.93
5.497345,10.92
5.495895,10.91
5.494445,10.92
5.492996,10.93
5.491518,10.96
5.490071,10.99
5.488625,11.03
5.487179,11.07
5.485734,11.13
5.484260,11.19
5.482817,11.25
5.481374,11.30
5.479932,11.34
5.478491,11.36
5.477021,11.37
5.475582,11.38
5.474143,11.41
5.472705,11.46
5.471268,11.54
5.469801,11.63
5.468366,11.73
5.466931,11.80
5.465496,11.80
5.464033,11.73
5.462600,11.59
5.461168,11.43
5.459737,11.28
5.458307,11.15
5.456847,11.06
5.455418,11.00
5.453990,10.96
5.452563,10.95
5.451136,10.95
5.449680,10.97
5.448255,11.00
5.446831,11.03
5.445407,11.05
5.443954,11.06
5.442532,11.05
5.441111,11.04
5.439690,11.01
5.438270,11.00
5.436821,10.99
5.435403,11.01
5.433985,11.05
5.432568,11.12
5.431152,11.21
5.429707,11.32
5.428292,11.46
5.426878,11.61
5.425465,11.74
5.424052,11.85
5.422611,11.90
5.421200,11.88
5.419790,11.82
5.418380,11.72
5.416942,11.61
5.415534,11.51
5.414127,11.41
5.412720,11.31
5.411314,11.23
5.409880,11.15
5.408475,11.08
5.407071,11.03
5.405668,10.99
5.404266,10.96
5.402835,10.94
5.401435,10.93
5.400035,10.93
5.398635,10.93
5.397207,10.94
5.395810,10.94
5.394412,10.93
5.393016,10.93
5.391620,10.93
5.390196,10.93
5.388802,10.94
5.387409,10.96
5.386016,10.98
5.384624,11.01
5.383203,11.03
5.381813,11.05
5.380423,11.06
5.379034,11.06
5.377645,11.05
5.376228,11.03
5.374841,11.00
5.373455,10.97
5.372070,10.94
5.370656,10.91
5.369272,10.91
5.367888,10.91
5.366505,10.94
5.365123,10.99
5.363713,11.06
5.362333,11.16
5.360953,11.28
5.359574,11.43
5.358195,11.60
5.356789,11.77
5.355412,11.95
5.354036,12.08
5.352660,12.15
5.351256,12.12
5.349882,12.01
5.348509,11.84
5.347136,11.66
5.345764,11.48
5.344364,11.34
5.342993,11.22
5.341624,11.13
5.340254,11.06
5.338886,11.02
5.337489,10.99
5.336122,10.98
5.334756,10.98
5.333390,10.99
5.331997,11.00
5.330632,11.00
5.329269,11.00
5.327906,10.99
5.326544,10.98
5.325154,10.97
5.323793,10.95
5.322433,10.94
5.321074,10.93
5.319715,10.93
5.318329,10.93
5.316971,10.95
5.315615,10.97
5.314259,10.99
5.312903,11.02
5.311521,11.06
5.310167,11.09
5.308814,11.12
5.307461,11.14
5.306081,11.15
5.304730,11.14
5.303380,11.13
5.302030,11.12
5.300681,11.13
5.299305,11.15
5.297957,11.18
5.296610,11.24
5.295264,11.30
5.293918,11.35
5.292545,11.38
5.291201,11.38
5.289858,11.35
5.288515,11.30
5.287145,11.26
5.285803,11.22
5.284463,11.20
5.283123,11.20
5.281783,11.22
5.280417,11.24
5.279078,11.26
5.277741,11.27
5.276404,11.27
5.275068,11.25
5.273705,11.22
5.272371,11.18
5.271037,11.14
5.269703,11.10
5.268343,11.07
5.267011,11.05
5.265680,11.03
5.264349,11.02
5.263019,11.02
5.261662,11.02
5.260334,11.03
5.259006,11.05
5.257679,11.08
5.256352,11.10
5.254999,11.13
5.253674,11.15
5.252349,11.17
5.251025,11.18
5.249702,11.19
5.248352,11.19
5.247030,11.20
5.245709,11.22
5.244389,11.24
5.243041,11.27
5.241722,11.30
5.240404,11.33
5.239086,11.35
5.237769,11.35
5.236425,11.33
5.235109,11.30
5.233794,11.24
5.232479,11.19
5.231165,11.13
5.229825,11.09
5.228512,11.05
5.227200,11.03
5.225889,11.02
5.224551,11.02
5.223241,11.04
5.221932,11.07
5.220624,11.12
5.219316,11.18
5.217981,11.25
5.216675,11.32
5.215369,11.36
5.214063,11.38
5.212759,11.37
5.211428,11.34
5.210124,11.31
5.208822,11.29
5.207520,11.29
5.206218,11.32
5.204891,11.36
5.203590,11.41
5.202291,11.45
5.200992,11.46
5.199667,11.44
5.198370,11.38
5.197073,11.32
5.195777,11.25
5.194481,11.20
5.193160,11.17
5.191865,11.14
5.190572,11.13
5.189279,11.13
5.187987,11.13
5.186668,11.13
5.185377,11.13
5.184087,11.13
5.182797,11.13
5.181481,11.13
5.180193,11.13
5.178905,11.14
5.177618,11.14
5.176332,11.15
5.175019,11.16
5.173734,11.17
5.172449,11.17
5.171166,11.17
5.169882,11.17
5.168573,11.17
5.167291,11.16
5.166010,11.15
5.164729,11.13
5.163449,11.12
5.162143,11.11
5.160864,11.10
5.159586,11.09
5.158308,11.09
5.157005,11.10
5.155729,11.14
5.154453,11.19
5.153178,11.26
5.151904,11.34
5.150604,11.42
5.149331,11.48
5.148058,11.51
5.146786,11.51
5.145515,11.48
5.144218,11.44
5.142948,11.40
5.141679,11.36
5.140410,11.33
5.139116,11.30
5.137848,11.27
5.136582,11.25
5.135316,11.22
5.134050,11.19
5.132759,11.17
5.131495,11.16
5.130231,11.15
5.128968,11.15
5.127706,11.14
5.126417,11.14
5.125156,11.14
5.123896,11.14
5.122636,11.15
5.121377,11.16
5.120092,11.17
5.118834,11.19
5.117576,11.21
5.116320,11.23
5.115037,11.23
5.113782,11.24
5.112527,11.23
5.111272,11.22
5.110019,11.21
5.108740,11.20
5.107487,11.19
5.106235,11.19
5.104984,11.20
5.103733,11.21
5.102457,11.23
5.101208,11.24
5.099959,11.26
5.098711,11.27
5.097438,11.27
5.096191,11.27
5.094944,11.26
5.093699,11.26
5.092453,11.27
5.091183,11.29
5.089939,11.32
5.088696,11.37
5.087453,11.42
5.086211,11.46
5.084944,11.49
5.083703,11.49
5.082463,11.47
5.081223,11.42
5.079959,11.36
5.078720,11.30
5.077482,11.24
5.076245,11.20
5.075009,11.16
5.073747,11.14
5.072512,11.13
5.071277,11.12
5.070043,11.13
5.068809,11.13
5.067550,11.15
5.066318,11.16
5.065086,11.17
5.063855,11.18
5.062625,11.18
5.061369,11.18
5.060140,11.18
5.058911,11.17
5.057683,11.17
5.056430,11.17
5.055203,11.18
5.053976,11.19
5.052751,11.20
5.051526,11.21
5.050275,11.22
5.049052,11.22
5.047828,11.23
5.046605,11.23
5.045383,11.23
5.044136,11.22
5.042915,11.22
5.041695,11.22
5.040475,11.22
5.039230,11.22
5.038012,11.23
5.036794,11.24
5.035576,11.25
5.034360,11.27
5.033118,11.30
5.031902,11.33
5.030687,11.36
5.029473,11.40
5.028259,11.43
5.027020,11.47
5.025808,11.51
5.024595,11.55
5.023384,11.59
5.022148,11.62
5.020937,11.62
5.019728,11.61
5.018518,11.56
5.017310,11.50
5.016077,11.42
5.014869,11.35
5.013662,11.29
5.012456,11.26
5.011250,11.24
5.010020,11.23
5.008816,11.25
5.007612,11.26
5.006408,11.28
5.005205,11.30
5.003978,11.31
5.002777,11.31
5.001575,11.30
5.000375,11.29
4.999150,11.26
4.997951,11.24
4.996752,11.22
4.995554,11.20
4.994356,11.18
4.993134,11.18
4.991938,11.19
4.990742,11.20
4.989547,11.22
4.988352,11.24
4.987133,11.26
4.985940,11.28
4.984747,11.29
4.983554,11.31
4.982338,11.33
4.981146,11.34
4.979956,11.34
4.978766,11.34
4.977576,11.34
4.976362,11.33
4.975174,11.32
4.973986,11.31
4.972799,11.30
4.971612,11.30
4.970401,11.30
4.969216,11.30
4.968031,11.30
4.966846,11.31
4.965662,11.31
4.964455,11.32
4.963272,11.34
4.962090,11.36
4.960908,11.38
4.959702,11.39
4.958522,11.40
4.957342,11.41
4.956163,11.40
4.954984,11.38
4.953781,11.35
4.952604,11.32
4.951427,11.30
4.950250,11.28
4.949074,11.28
4.947874,11.29
4.946699,11.30
4.945525,11.31
4.944351,11.33
4.943154,11.34
4.941981,11.35
4.940809,11.35
4.939638,11.35
4.938467,11.34
4.937272,11.33
4.936102,11.32
4.934933,11.31
4.933764,11.30
4.932596,11.29
4.931404,11.28
4.930237,11.28
4.929071,11.27
4.927905,11.27
4.926739,11.27
4.925550,11.27
4.924386,11.27
4.923222,11.28
4.922059,11.28
4.920872,11.28
4.919710,11.28
4.918549,11.28
4.917388,11.28
4.916227,11.29
4.915043,11.30
4.913884,11.32
4.912725,11.33
4.911567,11.34
4.910410,11.35
4.909228,11.36
4.908072,11.36
4.906916,11.36
4.905760,11.36
4.904581,11.37
4.903427,11.39
4.902273,11.41
4.901120,11.43
4.899967,11.46
4.898791,11.47
4.897639,11.48
4.896488,11.47
4.895338,11.46
4.894188,11.43
4.893014,11.41
4.891865,11.38
4.890717,11.35
4.889569,11.32
4.888398,11.30
4.887251,11.28
4.886105,11.28
4.884959,11.28
4.883814,11.29
4.882646,11.31
4.881502,11.33
4.880358,11.36
4.879215,11.37
4.878073,11.39
4.876907,11.40
4.875765,11.40
4.874625,11.40
4.873484,11.40
4.872345,11.40
4.871182,11.40
4.870043,11.40
4.868905,11.40
4.867767,11.40
4.866606,11.39
4.865470,11.39
4.864334,11.39
4.863198,11.39
4.862063,11.39
4.860905,11.38
4.859771,11.38
4.858638,11.38
4.857505,11.38
4.856373,11.38
4.855217,11.37
4.854086,11.37
4.852955,11.37
4.851825,11.37
4.850672,11.38
4.849543,11.38
4.848414,11.40
4.847286,11.42
4.846159,11.44
4.845008,11.47
4.843882,11.49
4.842756,11.51
4.841630,11.52
4.840505,11.51
4.839358,11.50
4.838234,11.49
4.837110,11.48
4.835987,11.47
4.834865,11.46
4.833720,11.46
4.832599,11.46
4.831478,11.47
4.830358,11.47
4.829215,11.47
4.828096,11.47
4.826977,11.47
4.825859,11.47
4.824741,11.47
4.823601,11.47
4.822484,11.47
4.821368,11.47
4.820253,11.48
4.819138,11.48
4.818000,11.49
4.816886,11.50
4.815773,11.51
4.814660,11.51
4.813524,11.50
4.812412,11.49
4.811301,11.48
4.810190,11.47
4.809080,11.47
4.807947,11.47
4.806837,11.48
4.805728,11.49
4.804620,11.50
4.803512,11.51
4.802382,11.51
4.801275,11.51
4.800169,11.51
4.799063,11.51
4.797935,11.51
4.796830,11.52
4.795726,11.52
4.794622,11.52
4.793519,11.53
4.792394,11.53
4.791291,11.54
4.790190,11.55
4.789089,11.56
4.787988,11.56
4.786865,11.56
4.785765,11.55
4.784666,11.53
4.783567,11.51
4.782469,11.49
4.781349,11.48
4.780252,11.47
4.779155,11.46
4.778059,11.47
4.776941,11.47
4.775846,11.47
4.774751,11.48
4.773657,11.48
4.772563,11.48
4.771448,11.49
4.770355,11.49
4.769263,11.49
4.768172,11.50
4.767080,11.50
4.765967,11.50
4.764877,11.51
4.763788,11.51
4.762699,11.51
4.761587,11.51
4.760499,11.51
4.759412,11.50
4.758325,11.50
4.757238,11.49
4.756129,11.49
4.755044,11.49
4.753959,11.49
4.752874,11.49
4.751790,11.49
4.750684,11.49
4.749601,11.49
4.748518,11.49
4.747436,11.50
4.746332,11.50
4.745251,11.51
4.744171,11.51
4.743091,11.52
4.742011,11.51
4.740909,11.51
4.739831,11.49
4.738753,11.48
4.737675,11.47
4.736598,11.47
4.735499,11.47
4.734423,11.48
4.733347,11.50
4.732272,11.53
4.731197,11.55
4.730100,11.58
4.729027,11.59
4.727954,11.61
4.726881,11.61
4.725786,11.62
4.724715,11.62
4.723643,11.62
4.722572,11.62
4.721502,11.62
4.720410,11.62
4.719341,11.62
4.718272,11.62
4.717204,11.61
4.716136,11.60
4.715046,11.59
4.713979,11.59
4.712913,11.59
4.711847,11.59
4.710782,11.59
4.709694,11.60
4.708630,11.60
4.707566,11.60
4.706503,11.59
4.705417,11.57
4.704355,11.55
4.703293,11.53
4.702231,11.52
4.701170,11.52
4.700087,11.53
4.699027,11.55
4.697968,11.57
4.696908,11.60
4.695850,11.61
4.694770,11.62
4.693712,11.62
4.692655,11.61
4.691598,11.59
4.690520,11.58
4.689464,11.57
4.688408,11.56
4.687354,11.55
4.686299,11.55
4.685223,11.56
4.684170,11.56
4.683117,11.57
4.682064,11.58
4.681012,11.59
4.679939,11.60
4.678888,11.61
4.677837,11.62
4.676787,11.63
4.675716,11.65
4.674667,11.66
4.673618,11.67
4.672570,11.68
4.671522,11.69
4.670453,11.69
4.669406,11.69
4.668360,11.68
4.667314,11.67
4.666268,11.67
4.665202,11.66
4.664157,11.66
4.663113,11.66
4.662070,11.67
4.661027,11.67
4.659963,11.68
4.658920,11.68
4.657879,11.69
4.656838,11.69
4.655775,11.70
4.654735,11.70
4.653695,11.71
4.652656,11.71
4.651617,11.71
4.650557,11.71
4.649519,11.70
4.648482,11.68
4.647445,11.67
4.646408,11.66
4.645351,11.66
4.644315,11.66
4.643280,11.66
4.642245,11.65
4.641190,11.65
4.640156,11.64
4.639123,11.63
4.638090,11.61
4.637058,11.60
4.636004,11.60
4.634973,11.60
4.633942,11.60
4.632911,11.61
4.631881,11.62
4.630830,11.62
4.629801,11.63
4.628772,11.63
4.627744,11.63
4.626695,11.62
4.625668,11.61
4.624641,11.60
4.623615,11.59
4.622589,11.58
4.621542,11.58
4.620517,11.59
4.619492,11.60
4.618468,11.61
4.617445,11.62
4.616400,11.63
4.615378,11.64
4.614355,11.65
4.613333,11.65
4.612312,11.66
4.611270,11.66
4.610250,11.67
4.609230,11.68
4.608210,11.69
4.607170,11.70
4.606151,11.71
4.605133,11.72
4.604115,11.72
4.603098,11.72
4.602060,11.72
4.601044,11.71
4.600028,11.70
4.599012,11.70
4.597997,11.69
4.596961,11.69
4.595947,11.68
4.594934,11.68
4.593920,11.68
4.592887,11.68
4.591874,11.68
4.590862,11.68
4.589851,11.69
4.588840,11.69
4.587808,11.70
4.586798,11.70
4.585789,11.71
4.584779,11.71
4.583771,11.71
4.582741,11.71
4.581734,11.70
4.580726,11.69
4.579719,11.68
4.578713,11.67
4.577686,11.66
4.576680,11.66
4.575675,11.66
4.574670,11.66
4.573645,11.67
4.572641,11.68
4.571638,11.68
4.570635,11.69
4.569632,11.69
4.568609,11.69
4.567607,11.68
4.566606,11.67
4.565605,11.65
4.564605,11.64
4.563584,11.63
4.562585,11.62
4.561586,11.62
4.560587,11.62
4.559568,11.63
4.558571,11.64
4.557574,11.66
4.556577,11.69
4.555580,11.71
4.554564,11.73
4.553568,11.75
4.552573,11.75
4.551578,11.75
4.550584,11.74
4.549570,11.73
4.548577,11.72
4.547584,11.71
4.546591,11.71
4.545579,11.71
4.544587,11.72
4.543596,11.73
4.542605,11.74
4.541615,11.75
4.540604,11.76
4.539615,11.77
4.538626,11.77
4.537637,11.78
4.536649,11.78
4.535641,11.79
4.534654,11.80
4.533667,11.81
4.532681,11.81
4.531695,11.82
4.530689,11.82
4.529704,11.82
4.528719,11.82
4.527735,11.82
4.526730,11.81
4.525747,11.81
4.524764,11.81
4.523782,11.81
4.522799,11.81
4.521797,11.82
4.520816,11.82
4.519835,11.82
4.518855,11.82
4.517875,11.82
4.516875,11.81
4.515896,11.81
4.514917,11.82
4.513939,11.82
4.512961,11.83
4.511963,11.83
4.510987,11.84
4.510010,11.84
4.509034,11.84
4.508038,11.84
4.507063,11.84
4.506088,11.84
4.505113,11.84
4.504139,11.85
4.503145,11.85
4.502172,11.86
4.501200,11.86
4.500227,11.87
4.499255,11.87
4.498264,11.87
4.497293,11.87
4.496322,11.86
4.495352,11.85
4.494362,11.83
4.493392,11.82
4.492424,11.81
4.491455,11.80
4.490487,11.79
4.489499,11.80
4.488532,11.81
4.487565,11.82
4.486599,11.84
4.485633,11.85
4.484647,11.87
4.483682,11.88
4.482717,11.89
4.481753,11.90
4.480769,11.90
4.479805,11.90
4.478842,11.89
4.477879,11.88
4.476917,11.88
4.475935,11.87
4.474974,11.87
4.474013,11.87
4.473052,11.87
4.472092,11.87
4.471112,11.87
4.470153,11.87
4.469194,11.87
4.468235,11.87
4.467277,11.87
4.466300,11.87
4.465342,11.87
4.464385,11.86
4.463429,11.85
4.462453,11.84
4.461497,11.84
4.460542,11.83
4.459587,11.84
4.458633,11.84
4.457659,11.85
4.456705,11.87
4.455752,11.89
4.454799,11.90
4.453847,11.92
4.452875,11.93
4.451924,11.94
4.450973,11.94
4.450022,11.94
4.449052,11.94
4.448102,11.93
4.447152,11.93
4.446203,11.93
4.445254,11.94
4.444286,11.94
4.443339,11.95
4.442391,11.96
4.441444,11.97
4.440497,11.98
4.439531,11.98
4.438586,11.98
4.437640,11.98
4.436695,11.98
4.435731,11.98
4.434786,11.99
4.433843,12.00
4.432899,12.02
4.431956,12.03
4.430994,12.04
4.430052,12.04
4.429110,12.03
4.428168,12.02
4.427227,12.01
4.426267,11.99
4.425327,11.98
4.424387,11.98
4.423448,11.98
4.422509,11.99
4.421551,12.00
4.420612,12.02
4.419675,12.03
4.418737,12.04
4.417781,12.05
4.416844,12.06
4.415908,12.07
4.414972,12.09
4.414037,12.10
4.413082,12.12
4.412148,12.13
4.411213,12.14
4.410279,12.14
4.409346,12.13
4.408394,12.12
4.407461,12.11
4.406529,12.09
4.405597,12.08
4.404646,12.08
4.403715,12.08
4.402784,12.09
4.401854,12.09
4.400924,12.10
4.399975,12.10
4.399046,12.10
4.398118,12.10
4.397189,12.10
4.396261,12.11
4.395315,12.11
4.394387,12.12
4.393461,12.12
4.392534,12.13
4.391609,12.13
4.390664,12.12
4.389739,12.11
4.388814,12.10
4.387889,12.08
4.386946,12.07
4.386023,12.05
4.385099,12.04
4.384177,12.04
4.383254,12.05
4.382313,12.06
4.381391,12.07
4.380470,12.08
4.379549,12.09
4.378629,12.10
4.377690,12.11
4.376770,12.11
4.375851,12.12
4.374932,12.13
4.373994,12.14
4.373076,12.15
4.372158,12.17
4.371241,12.19
4.370324,12.21
4.369388,12.23
4.368472,12.25
4.367556,12.27
4.366641,12.28
4.365726,12.30
4.364792,12.31
4.363878,12.33
4.362964,12.35
4.362050,12.37
4.361118,12.40
4.360205,12.42
4.359293,12.45
4.358381,12.47
4.357469,12.49
4.356539,12.50
4.355628,12.50
4.354718,12.51
4.353808,12.51
4.352898,12.53
4.351970,12.55
4.351061,12.58
4.350152,12.63
4.349244,12.67
4.348337,12.72
4.347410,12.77
4.346503,12.81
4.345597,12.84
4.344690,12.86
4.343766,12.88
4.342860,12.90
4.341955,12.93
4.341050,12.96
4.340146,12.99
4.339223,13.03
4.338320,13.07
4.337416,13.11
4.336513,13.14
4.335611,13.18
4.334690,13.21
4.333788,13.24
4.332887,13.27
4.331986,13.31
4.331067,13.35
4.330167,13.39
4.329267,13.43
4.328367,13.48
4.327468,13.53
4.326551,13.57
4.325652,13.61
4.324754,13.64
4.323857,13.67
4.322960,13.71
4.322044,13.75
4.321148,13.80
4.320252,13.87
4.319356,13.94
4.318461,14.03
4.317547,14.11
4.316652,14.19
4.315758,14.27
4.314864,14.34
4.313952,14.40
4.313059,14.47
4.312166,14.54
4.311274,14.61
4.310382,14.67
4.309472,14.74
4.308581,14.80
4.307690,14.86
4.306799,14.91
4.305909,14.97
4.305001,15.03
4.304111,15.09
4.303222,15.17
4.302334,15.24
4.301427,15.32
4.300539,15.40
4.299651,15.48
4.298764,15.57
4.297877,15.65
4.296972,15.73
4.296086,15.80
4.295201,15.85
4.294315,15.90
4.293430,15.94
4.292527,15.97
4.291643,16.00
4.290759,16.04
4.289875,16.08
4.288992,16.12
4.288091,16.16
4.287209,16.19
4.286327,16.23
4.285445,16.28
4.284545,16.34
4.283664,16.41
4.282784,16.48
4.281903,16.55
4.281024,16.62
4.280126,16.66
4.279247,16.68
4.278368,16.69
4.277489,16.69
4.276611,16.69
4.275715,16.71
4.274838,16.75
4.273961,16.81
4.273084,16.88
4.272190,16.96
4.271314,17.03
4.270438,17.07
4.269563,17.06
4.268688,16.99
4.267796,16.86
4.266922,16.67
4.266048,16.44
4.265174,16.16
4.264301,15.88
4.263411,15.61
4.262538,15.37
4.261666,15.18
4.260795,15.03
4.259905,14.93
4.259034,14.88
4.258164,14.86
4.257294,14.89
4.256424,14.97
4.255536,15.09
4.254667,15.26
4.253799,15.47
4.252930,15.71
4.252062,15.97
4.251177,16.23
4.250309,16.49
4.249442,16.75
4.248576,17.01
4.247709,17.27
4.246825,17.55
4.245960,17.82
4.245095,18.08
4.244230,18.31
4.243347,18.47
4.242483,18.57
4.241620,18.60
4.240756,18.56
4.239893,18.47
4.239012,18.35
4.238150,18.23
4.237288,18.14
4.236426,18.10
4.235565,18.12
4.234686,18.20
4.233826,18.29
4.232965,18.39
4.232106,18.47
4.231228,18.49
4.230369,18.47
4.229510,18.41
4.228652,18.31
4.227794,18.18
4.226918,18.01
4.226060,17.80
4.225203,17.57
4.224347,17.31
4.223490,17.04
4.222616,16.80
4.221761,16.58
4.220905,16.39
4.220050,16.23
4.219178,16.08
4.218324,15.92
4.217470,15.74
4.216616,15.53
4.215763,15.31
4.214892,15.09
4.214039,14.88
4.213187,14.69
4.212335,14.52
4.211484,14.36
4.210615,14.23
4.209764,14.11
4.208914,13.99
4.208063,13.88
4.207214,13.78
4.206347,13.68
4.205497,13.58
4.204649,13.48
4.203800,13.38
4.202934,13.28
4.202087,13.18
4.201239,13.08
4.200392,12.98
4.199546,12.89
4.198682,12.80
4.197836,12.72
4.196990,12.65
4.196145,12.59
4.195300,12.53
4.194437,12.48
4.193593,12.44
4.192749,12.41
4.191905,12.37
4.191062,12.34
4.190202,12.32
4.189359,12.29
4.188517,12.27
4.187675,12.25
4.186816,12.23
4.185974,12.23
4.185134,12.22
4.184293,12.22
4.183453,12.21
4.182595,12.20
4.181756,12.20
4.180917,12.20
4.180078,12.20
4.179239,12.21
4.178384,12.22
4.177546,12.24
4.176708,12.26
4.175871,12.28
4.175017,12.30
4.174180,12.31
4.173344,12.32
4.172508,12.33
4.171673,12.33
4.170820,12.33
4.169985,12.33
4.169151,12.32
4.168317,12.30
4.167483,12.28
4.166632,12.26
4.165799,12.24
4.164966,12.22
4.164133,12.20
4.163284,12.19
4.162452,12.19
4.161621,12.19
4.160790,12.19
4.159959,12.19
4.159111,12.20
4.158281,12.20
4.157451,12.21
4.156621,12.21
4.155792,12.22
4.154946,12.23
4.154118,12.24
4.153290,12.26
4.152462,12.27
4.151634,12.28
4.150790,12.29
4.149963,12.31
4.149137,12.33
4.148310,12.35
4.147467,12.36
4.146642,12.36
4.145817,12.36
4.144992,12.35
4.144167,12.33
4.143326,12.32
4.142502,12.30
4.141679,12.29
4.140855,12.29
4.140032,12.30
4.139193,12.31
4.138371,12.32
4.137549,12.32
4.136727,12.32
4.135889,12.31
4.135068,12.30
4.134247,12.29
4.133427,12.28
4.132607,12.28
4.131770,12.28
4.130951,12.29
4.130132,12.29
4.129314,12.29
4.128495,12.29
4.127660,12.29
4.126843,12.29
4.126025,12.29
4.125208,12.29
4.124392,12.29
4.123558,12.29
4.122742,12.29
4.121927,12.28
4.121111,12.28
4.120279,12.27
4.119464,12.27
4.118650,12.27
4.117836,12.28
4.117022,12.28
4.116192,12.30
4.115379,12.31
4.114566,12.32
4.113754,12.33
4.112941,12.34
4.112113,12.34
4.111301,12.34
4.110490,12.34
4.109679,12.33
4.108852,12.33
4.108041,12.32
4.107232,12.32
4.106422,12.33
4.105613,12.34
4.104787,12.35
4.103978,12.35
4.103170,12.36
4.102362,12.36
4.101554,12.36
4.100730,12.37
4.099923,12.38
4.099117,12.39
4.098310,12.41
4.097487,12.42
4.096682,12.43
4.095876,12.44
4.095071,12.43
4.094266,12.42
4.093445,12.40
4.092641,12.38
4.091837,12.37
4.091034,12.36
4.090230,12.35
4.089411,12.34
4.088608,12.34
4.087806,12.34
4.087004,12.34
4.086203,12.35
4.085385,12.35
4.084584,12.36
4.083783,12.36
4.082983,12.37
4.082166,12.37
4.081366,12.38
4.080567,12.38
4.079768,12.39
4.078969,12.40
4.078154,12.41
4.077356,12.42
4.076558,12.42
4.075760,12.42
4.074963,12.42
4.074150,12.41
4.073353,12.41
4.072557,12.41
4.071761,12.42
4.070948,12.43
4.070153,12.44
4.069358,12.45
4.068563,12.45
4.067769,12.44
4.066958,12.43
4.066165,12.42
4.065371,12.42
4.064578,12.41
4.063785,12.41
4.062976,12.42
4.062184,12.42
4.061392,12.42
4.060600,12.42
4.059793,12.41
4.059002,12.40
4.058211,12.39
4.057421,12.39
4.056631,12.38
4.055824,12.37
4.055035,12.37
4.054246,12.37
4.053457,12.37
4.052668,12.38
4.051864,12.39
4.051076,12.40
4.050288,12.41
4.049501,12.42
4.048714,12.43
4.047911,12.43
4.047125,12.44
4.046339,12.44
4.045553,12.45
4.044751,12.46
4.043966,12.46
4.043181,12.47
4.042397,12.47
4.041612,12.47
4.040812,12.47
4.040029,12.47
4.039245,12.47
4.038462,12.47
4.037680,12.48
4.036881,12.49
4.036099,12.49
4.035317,12.50
4.034536,12.51
4.033754,12.52
4.032957,12.52
4.032177,12.53
4.031397,12.54
4.030617,12.54
4.029821,12.54
4.029041,12.54
4.028262,12.54
4.027484,12.54
4.026705,12.53
4.025911,12.53
4.025133,12.52
4.024355,12.52
4.023578,12.52
4.022801,12.52
4.022008,12.51
4.021232,12.50
4.020456,12.49
4.019680,12.47
4.018889,12.46
4.018114,12.45
4.017339,12.44
4.016564,12.44
4.015790,12.45
4.015000,12.47
4.014226,12.49
4.013453,12.52
4.012680,12.55
4.011907,12.57
4.011119,12.59
4.010347,12.60
4.009575,12.61
4.008803,12.63
4.008016,12.64
4.007245,12.65
4.006474,12.65
4.005704,12.65
4.004934,12.65
4.004148,12.63
4.003379,12.61
4.002610,12.59
4.001841,12.57
4.001072,12.55
4.000288,12.53
3.999520,12.52
3.998752,12.52
3.997985,12.51
3.997218,12.51
3.996435,12.51
3.995669,12.51
3.994903,12.51
3.994137,12.52
3.993355,12.52
3.992590,12.51
3.991825,12.51
3.991060,12.51
3.990296,12.50
3.989516,12.50
3.988752,12.50
3.987988,12.51
3.987225,12.53
3.986462,12.54
3.985683,12.56
3.984921,12.58
3.984159,12.60
3.983397,12.61
3.982620,12.61
3.981859,12.61
3.981098,12.60
3.980337,12.59
3.979577,12.59
3.978801,12.58
3.978041,12.57
3.977282,12.57
3.976523,12.56
3.975764,12.56
3.974989,12.55
3.974231,12.54
3.973473,12.53
3.972715,12.52
3.971942,12.51
3.971185,12.50
3.970428,12.50
3.969672,12.50
3.968915,12.51
3.968144,12.51
3.967388,12.52
3.966633,12.52
3.965878,12.53
3.965123,12.52
3.964353,12.52
3.963598,12.52
3.962844,12.53
3.962091,12.54
3.961337,12.56
3.960569,12.58
3.959816,12.60
3.959063,12.62
3.958311,12.63
3.957543,12.64
3.956792,12.65
3.956040,12.64
3.955289,12.64
3.954539,12.63
3.953772,12.62
3.953022,12.61
3.952272,12.61
3.951523,12.61
3.950773,12.62
3.950009,12.63
3.949260,12.64
3.948511,12.65
3.947763,12.65
3.947000,12.65
3.946252,12.64
3.945505,12.63
3.944758,12.61
3.944011,12.60
3.943249,12.59
3.942503,12.59
3.941757,12.59
3.941011,12.60
3.940266,12.61
3.939505,12.62
3.938760,12.63
3.938016,12.64
3.937271,12.65
3.936527,12.65
3.935768,12.65
3.935025,12.65
3.934282,12.64
3.933539,12.62
3.932781,12.61
3.932039,12.60
3.931297,12.58
3.930555,12.58
3.929814,12.57
3.929057,12.57
3.928316,12.58
3.927576,12.59
3.926835,12.60
3.926095,12.61
3.925340,12.62
3.924601,12.62
3.923861,12.62
3.923122,12.62
3.922368,12.62
3.921630,12.62
3.920892,12.62
3.920154,12.62
3.919417,12.63
3.918664,12.63
3.917927,12.64
3.917191,12.64
3.916454,12.63
3.915718,12.63
3.914967,12.62
3.914231,12.62
3.913496,12.62
3.912761,12.62
3.912011,12.62
3.911277,12.63
3.910542,12.63
3.909809,12.63
3.909075,12.64
3.908326,12.64
3.907593,12.64
3.906860,12.65
3.906128,12.66
3.905396,12.66
3.904648,12.67
3.903917,12.67
3.903185,12.68
3.902454,12.68
3.901723,12.68
3.900978,12.68
3.900247,12.68
3.899517,12.67
3.898787,12.67
3.898043,12.66
3.897314,12.65
3.896585,12.64
3.895856,12.64
3.895128,12.64
3.894384,12.64
3.893656,12.64
3.892929,12.65
3.892202,12.66
3.891475,12.66
3.890733,12.67
3.890006,12.67
3.889280,12.68
3.888554,12.68
3.887813,12.69
3.887088,12.70
3.886363,12.71
3.885638,12.72
3.884913,12.72
3.884174,12.72
3.883450,12.71
3.882726,12.70
3.882003,12.70
3.881279,12.70
3.880541,12.70
3.879819,12.70
3.879096,12.71
3.878374,12.71
3.877652,12.71
3.876916,12.71
3.876194,12.71
3.875473,12.71
3.874753,12.70
3.874017,12.70
3.873297,12.70
3.872577,12.70
3.871857,12.70
3.871138,12.71
3.870403,12.71
3.869685,12.71
3.868966,12.71
3.868247,12.71
3.867529,12.71
3.866797,12.71
3.866079,12.71
3.865362,12.71
3.864645,12.72
3.863913,12.73
3.863196,12.75
3.862480,12.76
3.861764,12.78
3.861049,12.78
3.860318,12.79
3.859603,12.78
3.858888,12.78
3.858174,12.77
3.857459,12.76
3.856730,12.76
3.856016,12.76
3.855303,12.75
3.854589,12.75
3.853876,12.74
3.853149,12.73
3.852436,12.72
3.851724,12.71
3.851012,12.71
3.850285,12.71
3.849574,12.72
3.848863,12.73
3.848152,12.74
3.847441,12.75
3.846716,12.76
3.846006,12.76
3.845296,12.76
3.844586,12.76
3.843877,12.75
3.843153,12.75
3.842444,12.74
3.841736,12.75
3.841028,12.75
3.840305,12.77
3.839597,12.79
3.838889,12.81
3.838182,12.83
3.837475,12.85
3.836754,12.85
3.836047,12.85
3.835341,12.85
3.834635,12.84
3.833930,12.84
3.833209,12.84
3.832504,12.84
3.831799,12.85
3.831095,12.86
3.830376,12.87
3.829672,12.87
3.828968,12.86
3.828264,12.85
3.827561,12.83
3.826843,12.82
3.826140,12.80
3.825438,12.80
3.824735,12.80
3.824033,12.80
3.823317,12.81
3.822615,12.83
3.821914,12.84
3.821213,12.84
3.820512,12.85
3.819797,12.84
3.819097,12.83
3.818397,12.82
3.817697,12.81
3.816983,12.80
3.816284,12.79
3.815585,12.79
3.814886,12.79
3.814188,12.79
3.813475,12.80
3.812777,12.81
3.812080,12.82
3.811382,12.83
3.810685,12.85
3.809974,12.87
3.809277,12.89
3.808581,12.90
3.807885,12.91
3.807174,12.91
3.806479,12.91
3.805783,12.90
3.805088,12.88
3.804393,12.87
3.803684,12.86
3.802990,12.84
3.802296,12.82
3.801602,12.81
3.800908,12.79
3.800201,12.78
3.799508,12.78
3.798815,12.78
3.798122,12.79
3.797415,12.81
3.796723,12.84
3.796032,12.86
3.795340,12.88
3.794649,12.90
3.793943,12.91
3.793253,12.92
3.792562,12.92
3.791872,12.91
3.791182,12.90
3.790478,12.89
3.789788,12.88
3.789099,12.87
3.788410,12.87
3.787721,12.87
3.787018,12.88
3.786330,12.90
3.785642,12.92
3.784954,12.94
3.784252,12.95
3.783565,12.97
3.782878,12.97
3.782191,12.98
3.781505,12.98
3.780804,12.97
3.780118,12.96
3.779432,12.94
3.778747,12.92
3.778062,12.89
3.777362,12.87
3.776678,12.84
3.775993,12.83
3.775309,12.82
3.774625,12.82
3.773927,12.83
3.773243,12.84
3.772560,12.85
3.771877,12.87
3.771180,12.88
3.770497,12.89
3.769815,12.90
3.769133,12.91
3.768451,12.91
3.767756,12.90
3.767074,12.90
3.766393,12.90
3.765712,12.90
3.765032,12.90
3.764337,12.91
3.763657,12.91
3.762978,12.91
3.762298,12.91
3.761605,12.91
3.760925,12.91
3.760247,12.91
3.759568,12.92
3.758890,12.93
3.758198,12.94
3.757520,12.96
3.756842,12.97
3.756165,12.97
3.755488,12.97
3.754797,12.97
3.754120,12.96
3.753444,12.95
3.752768,12.94
3.752078,12.93
3.751402,12.92
3.750727,12.91
3.750052,12.90
3.749377,12.89
3.748688,12.89
3.748014,12.90
3.747339,12.91
3.746665,12.92
3.745992,12.93
3.745304,12.95
3.744631,12.96
3.743958,12.96
3.743285,12.96
3.742613,12.96
3.741927,12.96
3.741255,12.95
3.740583,12.94
3.739912,12.93
3.739226,12.91
3.738555,12.90
3.737885,12.90
3.737214,12.90
3.736544,12.91
3.735860,12.92
3.735190,12.94
3.734520,12.96
3.733851,12.98
3.733182,12.99
3.732499,13.00
3.731831,13.00
3.731162,13.00
3.730494,12.99
3.729812,12.99
3.729145,12.99
3.728477,12.99
3.727810,13.00
3.727143,13.00
3.726463,13.00
3.725796,13.01
3.725130,13.01
3.724464,13.01
3.723798,13.00
3.723119,13.00
3.722454,12.99
3.721789,12.99
3.721124,12.98
3.720460,12.98
3.719781,12.98
3.719117,12.98
3.718454,12.98
3.717790,12.99
3.717113,12.99
3.716450,13.00
3.715787,13.01
3.715124,13.01
3.714462,13.02
3.713786,13.02
3.713124,13.02
3.712462,13.02
3.711801,13.01
3.711140,13.01
3.710465,13.00
3.709804,12.99
3.709144,12.98
3.708484,12.97
3.707810,12.96
3.707150,12.96
3.706490,12.97
3.705831,12.99
3.705172,13.01
3.704499,13.03
3.703841,13.04
3.703183,13.05
3.702524,13.06
3.701866,13.05
3.701195,13.05
3.700538,13.04
3.699880,13.04
3.699224,13.05
3.698553,13.06
3.697897,13.08
3.697240,13.10
3.696584,13.12
3.695929,13.14
3.695259,13.16
3.694604,13.16
3.693949,13.17
3.693294,13.16
3.692639,13.15
3.691971,13.14
3.691317,13.13
3.690663,13.11
3.690010,13.11
3.689356,13.10
3.688689,13.10
3.688036,13.11
3.687384,13.11
3.686731,13.12
3.686065,13.13
3.685413,13.14
3.684761,13.15
3.684110,13.16
3.683458,13.16
3.682794,13.16
3.682143,13.16
3.681492,13.15
3.680842,13.14
3.680191,13.12
3.679528,13.12
3.678878,13.11
3.678229,13.11
3.677579,13.11
3.676917,13.11
3.676268,13.12
3.675619,13.12
3.674971,13.12
3.674323,13.12
3.673661,13.12
3.673014,13.12
3.672366,13.12
3.671719,13.13
3.671072,13.13
3.670412,13.14
3.669765,13.15
3.669119,13.15
3.668473,13.16
3.667827,13.17
3.667168,13.18
3.666522,13.18
3.665877,13.18
3.665232,13.17
3.664574,13.16
3.663930,13.14
3.663285,13.11
3.662641,13.09
3.661998,13.08
3.661341,13.07
3.660697,13.08
3.660054,13.10
3.659411,13.12
3.658769,13.14
3.658113,13.16
3.657471,13.17
3.656829,13.18
3.656187,13.19
3.655532,13.18
3.654891,13.17
3.654250,13.16
3.653609,13.15
3.652968,13.14
3.652314,13.14
3.651674,13.13
3.651034,13.13
3.650394,13.13
3.649755,13.14
3.649102,13.14
3.648463,13.15
3.647824,13.15
3.647186,13.15
3.646547,13.15
3.645896,13.15
3.645258,13.14
3.644620,13.14
3.643983,13.13
3.643332,13.12
3.642695,13.12
3.642058,13.12
3.641422,13.12
3.640786,13.12
3.640136,13.12
3.639500,13.13
3.638865,13.13
3.638229,13.14
3.637594,13.16
3.636946,13.17
3.636311,13.19
3.635676,13.21
3.635042,13.23
3.634394,13.23
3.633761,13.23
3.633127,13.21
3.632493,13.19
3.631860,13.16
3.631214,13.13
3.630581,13.11
3.629949,13.10
3.629316,13.10
3.628684,13.10
3.628039,13.11
3.627407,13.11
3.626776,13.12
3.626145,13.13
3.625500,13.13
3.624870,13.14
3.624239,13.14
3.623609,13.14
3.622978,13.14
3.622335,13.13
3.621706,13.13
3.621076,13.13
3.620447,13.13
3.619818,13.13
3.619176,13.14
3.618547,13.16
3.617919,13.17
3.617291,13.19
3.616663,13.20
3.616022,13.21
3.615394,13.20
3.614767,13.20
3.614140,13.18
3.613500,13.17
3.612873,13.15
3.612247,13.14
3.611621,13.13
3.610995,13.13
3.610356,13.14
3.609730,13.15
3.609105,13.16
3.608480,13.18
3.607855,13.19
3.607217,13.21
3.606593,13.23
3.605969,13.25
3.605345,13.27
3.604708,13.29
3.604084,13.31
3.603461,13.33
3.602838,13.34
3.602215,13.34
3.601579,13.34
3.600956,13.32
3.600334,13.31
3.599712,13.29
3.599090,13.28
3.598456,13.27
3.597834,13.27
3.597213,13.26
3.596592,13.26
3.595958,13.26
3.595338,13.26
3.594717,13.26
3.594097,13.25
3.593477,13.25
3.592844,13.25
3.592225,13.24
3.591606,13.24
3.590987,13.25
3.590368,13.25
3.589736,13.25
3.589118,13.26
3.588500,13.27
3.587882,13.27
3.587264,13.28
3.586633,13.28
3.586016,13.28
3.585399,13.28
3.584782,13.27
3.584152,13.26
3.583536,13.26
3.582920,13.25
3.582303,13.25
3.581688,13.25
3.581059,13.26
3.580444,13.27
3.579828,13.27
3.579213,13.27
3.578599,13.27
3.577971,13.27
3.577357,13.26
3.576743,13.26
3.576129,13.25
3.575502,13.25
3.574889,13.25
3.574275,13.25
3.573662,13.26
3.573049,13.27
3.572424,13.28
3.571811,13.29
3.571199,13.31
3.570587,13.31
3.569975,13.32
3.569351,13.32
3.568739,13.32
3.568128,13.32
3.567517,13.32
3.566906,13.32
3.566283,13.31
3.565673,13.31
3.565062,13.30
3.564452,13.29
3.563830,13.29
3.563220,13.29
3.562611,13.29
3.562002,13.30
3.561393,13.31
3.560772,13.32
3.560163,13.32
3.559555,13.33
3.558947,13.33
3.558339,13.32
3.557719,13.31
3.557111,13.30
3.556504,13.28
3.555897,13.26
3.555277,13.23
3.554671,13.21
3.554064,13.20
3.553458,13.19
3.552852,13.19
3.552234,13.20
3.551628,13.22
3.551023,13.24
3.550418,13.26
3.549813,13.28
3.549195,13.29
3.548591,13.30
3.547987,13.30
3.547382,13.30
3.546778,13.30
3.546162,13.31
3.545559,13.32
3.544955,13.33
3.544352,13.35
3.543737,13.36
3.543134,13.37
3.542532,13.38
3.541929,13.38
3.541327,13.37
3.540713,13.36
3.540111,13.34
3.539510,13.33
3.538909,13.31
3.538307,13.30
3.537694,13.29
3.537093,13.29
3.536493,13.30
3.535893,13.31
3.535280,13.32
3.534681,13.34
3.534081,13.35
3.533482,13.36
3.532882,13.37
3.532271,13.37
3.531672,13.37
3.531073,13.37
3.530475,13.35
3.529877,13.34
3.529266,13.32
3.528669,13.31
3.528071,13.29
3.527474,13.29
3.526864,13.29
3.526267,13.29
3.525670,13.30
3.525074,13.31
3.524477,13.32
3.523869,13.32
3.523273,13.32
3.522677,13.32
3.522082,13.32
3.521486,13.31
3.520879,13.31
3.520284,13.32
3.519689,13.32
3.519095,13.33
3.518500,13.35
3.517894,13.36
3.517300,13.38
3.516706,13.39
3.516113,13.41
3.515507,13.41
3.514914,13.42
3.514321,13.41
3.513728,13.39
3.513136,13.37
3.512531,13.34
3.511939,13.32
3.511347,13.30
3.510755,13.29
3.510164,13.28
3.509560,13.28
3.508969,13.27
3.508378,13.27
3.507787,13.26
3.507184,13.24
3.506594,13.23
3.506004,13.21
3.505414,13.19
3.504824,13.18
3.504223,13.18
3.503633,13.18
3.503044,13.19
3.502455,13.19
3.501866,13.20
3.501266,13.20
3.500677,13.20
3.500089,13.20
3.499501,13.21
3.498914,13.21
3.498314,13.22
3.497726,13.24
3.497139,13.26
3.496552,13.28
3.495953,13.30
3.495367,13.33
3.494781,13.36
3.494194,13.39
3.493608,13.42
3.493010,13.44
3.492425,13.45
3.491840,13.46
3.491254,13.46
3.490669,13.45
3.490072,13.43
3.489488,13.41
3.488904,13.39
3.488319,13.37
3.487723,13.35
3.487139,13.34
3.486556,13.34
3.485972,13.34
3.485389,13.35
3.484794,13.36
3.484211,13.37
3.483629,13.38
3.483046,13.39
3.482464,13.39
3.481870,13.38
3.481288,13.37
3.480706,13.36
3.480125,13.35
3.479532,13.34
3.478951,13.33
3.478370,13.33
3.477789,13.34
3.477209,13.34
3.476616,13.35
3.476036,13.37
3.475456,13.39
3.474877,13.41
3.474297,13.43
3.473706,13.46
3.473127,13.48
3.472548,13.50
3.471969,13.51
3.471391,13.51
3.470800,13.51
3.470222,13.50
3.469644,13.48
3.469066,13.47
3.468477,13.46
3.467899,13.46
3.467322,13.46
3.466745,13.47
3.466168,13.47
3.465580,13.46
3.465003,13.46
3.464427,13.45
3.463851,13.43
3.463275,13.42
3.462688,13.40
3.462112,13.39
3.461537,13.38
3.460962,13.37
3.460375,13.37
3.459801,13.36
3.459226,13.36
3.458652,13.36
3.458078,13.36
3.457492,13.37
3.456918,13.37
3.456345,13.38
3.455771,13.38
3.455198,13.38
3.454613,13.39
3.454041,13.40
3.453468,13.41
3.452896,13.42
3.452323,13.44
3.451740,13.45
3.451168,13.46
3.450596,13.46
3.450025,13.45
3.449442,13.44
3.448870,13.42
3.448300,13.40
3.447729,13.39
3.447159,13.38
3.446576,13.39
3.446006,13.40
3.445436,13.42
3.444867,13.44
3.444297,13.45
3.443716,13.46
3.443147,13.47
3.442578,13.47
3.442009,13.46
3.441429,13.45
3.440860,13.45
3.440292,13.44
3.439724,13.43
3.439156,13.42
3.438577,13.41
3.438009,13.40
3.437442,13.39
3.436875,13.38
3.436308,13.38
3.435730,13.38
3.435163,13.38
3.434597,13.38
3.434031,13.38
3.433465,13.38
3.432887,13.37
3.432321,13.36
3.431756,13.34
3.431191,13.32
3.430614,13.31
3.430049,13.30
3.429485,13.30
3.428920,13.31
3.428356,13.32
3.427780,13.33
3.427216,13.34
3.426653,13.34
3.426089,13.34
3.425526,13.34
3.424951,13.33
3.424388,13.33
3.423825,13.32
3.423262,13.33
3.422688,13.34
3.422126,13.35
3.421564,13.37
3.421002,13.40
3.420441,13.42
3.419867,13.44
3.419306,13.46
3.418745,13.46
3.418184,13.46
3.417623,13.45
3.417051,13.44
3.416491,13.43
3.415931,13.42
3.415371,13.42
3.414799,13.42
3.414239,13.42
3.413680,13.42
3.413121,13.41
3.412562,13.40
3.411991,13.38
3.411432,13.36
3.410874,13.34
3.410316,13.33
3.409757,13.32
3.409188,13.32
3.408630,13.32
3.408072,13.33
3.407515,13.35
3.406958,13.37
3.406389,13.39
3.405832,13.42
3.405275,13.44
3.404719,13.46
3.404151,13.47
3.403595,13.48
3.403039,13.48
3.402483,13.48
3.401928,13.48
3.401361,13.47
3.400805,13.47
3.400250,13.48
3.399695,13.49
3.399141,13.50
3.398575,13.50
3.398020,13.50
3.397466,13.49
3.396912,13.48
3.396347,13.47
3.395793,13.46
3.395240,13.45
3.394687,13.45
3.394134,13.46
3.393569,13.47
3.393016,13.48
3.392464,13.49
3.391912,13.49
3.391359,13.50
3.390796,13.49
3.390244,13.49
3.389693,13.48
3.389141,13.47
3.388590,13.46
3.388027,13.45
3.387476,13.44
3.386926,13.43
3.386375,13.43
3.385813,13.43
3.385263,13.43
3.384713,13.44
3.384163,13.44
3.383614,13.45
3.383053,13.46
3.382504,13.46
3.381955,13.47
3.381406,13.48
3.380857,13.49
3.380297,13.50
3.379749,13.52
3.379200,13.54
3.378652,13.56
3.378093,13.58
3.377545,13.59
3.376998,13.60
3.376451,13.59
3.375903,13.59
3.375345,13.58
3.374798,13.57
3.374252,13.56
3.373705,13.55
3.373159,13.55
3.372602,13.55
3.372056,13.56
3.371510,13.56
3.370965,13.56
3.370408,13.57
3.369863,13.58
3.369318,13.59
3.368773,13.61
3.368228,13.63
3.367672,13.64
3.367128,13.66
3.366584,13.67
3.366040,13.67
3.365496,13.67
3.364941,13.67
3.364398,13.67
3.363855,13.67
3.363312,13.68
3.362769,13.69
3.362215,13.70
3.361672,13.72
3.361130,13.73
3.360588,13.74
3.360034,13.75
3.359493,13.75
3.358951,13.76
3.358409,13.76
3.357868,13.76
3.357316,13.77
3.356775,13.78
3.356234,13.79
3.355693,13.80
3.355153,13.81
3.354602,13.82
3.354061,13.82
3.353522,13.82
3.352982,13.81
3.352431,13.80
3.351892,13.79
3.351352,13.78
3.350813,13.77
3.350275,13.77
3.349725,13.77
3.349186,13.77
3.348648,13.78
3.348110,13.79
3.347572,13.79
3.347023,13.79
3.346485,13.78
3.345948,13.77
3.345410,13.76
3.344862,13.75
3.344325,13.74
3.343788,13.75
3.343252,13.76
3.342715,13.79
3.342168,13.82
3.341632,13.84
3.341096,13.87
3.340560,13.89
3.340025,13.89
3.339478,13.89
3.338943,13.88
3.338408,13.87
3.337873,13.86
3.337338,13.86
3.336792,13.86
3.336258,13.86
3.335724,13.87
3.335190,13.88
3.334645,13.89
3.334111,13.90
3.333578,13.90
3.333044,13.89
3.332511,13.89
3.331967,13.88
3.331434,13.87
3.330902,13.87
3.330369,13.88
3.329837,13.89
3.329294,13.91
3.328762,13.93
3.328230,13.95
3.327698,13.96
3.327167,13.97
3.326625,13.97
3.326094,13.96
3.325563,13.95
3.325032,13.94
3.324490,13.92
3.323960,13.91
3.323430,13.90
3.322899,13.90
3.322370,13.91
3.321829,13.92
3.321299,13.94
3.320770,13.96
3.320241,13.99
3.319711,14.00
3.319172,14.02
3.318643,14.02
3.318114,14.03
3.317586,14.03
3.317047,14.02
3.316519,14.02
3.315991,14.01
3.315463,13.99
3.314935,13.98
3.314397,13.97
3.313870,13.96
3.313343,13.95
3.312816,13.95
3.312289,13.95
3.311752,13.96
3.311225,13.96
3.310699,13.97
3.310173,13.97
3.309636,13.98
3.309111,13.99
3.308585,14.00
3.308060,14.01
3.307535,14.03
3.306999,14.04
3.306474,14.05
3.305949,14.06
3.305425,14.05
3.304900,14.04
3.304365,14.03
3.303841,14.01
3.303317,14.00
3.302794,13.99
3.302270,13.98
3.301736,13.98
3.301213,14.00
3.300690,14.01
3.300167,14.04
3.299633,14.06
3.299111,14.07
3.298588,14.08
3.298066,14.07
3.297544,14.06
3.297011,14.05
3.296490,14.03
3.295968,14.02
3.295447,14.01
3.294925,14.00
3.294394,14.01
3.293873,14.01
3.293352,14.01
3.292832,14.02
3.292300,14.01
3.291780,14.01
3.291260,14.00
3.290740,13.99
3.290220,13.98
3.289690,13.98
3.289171,13.97
3.288652,13.97
3.288132,13.98
3.287614,13.99
3.287084,14.00
3.286566,14.02
3.286047,14.03
3.285529,14.04
3.285000,14.05
3.284482,14.06
3.283964,14.06
3.283447,14.07
3.282929,14.08
3.282401,14.09
3.281884,14.10
3.281367,14.10
3.280851,14.10
3.280334,14.09
3.279807,14.08
3.279291,14.06
3.278775,14.04
3.278259,14.02
3.277743,14.01
3.277216,14.01
3.276701,14.01
3.276186,14.03
3.275671,14.05
3.275145,14.08
3.274630,14.10
3.274115,14.12
3.273601,14.14
3.273087,14.14
3.272562,14.13
3.272048,14.11
3.271534,14.09
3.271020,14.08
3.270507,14.06
3.269983,14.06
3.269470,14.06
3.268957,14.07
3.268444,14.07
3.267920,14.07
3.267408,14.07
3.266896,14.07
3.266383,14.06
3.265871,14.05
3.265349,14.05
3.264837,14.06
3.264325,14.07
3.263814,14.09
3.263303,14.10
3.262781,14.12
3.262270,14.14
3.261759,14.15
3.261249,14.15
3.260738,14.15
3.260218,14.14
3.259707,14.12
3.259197,14.10
3.258688,14.08
3.258167,14.06
3.257658,14.05
3.257149,14.04
3.256639,14.04
3.256130,14.04
3.255611,14.05
3.255102,14.05
3.254594,14.06
3.254086,14.07
3.253577,14.08
3.253059,14.09
3.252551,14.11
3.252043,14.13
3.251536,14.15
3.251018,14.17
3.250510,14.19
3.250003,14.22
3.249496,14.24
3.248990,14.26
3.248472,14.27
3.247966,14.27
3.247460,14.27
3.246954,14.25
3.246448,14.23
3.245931,14.20
3.245426,14.17
3.244920,14.14
3.244415,14.12
3.243899,14.10
3.243394,14.08
3.242889,14.06
3.242384,14.05
3.241880,14.04
3.241365,14.04
3.240861,14.05
3.240357,14.06
3.239853,14.07
3.239349,14.09
3.238835,14.11
3.238331,14.14
3.237828,14.16
3.237325,14.18
3.236822,14.19
3.236309,14.20
3.235806,14.19
3.235304,14.17
3.234801,14.15
3.234289,14.12
3.233787,14.10
3.233285,14.09
3.232783,14.09
3.232281,14.12
3.231770,14.16
3.231268,14.20
3.230767,14.25
3.230266,14.29
3.229766,14.32
3.229254,14.33
3.228754,14.33
3.228254,14.33
3.227754,14.33
3.227243,14.32
3.226743,14.32
3.226244,14.32
3.225744,14.32
3.225245,14.30
3.224735,14.27
3.224236,14.24
3.223737,14.20
3.223238,14.16
3.222740,14.13
3.222231,14.11
3.221733,14.11
3.221234,14.11
3.220736,14.13
3.220239,14.14
3.219731,14.16
3.219233,14.17
3.218736,14.18
3.218238,14.19
3.217731,14.20
3.217234,14.21
3.216737,14.23
3.216241,14.25
3.215744,14.27
3.215238,14.29
3.214742,14.30
3.214246,14.32
3.213750,14.32
3.213254,14.32
3.212748,14.32
3.212253,14.31
3.211758,14.30
3.211263,14.30
3.210757,14.29
3.210263,14.29
3.209768,14.30
3.209274,14.30
3.208779,14.30
3.208275,14.30
3.207781,14.30
3.207287,14.28
3.206793,14.27
3.206300,14.25
3.205796,14.24
3.205303,14.24
3.204810,14.24
3.204317,14.25
3.203824,14.27
3.203321,14.29
3.202829,14.30
3.202336,14.30
3.201844,14.30
3.201342,14.29
3.200850,14.28
3.200358,14.26
3.199867,14.24
3.199375,14.23
3.198874,14.22
3.198383,14.21
3.197892,14.21
3.197401,14.21
3.196911,14.21
3.196410,14.22
3.195919,14.23
3.195429,14.25
3.194939,14.26
3.194439,14.28
3.193949,14.30
3.193460,14.31
3.192970,14.32
3.192481,14.32
3.191982,14.31
3.191493,14.30
3.191004,14.28
3.190515,14.27
3.190027,14.26
3.189528,14.25
3.189040,14.25
3.188552,14.25
3.188064,14.25
3.187566,14.25
3.187078,14.25
3.186591,14.26
3.186103,14.26
3.185616,14.26
3.185119,14.26
3.184632,14.25
3.184146,14.24
3.183659,14.23
3.183172,14.22
3.182676,14.22
3.182190,14.22
3.181704,14.23
3.181218,14.24
3.180732,14.25
3.180237,14.26
3.179751,14.26
3.179266,14.26
3.178781,14.27
3.178286,14.27
3.177801,14.28
3.177317,14.30
3.176832,14.31
3.176348,14.33
3.175853,14.35
3.175369,14.36
3.174885,14.36
3.174402,14.35
3.173918,14.33
3.173424,14.32
3.172941,14.31
3.172458,14.30
3.171975,14.30
3.171482,14.31
3.170999,14.31
3.170517,14.31
3.170034,14.31
3.169552,14.30
3.169060,14.28
3.168578,14.26
3.168096,14.24
3.167614,14.23
3.167133,14.23
3.166641,14.25
3.166160,14.27
3.165679,14.30
3.165198,14.32
3.164717,14.35
3.164227,14.36
3.163746,14.36
3.163266,14.36
3.162785,14.35
3.162295,14.34
3.161815,14.34
3.161336,14.33
3.160856,14.33
3.160376,14.33
3.159887,14.34
3.159408,14.34
3.158929,14.35
3.158450,14.36
3.157971,14.37
3.157483,14.38
3.157004,14.39
3.156526,14.40
3.156048,14.40
3.155560,14.40
3.155082,14.39
3.154604,14.37
3.154126,14.35
3.153649,14.32
3.153162,14.29
3.152685,14.27
3.152207,14.24
3.151731,14.23
3.151254,14.22
3.150767,14.23
3.150291,14.25
3.149815,14.27
3.149338,14.31
3.148853,14.35
3.148377,14.40
3.147901,14.43
3.147425,14.46
3.146950,14.48
3.146465,14.48
3.145990,14.46
3.145515,14.43
3.145040,14.39
3.144565,14.35
3.144081,14.31
3.143606,14.28
3.143132,14.27
3.142658,14.27
3.142184,14.28
3.141700,14.31
3.141226,14.34
3.140753,14.37
3.140279,14.39
3.139796,14.41
3.139323,14.42
3.138850,14.43
3.138377,14.43
3.137905,14.43
3.137422,14.43
3.136950,14.43
3.136478,14.44
3.136005,14.46
3.135533,14.47
3.135052,14.48
3.134580,14.48
3.134109,14.48
3.133637,14.47
3.133156,14.46
3.132685,14.45
3.132214,14.44
3.131743,14.43
3.131272,14.42
3.130792,14.42
3.130322,14.43
3.129851,14.44
3.129381,14.45
3.128911,14.45
3.128431,14.46
3.127962,14.46
3.127492,14.46
3.127023,14.46
3.126554,14.45
3.126075,14.44
3.125606,14.42
3.125137,14.41
3.124668,14.40
3.124190,14.39
3.123721,14.38
3.123253,14.38
3.122785,14.38
3.122317,14.38
3.121839,14.39
3.121371,14.40
3.120904,14.41
3.120436,14.41
3.119969,14.41
3.119492,14.41
3.119025,14.40
3.118558,14.40
3.118091,14.39
3.117615,14.39
3.117149,14.39
3.116682,14.41
3.116216,14.42
3.115750,14.44
3.115275,14.46
3.114809,14.47
3.114343,14.48
3.113878,14.49
3.113412,14.50
3.112937,14.51
3.112472,14.52
3.112007,14.52
3.111543,14.52
3.111078,14.52
3.110604,14.52
3.110139,14.52
3.109675,14.51
3.109211,14.52
3.108737,14.52
3.108274,14.52
3.107810,14.53
3.107346,14.53
3.106883,14.54
3.106410,14.53
3.105947,14.53
3.105484,14.53
3.105021,14.52
3.104558,14.52
3.104086,14.51
3.103624,14.52
3.103162,14.52
3.102699,14.52
3.102228,14.53
3.101766,14.54
3.101304,14.54
3.100842,14.54
3.100381,14.53
3.099910,14.51
3.099449,14.49
3.098988,14.47
3.098527,14.46
3.098066,14.45
3.097596,14.45
3.097135,14.46
3.096675,14.48
3.096215,14.50
3.095745,14.51
3.095285,14.52
3.094825,14.52
3.094366,14.51
3.093906,14.51
3.093437,14.51
3.092978,14.51
3.092519,14.51
3.092060,14.52
3.091601,14.53
3.091133,14.53
3.090674,14.54
3.090216,14.54
3.089757,14.54
3.089299,14.54
3.088832,14.55
3.088374,14.55
3.087916,14.55
3.087458,14.56
3.086991,14.57
3.086534,14.58
3.086077,14.59
3.085620,14.60
3.085163,14.60
3.084697,14.61
3.084240,14.61
3.083783,14.61
3.083327,14.62
3.082871,14.62
3.082405,14.62
3.081949,14.62
3.081493,14.61
3.081037,14.61
3.080572,14.60
3.080117,14.59
3.079662,14.58
3.079206,14.57
3.078751,14.56
3.078287,14.55
3.077832,14.54
3.077378,14.53
3.076923,14.52
3.076469,14.52
3.076005,14.51
3.075551,14.51
3.075097,14.51
3.074643,14.51
3.074180,14.52
3.073726,14.53
3.073273,14.55
3.072820,14.56
3.072367,14.58
3.071904,14.59
3.071451,14.60
3.070998,14.61
3.070546,14.61
3.070093,14.61
3.069632,14.61
3.069179,14.61
3.068727,14.60
3.068275,14.59
3.067823,14.57
3.067362,14.55
3.066911,14.53
3.066459,14.51
3.066008,14.49
3.065548,14.47
3.065097,14.46
3.064646,14.46
3.064195,14.47
3.063744,14.48
3.063284,14.49
3.062834,14.49
3.062384,14.50
3.061934,14.50
3.061484,14.51
3.061025,14.51
3.060575,14.52
3.060125,14.54
3.059676,14.56
3.059227,14.59
3.058768,14.63
3.058319,14.66
3.057870,14.70
3.057421,14.72
3.056963,14.73
3.056515,14.73
3.056067,14.72
3.055618,14.69
3.055170,14.65
3.054713,14.62
3.054265,14.59
3.053817,14.56
3.053370,14.55
3.052922,14.54
3.052466,14.53
3.052019,14.53
3.051572,14.54
3.051125,14.54
3.050669,14.56
3.050222,14.58
3.049775,14.60
3.049329,14.63
3.048883,14.66
3.048427,14.69
3.047981,14.71
3.047535,14.72
3.047090,14.72
3.046644,14.72
3.046189,14.71
3.045744,14.70
3.045299,14.69
3.044854,14.68
3.044400,14.66
3.043955,14.65
3.043510,14.65
3.043065,14.65
3.042621,14.67
3.042167,14.69
3.041723,14.72
3.041279,14.75
3.040835,14.77
3.040392,14.78
3.039939,14.78
3.039495,14.78
3.039052,14.77
3.038609,14.76
3.038165,14.75
3.037713,14.74
3.037270,14.74
3.036828,14.74
3.036385,14.74
3.035933,14.74
3.035491,14.74
3.035049,14.73
3.034607,14.73
3.034165,14.73
3.033714,14.72
3.033272,14.71
3.032830,14.70
3.032389,14.70
3.031948,14.70
3.031497,14.70
3.031056,14.71
3.030615,14.71
3.030174,14.72
3.029725,14.73
3.029284,14.73
3.028844,14.73
3.028403,14.73
3.027963,14.74
3.027514,14.74
3.027074,14.74
3.026634,14.75
3.026195,14.75
3.025755,14.76
3.025307,14.76
3.024867,14.77
3.024428,14.78
3.023989,14.80
3.023541,14.81
3.023103,14.83
3.022664,14.84
3.022225,14.84
3.021787,14.84
3.021340,14.84
3.020902,14.83
3.020464,14.83
3.020026,14.82
3.019588,14.82
3.019141,14.81
3.018704,14.80
3.018267,14.78
3.017829,14.77
3.017392,14.75
3.016946,14.74
3.016509,14.73
3.016073,14.73
3.015636,14.74
3.015191,14.75
3.014754,14.76
3.014318,14.77
3.013882,14.77
3.013446,14.78
3.013001,14.78
3.012565,14.78
3.012130,14.79
3.011694,14.80
3.011259,14.81
3.010815,14.81
3.010380,14.82
3.009945,14.83
3.009510,14.83
3.009066,14.83
3.008632,14.83
3.008197,14.83
3.007763,14.83
3.007329,14.82
3.006886,14.82
3.006452,14.81
3.006018,14.81
3.005584,14.81
3.005151,14.80
3.004708,14.80
3.004275,14.80
3.003842,14.79
3.003409,14.79
3.002976,14.79
3.002534,14.80
3.002101,14.81
3.001669,14.83
3.001237,14.85
3.000795,14.87
3.000363,14.89
2.999931,14.90
2.999499,14.91
2.999067,14.92
2.998627,14.92
2.998195,14.93
2.997764,14.94
2.997332,14.94
2.996901,14.94
2.996461,14.93
2.996030,14.92
2.995599,14.90
2.995169,14.89
2.994729,14.88
2.994299,14.88
2.993869,14.90
2.993438,14.92
2.993008,14.95
2.992569,14.97
2.992140,14.99
2.991710,14.99
2.991280,14.98
2.990851,14.97
2.990413,14.94
2.989984,14.92
2.989554,14.91
2.989126,14.90
2.988688,14.91
2.988259,14.93
2.987831,14.95
2.987402,14.97
2.986974,15.00
2.986537,15.01
2.986109,15.02
2.985681,15.01
2.985253,15.00
2.984825,14.97
2.984389,14.94
2.983961,14.92
2.983534,14.90
2.983107,14.90
2.982680,14.91
2.982244,14.93
2.981817,14.96
2.981390,14.99
2.980964,15.02
2.980528,15.04
2.980102,15.05
2.979676,15.04
2.979250,15.02
2.978824,15.00
2.978389,14.98
2.977963,14.97
2.977537,14.97
2.977112,14.98
2.976687,15.00
2.976252,15.02
2.975827,15.05
2.975402,15.07
2.974977,15.09
2.974553,15.11
2.974119,15.12
2.973695,15.13
2.973270,15.13
2.972846,15.13
2.972413,15.13
2.971989,15.12
2.971565,15.12
2.971141,15.11
2.970718,15.11
2.970285,15.11
2.969862,15.11
2.969439,15.11
2.969015,15.11
2.968592,15.10
2.968161,15.09
2.967738,15.08
2.967315,15.07
2.966892,15.06
2.966461,15.06
2.966039,15.06
2.965617,15.06
2.965195,15.06
2.964773,15.06
2.964342,15.05
2.963920,15.03
2.963499,15.01
2.963077,14.99
2.962656,14.98
2.962226,14.97
2.961805,14.98
2.961384,14.99
2.960963,15.02
2.960533,15.05
2.960112,15.08
2.959692,15.11
2.959272,15.13
2.958851,15.14
2.958422,15.14
2.958002,15.14
2.957582,15.12
2.957163,15.11
2.956743,15.09
2.956315,15.09
2.955895,15.09
2.955476,15.10
2.955057,15.12
2.954637,15.13
2.954210,15.14
2.953791,15.15
2.953372,15.15
2.952954,15.14
2.952526,15.13
2.952108,15.11
2.951690,15.09
2.951272,15.08
2.950854,15.06
2.950427,15.06
2.950009,15.07
2.949591,15.09
2.949174,15.12
2.948757,15.16
2.948331,15.20
2.947913,15.23
2.947496,15.25
2.947079,15.26
2.946654,15.26
2.946237,15.26
2.945820,15.25
2.945404,15.24
2.944988,15.24
2.944563,15.24
2.944147,15.24
2.943731,15.23
2.943315,15.23
2.942899,15.22
2.942475,15.22
2.942059,15.21
2.941644,15.20
2.941228,15.20
2.940805,15.21
2.940389,15.21
2.939975,15.21
2.939560,15.21
2.939145,15.21
2.938722,15.21
2.938307,15.20
2.937893,15.20
2.937479,15.20
2.937065,15.21
2.936642,15.21
2.936228,15.21
2.935814,15.21
2.935401,15.21
2.934987,15.19
2.934565,15.18
2.934152,15.16
2.933739,15.15
2.933326,15.14
2.932904,15.14
2.932491,15.15
2.932078,15.16
2.931666,15.16
2.931253,15.17
2.930832,15.17
2.930420,15.16
2.930008,15.15
2.929596,15.15
2.929184,15.14
2.928764,15.13
2.928352,15.13
2.927940,15.13
2.927529,15.14
2.927109,15.16
2.926698,15.18
2.926287,15.21
2.925876,15.25
2.925465,15.29
2.925046,15.32
2.924635,15.34
2.924225,15.36
2.923814,15.36
2.923404,15.35
2.922985,15.34
2.922575,15.33
2.922165,15.32
2.921755,15.31
2.921346,15.30
2.920928,15.29
2.920518,15.28
2.920109,15.27
2.919700,15.26
2.919282,15.26
2.918873,15.27
2.918464,15.29
2.918055,15.30
2.917647,15.32
2.917229,15.34
2.916821,15.35
2.916413,15.36
2.916004,15.37
2.915596,15.38
2.915180,15.38
2.914772,15.38
2.914364,15.39
2.913957,15.38
2.913541,15.38
2.913133,15.38
2.912726,15.38
2.912319,15.37
2.911912,15.37
2.911496,15.36
2.911090,15.36
2.910683,15.34
2.910276,15.33
2.909870,15.30
2.909455,15.28
2.909049,15.25
2.908642,15.23
2.908236,15.22
2.907822,15.22
2.907416,15.24
2.907011,15.26
2.906605,15.30
2.906200,15.35
2.905786,15.40
2.905380,15.44
2.904975,15.48
2.904570,15.51
2.904165,15.52
2.903752,15.54
2.903348,15.55
2.902943,15.56
2.902539,15.58
2.902134,15.60
2.901722,15.62
2.901317,15.62
2.900913,15.60
2.900510,15.56
2.900097,15.51
2.899694,15.46
2.899290,15.41
2.898887,15.37
2.898484,15.34
2.898072,15.34
2.897669,15.35
2.897266,15.38
2.896863,15.41
2.896460,15.44
2.896049,15.47
2.895647,15.49
2.895244,15.51
2.894842,15.51
2.894431,15.50
2.894029,15.50
2.893627,15.48
2.893226,15.48
2.892824,15.47
2.892414,15.48
2.892012,15.48
2.891611,15.49
2.891210,15.50
2.890808,15.51
2.890399,15.51
2.889998,15.51
2.889597,15.49
2.889196,15.48
2.888796,15.46
2.888387,15.44
2.887987,15.43
2.887586,15.43
2.887186,15.43
2.886778,15.45
2.886378,15.47
2.885978,15.50
2.885578,15.52
2.885179,15.55
2.884771,15.56
2.884371,15.56
2.883972,15.54
2.883573,15.50
2.883174,15.47
2.882767,15.43
2.882368,15.40
2.881969,15.38
2.881570,15.39
2.881164,15.40
2.880765,15.43
2.880367,15.46
2.879969,15.49
2.879571,15.52
2.879164,15.53
2.878767,15.54
2.878369,15.53
2.877971,15.51
2.877574,15.49
2.877168,15.46
2.876771,15.44
2.876373,15.42
2.875976,15.41
2.875579,15.41
2.875174,15.42
2.874778,15.44
2.874381,15.48
2.873984,15.51
2.873580,15.55
2.873183,15.58
2.872787,15.61
2.872391,15.62
2.871995,15.62
2.871591,15.61
2.871195,15.59
2.870800,15.58
2.870404,15.57
2.870009,15.57
2.869605,15.57
2.869210,15.59
2.868815,15.61
2.868420,15.64
2.868017,15.66
2.867622,15.67
2.867227,15.66
2.866833,15.65
2.866438,15.64
2.866036,15.62
2.865642,15.60
2.865247,15.58
2.864853,15.57
2.864460,15.55
2.864058,15.55
2.863664,15.54
2.863270,15.55
2.862877,15.57
2.862475,15.59
2.862082,15.63
2.861689,15.68
2.861296,15.72
2.860903,15.75
2.860502,15.76
2.860109,15.76
2.859717,15.74
2.859324,15.70
2.858932,15.66
2.858531,15.63
2.858139,15.61
2.857747,15.62
2.857355,15.64
2.856963,15.69
2.856563,15.75
2.856172,15.82
2.855780,15.90
2.855389,15.97
2.854989,16.00
2.854598,16.01
2.854207,15.98
2.853816,15.92
2.853425,15.85
2.853026,15.78
2.852636,15.72
2.852245,15.69
2.851855,15.68
2.851464,15.69
2.851066,15.72
2.850676,15.76
2.850286,15.81
2.849896,15.84
2.849498,15.86
2.849108,15.85
2.848719,15.83
2.848329,15.79
2.847940,15.74
2.847543,15.69
2.847153,15.65
2.846764,15.62
2.846375,15.60
2.845987,15.60
2.845590,15.60
2.845201,15.62
2.844813,15.64
2.844424,15.66
2.844028,15.69
2.843640,15.70
2.843252,15.71
2.842864,15.72
2.842476,15.71
2.842080,15.71
2.841692,15.71
2.841305,15.72
2.840917,15.75
2.840530,15.80
2.840135,15.88
2.839747,15.96
2.839360,16.05
2.838973,16.12
2.838587,16.17
2.838192,16.19
2.837805,16.18
2.837419,16.15
2.837032,16.13
2.836638,16.13
2.836252,16.14
2.835866,16.17
2.835480,16.21
2.835094,16.25
2.834700,16.27
2.834314,16.27
2.833929,16.25
2.833543,16.21
2.833158,16.15
2.832765,16.08
2.832380,16.01
2.831995,15.93
2.831610,15.86
2.831217,15.79
2.830832,15.73
2.830448,15.68
2.830063,15.65
2.829679,15.63
2.829287,15.63
2.828902,15.65
2.828518,15.67
2.828134,15.69
2.827750,15.70
2.827359,15.70
2.826975,15.70
2.826591,15.70
2.826208,15.70
2.825825,15.71
2.825433,15.73
2.825050,15.75
2.824667,15.78
2.824284,15.81
2.823894,15.86
2.823511,15.91
2.823128,15.97
2.822746,16.05
2.822363,16.14
2.821973,16.23
2.821591,16.32
2.821209,16.40
2.820827,16.45
2.820445,16.46
2.820055,16.43
2.819673,16.38
2.819292,16.31
2.818910,16.24
2.818521,16.17
2.818140,16.11
2.817759,16.08
2.817378,16.06
2.816997,16.07
2.816608,16.09
2.816227,16.12
2.815846,16.15
2.815466,16.17
2.815085,16.17
2.814697,16.14
2.814317,16.08
2.813937,16.00
2.813557,15.92
2.813177,15.84
2.812789,15.79
2.812409,15.75
2.812030,15.74
2.811650,15.74
2.811263,15.77
2.810884,15.80
2.810505,15.84
2.810125,15.88
2.809746,15.91
2.809360,15.94
2.808981,15.98
2.808602,16.02
2.808224,16.08
2.807845,16.14
2.807459,16.23
2.807081,16.32
2.806702,16.41
2.806324,16.51
2.805938,16.61
2.805561,16.70
2.805183,16.80
2.804805,16.88
2.804428,16.95
2.804042,16.98
2.803665,16.95
2.803288,16.86
2.802911,16.71
2.802533,16.55
2.802149,16.39
2.801772,16.26
2.801395,16.15
2.801018,16.07
2.800634,16.01
2.800258,15.98
2.799881,15.97
2.799505,15.98
2.799129,16.00
2.798745,16.03
2.798369,16.06
2.797993,16.09
2.797618,16.11
2.797242,16.12
2.796859,16.13
2.796483,16.13
2.796108,16.15
2.795733,16.16
2.795357,16.18
2.794975,16.21
2.794600,16.23
2.794225,16.24
2.793850,16.24
2.793468,16.24
2.793093,16.24
2.792719,16.24
2.792345,16.24
2.791970,16.26
2.791588,16.29
2.791214,16.33
2.790840,16.39
2.790467,16.45
2.790093,16.52
2.789712,16.61
2.789338,16.73
2.788965,16.86
2.788591,17.01
2.788210,17.14
2.787837,17.22
2.787464,17.20
2.787091,17.10
2.786718,16.95
2.786338,16.79
2.785965,16.66
2.785593,16.56
2.785221,16.50
2.784848,16.46
2.784468,16.44
2.784096,16.44
2.783724,16.46
2.783352,16.49
2.782980,16.52
2.782601,16.55
2.782229,16.59
2.781858,16.61
2.781486,16.63
2.781107,16.65
2.780736,16.67
2.780365,16.68
2.779994,16.70
2.779623,16.72
2.779245,16.73
2.778874,16.74
2.778503,16.73
2.778133,16.71
2.777762,16.68
2.777384,16.63
2.777014,16.57
2.776644,16.51
2.776274,16.44
2.775896,16.39
2.775527,16.35
2.775157,16.33
2.774787,16.33
2.774418,16.34
2.774041,16.38
2.773671,16.44
2.773302,16.52
2.772933,16.61
2.772564,16.70
2.772187,16.77
2.771818,16.80
2.771450,16.80
2.771081,16.77
2.770705,16.72
2.770336,16.68
2.769968,16.66
2.769600,16.69
2.769232,16.76
2.768856,16.88
2.768488,17.04
2.768120,17.20
2.767752,17.34
2.767385,17.42
2.767009,17.42
2.766642,17.36
2.766275,17.27
2.765907,17.19
2.765540,17.14
2.765166,17.13
2.764799,17.17
2.764432,17.24
2.764065,17.33
2.763691,17.41
2.763324,17.43
2.762958,17.40
2.762591,17.31
2.762225,17.19
2.761851,17.07
2.761485,16.97
2.761119,16.89
2.760753,16.83
2.760387,16.79
2.760014,16.77
2.759648,16.78
2.759283,16.81
2.758918,16.87
2.758545,16.94
2.758179,17.04
2.757814,17.15
2.757449,17.29
2.757084,17.44
2.756712,17.61
2.756347,17.76
2.755983,17.83
2.755618,17.76
2.755254,17.58
2.754882,17.37
2.754517,17.19
2.754153,17.05
2.753789,16.96
2.753425,16.89
2.753054,16.85
2.752690,16.81
2.752326,16.77
2.751963,16.71
2.751592,16.63
2.751228,16.55
2.750865,16.48
2.750502,16.42
2.750139,16.38
2.749768,16.37
2.749405,16.38
2.749043,16.40
2.748680,16.44
2.748317,16.48
2.747947,16.52
2.747585,16.55
2.747223,16.59
2.746860,16.62
2.746491,16.65
2.746129,16.68
2.745767,16.70
2.745405,16.72
2.745043,16.74
2.744674,16.77
2.744312,16.81
2.743951,16.88
2.743590,16.98
2.743228,17.13
2.742860,17.32
2.742499,17.56
2.742138,17.86
2.741777,18.19
2.741416,18.51
2.741048,18.76
2.740687,18.87
2.740327,18.75
2.739966,18.44
2.739598,18.02
2.739238,17.61
2.738878,17.26
2.738518,17.00
2.738158,16.81
2.737791,16.68
2.737431,16.59
2.737071,16.53
2.736712,16.51
2.736352,16.51
2.735986,16.53
2.735626,16.56
2.735267,16.60
2.734908,16.62
2.734542,16.62
2.734183,16.60
2.733824,16.56
2.733465,16.53
2.733107,16.50
2.732741,16.47
2.732382,16.45
2.732024,16.43
2.731666,16.41
2.731308,16.38
2.730942,16.36
2.730584,16.33
2.730226,16.30
2.729869,16.28
2.729503,16.27
2.729146,16.29
2.728788,16.33
2.728431,16.40
2.728074,16.50
2.727709,16.62
2.727352,16.78
2.726995,16.97
2.726638,17.21
2.726281,17.49
2.725917,17.81
2.725561,18.12
2.725204,18.31
2.724848,18.31
2.724491,18.13
2.724128,17.87
2.723771,17.63
2.723415,17.45
2.723059,17.36
2.722696,17.34
2.722340,17.40
2.721985,17.53
2.721629,17.75
2.721274,18.03
2.720911,18.26
2.720555,18.33
2.720200,18.23
2.719845,18.04
2.719490,17.84
2.719128,17.65
2.718773,17.47
2.718418,17.30
2.718063,17.14
2.717701,16.98
2.717347,16.84
2.716993,16.71
2.716638,16.61
2.716284,16.54
2.715923,16.49
2.715569,16.47
2.715215,16.47
2.714861,16.49
2.714507,16.53
2.714146,16.58
2.713793,16.64
2.713439,16.72
2.713086,16.81
2.712732,16.93
2.712372,17.09
2.712019,17.29
2.711666,17.54
2.711313,17.81
2.710953,18.05
2.710600,18.18
2.710247,18.17
2.709895,18.03
2.709542,17.83
2.709183,17.60
2.708831,17.39
2.708478,17.21
2.708126,17.07
2.707774,16.95
2.707415,16.87
2.707063,16.80
2.706712,16.76
2.706360,16.74
2.706001,16.73
2.705650,16.72
2.705298,16.72
2.704947,16.72
2.704596,16.72
2.704238,16.73
2.703887,16.74
2.703536,16.77
2.703185,16.81
2.702834,16.86
2.702476,16.90
2.702126,16.92
2.701775,16.91
2.701425,16.87
2.701067,16.81
2.700717,16.76
2.700367,16.72
2.700017,16.71
2.699667,16.72
2.699310,16.74
2.698961,16.78
2.698611,16.82
2.698262,16.87
2.697912,16.92
2.697555,16.99
2.697206,17.07
2.696857,17.19
2.696508,17.35
2.696159,17.56
2.695803,17.81
2.695454,18.06
2.695105,18.25
2.694757,18.30
2.694401,18.18
2.694053,17.95
2.693704,17.68
2.693356,17.42
2.693008,17.21
2.692653,17.05
2.692305,16.93
2.691957,16.84
2.691609,16.78
2.691261,16.74
2.690906,16.73
2.690559,16.75
2.690211,16.78
2.689864,16.83
2.689510,16.89
2.689162,16.95
2.688815,17.01
2.688468,17.06
2.688121,17.11
2.687767,17.15
2.687421,17.20
2.687074,17.26
2.686728,17.31
2.686381,17.36
2.686028,17.40
2.685681,17.43
2.685335,17.45
2.684989,17.47
2.684643,17.49
2.684290,17.50
2.683944,17.49
2.683598,17.45
2.683253,17.40
2.682900,17.34
2.682555,17.29
2.682209,17.26
2.681864,17.27
2.681519,17.31
2.681166,17.39
2.680821,17.51
2.680476,17.67
2.680132,17.87
2.679787,18.08
2.679435,18.29
2.679091,18.47
2.678746,18.64
2.678402,18.78
2.678050,18.91
2.677706,19.00
2.677362,19.02
2.677018,18.94
2.676674,18.74
2.676323,18.49
2.675979,18.23
2.675635,18.02
2.675292,17.85
2.674948,17.74
2.674598,17.67
2.674254,17.63
2.673911,17.63
2.673568,17.64
2.673225,17.66
2.672875,17.68
2.672532,17.69
2.672189,17.70
2.671846,17.70
2.671497,17.73
2.671154,17.79
2.670812,17.90
2.670469,18.03
2.670127,18.17
2.669778,18.27
2.669436,18.34
2.669094,18.40
2.668752,18.46
2.668410,18.55
2.668061,18.67
2.667720,18.85
2.667378,19.07
2.667036,19.30
2.666688,19.44
2.666347,19.39
2.666005,19.10
2.665664,18.65
2.665323,18.20
2.664975,17.82
2.664634,17.55
2.664294,17.38
2.663953,17.29
2.663612,17.26
2.663265,17.25
2.662924,17.28
2.662584,17.32
2.662244,17.38
2.661897,17.43
2.661556,17.48
2.661216,17.51
2.660877,17.51
2.660537,17.47
2.660190,17.39
2.659850,17.28
2.659511,17.15
2.659171,17.02
2.658832,16.92
2.658486,16.85
2.658146,16.81
2.657807,16.80
2.657468,16.81
2.657129,16.85
2.656783,16.91
2.656445,16.97
2.656106,17.04
2.655767,17.08
2.655422,17.11
2.655083,17.12
2.654745,17.12
2.654407,17.14
2.654069,17.17
2.653724,17.22
2.653386,17.27
2.653048,17.31
2.652710,17.30
2.652372,17.24
2.652027,17.14
2.651690,17.02
2.651352,16.90
2.651015,16.80
2.650671,16.72
2.650334,16.66
2.649996,16.63
2.649659,16.61
2.649322,16.60
2.648979,16.61
2.648642,16.63
2.648305,16.67
2.647968,16.72
2.647632,16.79
2.647289,16.86
2.646952,16.94
2.646616,17.01
2.646280,17.04
2.645937,17.04
2.645601,17.00
2.645265,16.95
2.644929,16.91
2.644593,16.88
2.644250,16.87
2.643915,16.89
2.643579,16.93
2.643244,16.99
2.642909,17.04
2.642566,17.07
2.642231,17.07
2.641896,17.02
2.641561,16.95
2.641226,16.86
2.640885,16.77
2.640550,16.69
2.640215,16.63
2.639881,16.59
2.639539,16.57
2.639205,16.56
2.638871,16.55
2.638536,16.55
2.638202,16.55
2.637861,16.55
2.637527,16.55
2.637193,16.56
2.636860,16.58
2.636526,16.60
2.636185,16.65
2.635852,16.71
2.635518,16.80
2.635185,16.91
2.634845,17.05
2.634512,17.20
2.634178,17.34
2.633845,17.44
2.633512,17.50
2.633173,17.53
2.632840,17.53
2.632507,17.53
2.632175,17.55
2.631842,17.61
2.631503,17.72
2.631170,17.87
2.630838,18.01
2.630506,18.08
2.630174,18.05
2.629835,17.94
2.629503,17.81
2.629171,17.70
2.628839,17.63
2.628501,17.58
2.628169,17.57
2.627838,17.58
2.627506,17.59
2.627175,17.59
2.626837,17.54
2.626506,17.45
2.626175,17.33
2.625844,17.21
2.625513,17.09
2.625175,16.99
2.624844,16.92
2.624513,16.86
2.624183,16.82
2.623846,16.81
2.623515,16.81
2.623185,16.83
2.622855,16.86
2.622524,16.92
2.622187,17.00
2.621857,17.11
2.621527,17.26
2.621198,17.43
2.620868,17.63
2.620531,17.80
2.620202,17.93
2.619872,18.01
2.619543,18.05
2.619214,18.09
2.618877,18.13
2.618548,18.19
2.618219,18.24
2.617890,18.29
2.617554,18.28
2.617226,18.20
2.616897,18.04
2.616568,17.87
2.616240,17.73
2.615904,17.62
2.615576,17.54
2.615247,17.49
2.614919,17.46
2.614591,17.45
2.614256,17.44
2.613928,17.43
2.613600,17.41
2.613272,17.38
2.612938,17.33
2.612610,17.27
2.612282,17.22
2.611955,17.17
2.611627,17.15
2.611293,17.15
2.610966,17.18
2.610639,17.24
2.610312,17.31
2.609985,17.40
2.609651,17.48
2.609324,17.55
2.608997,17.62
2.608671,17.69
2.608344,17.77
2.608011,17.86
2.607684,17.96
2.607358,18.08
2.607032,18.22
2.606699,18.36
2.606373,18.53
2.606047,18.70
2.605721,18.85
2.605395,18.94
2.605062,18.93
2.604736,18.80
2.604411,18.58
2.604085,18.32
2.603760,18.09
2.603428,17.90
2.603102,17.78
2.602777,17.71
2.602452,17.67
2.602120,17.63
2.601795,17.59
2.601470,17.51
2.601146,17.42
2.600821,17.32
2.600489,17.23
2.600165,17.16
2.599840,17.12
2.599516,17.11
2.599192,17.14
2.598861,17.19
2.598537,17.28
2.598212,17.39
2.597888,17.52
2.597558,17.68
2.597234,17.88
2.596910,18.11
2.596587,18.40
2.596263,18.74
2.595933,19.12
2.595609,19.42
2.595286,19.50
2.594963,19.31
2.594639,18.98
2.594310,18.65
2.593987,18.38
2.593664,18.15
2.593341,17.95
2.593018,17.77
2.592689,17.61
2.592366,17.48
2.592043,17.39
2.591721,17.32
2.591392,17.29
2.591070,17.30
2.590747,17.34
2.590425,17.41
2.590103,17.50
2.589775,17.61
2.589453,17.73
2.589131,17.85
2.588809,17.94
2.588487,18.00
2.588159,18.02
2.587838,17.98
2.587516,17.91
2.587195,17.82
2.586867,17.74
2.586546,17.68
2.586225,17.65
2.585904,17.66
2.585583,17.71
2.585255,17.79
2.584934,17.90
2.584614,18.01
2.584293,18.09
2.583973,18.10
2.583646,18.03
2.583325,17.92
2.583005,17.81
2.582685,17.72
2.582358,17.64
2.582038,17.57
2.581718,17.49
2.581398,17.40
2.581078,17.30
2.580752,17.21
2.580432,17.13
2.580112,17.08
2.579793,17.06
2.579474,17.06
2.579148,17.10
2.578828,17.15
2.578509,17.23
2.578190,17.33
2.577871,17.42
2.577545,17.50
2.577227,17.56
2.576908,17.57
2.576589,17.56
2.576264,17.53
2.575945,17.53
2.575627,17.53
2.575308,17.56
2.574990,17.60
2.574665,17.64
2.574347,17.66
2.574029,17.65
2.573711,17.61
2.573393,17.53
2.573069,17.46
2.572751,17.40
2.572433,17.37
2.572116,17.38
2.571792,17.40
2.571474,17.45
2.571157,17.52
2.570839,17.61
2.570522,17.69
2.570199,17.75
2.569882,17.77
2.569565,17.74
2.569248,17.66
2.568931,17.56
2.568608,17.46
2.568291,17.38
2.567974,17.32
2.567658,17.28
2.567341,17.27
2.567018,17.29
2.566702,17.32
2.566386,17.38
2.566070,17.45
2.565747,17.53
2.565431,17.63
2.565115,17.73
2.564800,17.82
2.564484,17.90
2.564162,17.96
2.563846,18.02
2.563531,18.08
2.563215,18.15
2.562900,18.24
2.562578,18.36
2.562263,18.47
2.561948,18.55
2.561633,18.56
2.561311,18.47
2.560997,18.30
2.560682,18.08
2.560367,17.86
2.560052,17.65
2.559731,17.47
2.559417,17.34
2.559102,17.24
2.558788,17.17
2.558474,17.12
2.558153,17.10
2.557839,17.09
2.557525,17.09
2.557211,17.10
2.556897,17.10
2.556577,17.10
2.556263,17.09
2.555950,17.08
2.555636,17.06
2.555316,17.06
2.555003,17.07
2.554690,17.09
2.554376,17.13
2.554063,17.19
2.553744,17.24
2.553431,17.29
2.553118,17.32
2.552805,17.33
2.552492,17.32
2.552173,17.30
2.551860,17.28
2.551548,17.25
2.551235,17.22
2.550916,17.20
2.550604,17.18
2.550292,17.17
2.549980,17.18
2.549668,17.21
2.549349,17.26
2.549037,17.32
2.548725,17.38
2.548413,17.42
2.548102,17.43
2.547784,17.41
2.547472,17.37
2.547161,17.32
2.546849,17.27
2.546531,17.25
2.546220,17.25
2.545909,17.27
2.545598,17.31
2.545287,17.36
2.544970,17.42
2.544659,17.47
2.544348,17.51
2.544037,17.54
2.543727,17.53
2.543410,17.51
2.543099,17.46
2.542789,17.40
2.542478,17.33
2.542168,17.26
2.541852,17.21
2.541541,17.16
2.541231,17.13
2.540922,17.12
2.540605,17.11
2.540295,17.11
2.539986,17.11
2.539676,17.12
2.539367,17.12
2.539051,17.12
2.538741,17.13
2.538432,17.14
2.538123,17.16
2.537813,17.20
2.537498,17.25
2.537189,17.31
2.536880,17.37
2.536571,17.40
2.536256,17.40
2.535947,17.36
2.535638,17.30
2.535330,17.22
2.535021,17.16
2.534706,17.12
2.534398,17.11
2.534090,17.14
2.533782,17.20
2.533474,17.27
2.533159,17.33
2.532851,17.39
2.532543,17.41
2.532235,17.40
2.531928,17.38
2.531614,17.34
2.531306,17.31
2.530998,17.28
2.530691,17.26
2.530377,17.24
2.530070,17.22
2.529763,17.19
2.529456,17.17
2.529148,17.15
2.528835,17.14
2.528528,17.13
2.528221,17.13
2.527914,17.13
2.527608,17.14
2.527295,17.14
2.526988,17.13
2.526682,17.14
2.526375,17.14
2.526063,17.15
2.525756,17.17
2.525450,17.20
2.525144,17.23
2.524838,17.25
2.524526,17.27
2.524220,17.28
2.523914,17.27
2.523608,17.26
2.523303,17.24
2.522991,17.21
2.522685,17.18
2.522380,17.15
2.522074,17.12
2.521763,17.09
2.521458,17.07
2.521152,17.05
2.520847,17.04
2.520542,17.03
2.520231,17.04
2.519926,17.05
2.519622,17.08
2.519317,17.11
2.519012,17.15
2.518701,17.19
2.518397,17.22
2.518092,17.26
2.517788,17.29
2.517484,17.31
2.517173,17.32
2.516869,17.33
2.516565,17.32
2.516261,17.30
2.515951,17.27
2.515647,17.24
2.515344,17.21
2.515040,17.19
2.514736,17.18
2.514427,17.18
2.514123,17.19
2.513820,17.20
2.513516,17.22
2.513213,17.23
2.512904,17.23
2.512601,17.23
2.512298,17.22
2.511995,17.21
2.511686,17.20
2.511383,17.19
2.511080,17.19
2.510778,17.20
2.510475,17.21
2.510166,17.23
2.509864,17.24
2.509561,17.26
2.509259,17.26
2.508957,17.26
2.508649,17.26
2.508347,17.25
2.508045,17.24
2.507743,17.25
2.507435,17.26
2.507133,17.29
2.506831,17.32
2.506530,17.35
2.506228,17.37
2.505920,17.38
2.505619,17.38
2.505318,17.36
2.505016,17.34
2.504715,17.31
2.504408,17.28
2.504107,17.25
2.503806,17.23
2.503505,17.21
2.503204,17.21
2.502897,17.20
2.502596,17.21
2.502296,17.21
2.501995,17.22
2.501689,17.23
2.501388,17.24
2.501088,17.24
2.500788,17.24
2.500488,17.23
2.500181,17.22
2.499881,17.21
