17.241379,34.09
17.227122,34.19
17.212889,34.29
17.198679,34.39
17.184493,34.46
17.170035,34.50
17.155896,34.52
17.141780,34.53
17.127687,34.54
17.113324,34.54
17.099278,34.55
17.085255,34.57
17.071255,34.60
17.057278,34.66
17.043034,34.75
17.029103,34.88
17.015195,35.03
17.001309,35.20
16.987446,35.38
16.973318,35.55
16.959501,35.71
16.945706,35.86
16.931934,36.00
16.918184,36.14
16.904170,36.26
16.890465,36.35
16.876783,36.38
16.863122,36.37
16.849200,36.30
16.835584,36.19
16.821990,36.05
16.808418,35.90
16.794867,35.75
16.781058,35.59
16.767551,35.42
16.754067,35.25
16.740604,35.08
16.727163,34.94
16.713464,34.84
16.700067,34.80
16.686691,34.83
16.673336,34.90
16.659725,35.02
16.646414,35.16
16.633123,35.30
16.619854,35.46
16.606606,35.62
16.593104,35.79
16.579899,35.95
16.566714,36.10
16.553551,36.18
16.540408,36.18
16.527013,36.08
16.513913,35.89
16.500833,35.66
16.487774,35.42
16.474736,35.22
16.461447,35.08
16.448451,35.02
16.435474,35.02
16.422519,35.05
16.409314,35.07
16.396399,35.07
16.383505,35.03
16.370631,34.95
16.357777,34.86
16.344677,34.78
16.331863,34.72
16.319070,34.70
16.306297,34.75
16.293544,34.87
16.280546,35.07
16.267834,35.33
16.255141,35.63
16.242468,35.93
16.229551,36.20
16.216917,36.40
16.204304,36.48
16.191710,36.45
16.179135,36.31
16.166319,36.09
16.153784,35.82
16.141268,35.53
16.128772,35.24
16.116295,34.99
16.103578,34.78
16.091140,34.62
16.078721,34.51
16.066322,34.46
16.053684,34.46
16.041322,34.49
16.028980,34.55
16.016657,34.63
16.004353,34.74
15.991812,34.85
15.979546,34.98
15.967299,35.13
15.955071,35.28
15.942861,35.42
15.930416,35.56
15.918244,35.67
15.906090,35.76
15.893956,35.81
15.881839,35.82
15.869489,35.80
15.857410,35.74
15.845349,35.67
15.833307,35.59
15.821032,35.52
15.809027,35.48
15.797040,35.47
15.785070,35.50
15.773119,35.58
15.760938,35.68
15.749024,35.79
15.737127,35.90
15.725248,35.98
15.713388,36.03
15.701298,36.04
15.689474,36.01
15.677667,35.96
15.665878,35.89
15.653862,35.82
15.642109,35.75
15.630373,35.70
15.618655,35.68
15.606954,35.67
15.595028,35.67
15.583363,35.68
15.571716,35.70
15.560085,35.72
15.548472,35.75
15.536635,35.80
15.525057,35.86
15.513497,35.94
15.501953,36.05
15.490427,36.17
15.478678,36.29
15.467186,36.39
15.455712,36.45
15.444254,36.46
15.432575,36.42
15.421152,36.35
15.409745,36.26
15.398355,36.19
15.386983,36.16
15.375390,36.19
15.364051,36.28
15.352729,36.42
15.341423,36.60
15.330134,36.77
15.318627,36.93
15.307372,37.04
15.296133,37.09
15.284911,37.09
15.273472,37.04
15.262282,36.97
15.251110,36.92
15.239953,36.88
15.228813,36.89
15.217457,36.92
15.206350,36.98
15.195259,37.03
15.184184,37.06
15.173125,37.05
15.161853,37.01
15.150826,36.92
15.139816,36.82
15.128822,36.71
15.117615,36.61
15.106653,36.51
15.095707,36.41
15.084776,36.33
15.073862,36.25
15.062736,36.18
15.051854,36.13
15.040987,36.10
15.030135,36.10
15.019300,36.14
15.008255,36.22
14.997450,36.36
14.986662,36.56
14.975889,36.82
14.965131,37.07
14.954165,37.25
14.943439,37.33
14.932728,37.34
14.922032,37.31
14.911130,37.28
14.900465,37.25
14.889815,37.23
14.879181,37.20
14.868562,37.16
14.857737,37.10
14.847149,37.02
14.836575,36.92
14.826017,36.83
14.815473,36.76
14.804726,36.72
14.794213,36.73
14.783714,36.77
14.773231,36.82
14.762544,36.85
14.752091,36.84
14.741653,36.78
14.731229,36.66
14.720820,36.53
14.710209,36.41
14.699829,36.32
14.689465,36.30
14.679115,36.33
14.668779,36.39
14.658243,36.47
14.647937,36.53
14.637645,36.55
14.627368,36.53
14.617105,36.47
14.606643,36.39
14.596409,36.31
14.586190,36.26
14.575985,36.24
14.565582,36.26
14.555405,36.33
14.545243,36.43
14.535095,36.56
14.524961,36.69
14.514631,36.79
14.504525,36.86
14.494434,36.87
14.484357,36.84
14.474294,36.78
14.464035,36.71
14.454000,36.64
14.443979,36.59
14.433972,36.55
14.423770,36.53
14.413791,36.50
14.403826,36.47
14.393874,36.42
14.383936,36.37
14.373805,36.32
14.363895,36.27
14.353998,36.25
14.344115,36.25
14.334246,36.25
14.324185,36.26
14.314343,36.25
14.304515,36.22
14.294700,36.18
14.284898,36.12
14.274906,36.07
14.265132,36.04
14.255371,36.03
14.245623,36.04
14.235686,36.06
14.225965,36.08
14.216258,36.11
14.206563,36.14
14.196882,36.17
14.187013,36.20
14.177359,36.24
14.167717,36.30
14.158089,36.36
14.148474,36.42
14.138672,36.47
14.129083,36.49
14.119508,36.49
14.109945,36.44
14.100196,36.37
14.090659,36.29
14.081136,36.20
14.071625,36.13
14.062126,36.08
14.052444,36.06
14.042971,36.05
14.033512,36.07
14.024065,36.08
14.014631,36.09
14.005014,36.08
13.995605,36.07
13.986210,36.05
13.976826,36.03
13.967261,36.03
13.957903,36.04
13.948558,36.08
13.939225,36.14
13.929905,36.22
13.920403,36.30
13.911108,36.38
13.901825,36.45
13.892555,36.50
13.883297,36.52
13.873859,36.50
13.864626,36.46
13.855405,36.40
13.846196,36.33
13.837000,36.26
13.827625,36.20
13.818453,36.16
13.809294,36.13
13.800146,36.11
13.790821,36.10
13.781698,36.08
13.772587,36.06
13.763488,36.04
13.754401,36.04
13.745138,36.04
13.736075,36.07
13.727024,36.11
13.717986,36.16
13.708959,36.22
13.699756,36.26
13.690753,36.30
13.681762,36.31
13.672783,36.31
13.663629,36.29
13.654673,36.27
13.645730,36.25
13.636798,36.21
13.627877,36.17
13.618783,36.12
13.609886,36.07
13.601001,36.02
13.592127,35.97
13.583265,35.95
13.574231,35.95
13.565392,35.97
13.556565,36.02
13.547749,36.09
13.538945,36.16
13.529969,36.24
13.521188,36.30
13.512418,36.34
13.503659,36.36
13.494730,36.35
13.485995,36.32
13.477271,36.26
13.468558,36.20
13.459856,36.13
13.450985,36.07
13.442306,36.02
13.433638,36.00
13.424981,36.00
13.416336,36.01
13.407522,36.03
13.398899,36.06
13.390287,36.08
13.381686,36.10
13.372917,36.10
13.364339,36.11
13.355771,36.11
13.347214,36.10
13.338669,36.10
13.329956,36.09
13.321433,36.08
13.312920,36.07
13.304418,36.06
13.295927,36.04
13.287271,36.02
13.278802,36.00
13.270343,35.96
13.261896,35.93
13.253284,35.90
13.244858,35.89
13.236443,35.88
13.228038,35.90
13.219644,35.93
13.211087,35.97
13.202714,36.01
13.194353,36.03
13.186002,36.03
13.177661,36.01
13.169158,35.97
13.160839,35.94
13.152530,35.92
13.144232,35.92
13.135944,35.94
13.127494,35.99
13.119228,36.06
13.110971,36.14
13.102725,36.22
13.094318,36.29
13.086093,36.34
13.077879,36.38
13.069674,36.39
13.061480,36.37
13.053126,36.32
13.044953,36.26
13.036790,36.19
13.028637,36.11
13.020494,36.04
13.012192,35.99
13.004070,35.94
12.995958,35.92
12.987856,35.91
12.979596,35.92
12.971515,35.94
12.963443,35.97
12.955382,36.00
12.947330,36.05
12.939121,36.09
12.931090,36.13
12.923069,36.17
12.915058,36.20
12.907056,36.22
12.898898,36.23
12.890917,36.24
12.882946,36.25
12.874984,36.25
12.867032,36.24
12.858925,36.23
12.850993,36.21
12.843071,36.19
12.835158,36.16
12.827091,36.13
12.819198,36.08
12.811315,36.03
12.803442,35.97
12.795578,35.91
12.787560,35.85
12.779716,35.80
12.771881,35.79
12.764056,35.79
12.756241,35.82
12.748273,35.87
12.740476,35.92
12.732690,35.96
12.724913,35.99
12.716984,35.99
12.709226,35.97
12.701477,35.93
12.693738,35.90
12.686009,35.87
12.678128,35.85
12.670417,35.84
12.662716,35.85
12.655024,35.86
12.647342,35.88
12.639509,35.90
12.631845,35.92
12.624190,35.95
12.616545,35.96
12.608750,35.97
12.601124,35.98
12.593507,35.99
12.585899,35.99
12.578300,35.98
12.570552,35.98
12.562972,35.97
12.555401,35.96
12.547839,35.94
12.540286,35.92
12.532585,35.91
12.525050,35.89
12.517525,35.89
12.510008,35.89
12.502501,35.88
12.494846,35.87
12.487357,35.85
12.479876,35.82
12.472405,35.78
12.464787,35.74
12.457334,35.71
12.449889,35.70
12.442454,35.71
12.435027,35.73
12.427455,35.76
12.420046,35.78
12.412646,35.80
12.405255,35.81
12.397873,35.81
12.390345,35.81
12.382981,35.81
12.375625,35.81
12.368278,35.80
12.360787,35.78
12.353457,35.76
12.346136,35.73
12.338824,35.70
12.331521,35.69
12.324074,35.69
12.316788,35.72
12.309510,35.76
12.302241,35.83
12.294981,35.89
12.287578,35.95
12.280335,35.98
12.273101,36.00
12.265875,36.00
12.258658,35.98
12.251299,35.95
12.244098,35.91
12.236907,35.86
12.229723,35.81
12.222399,35.76
12.215232,35.71
12.208074,35.67
12.200925,35.64
12.193784,35.64
12.186502,35.66
12.179378,35.69
12.172262,35.74
12.165154,35.80
12.158055,35.84
12.150816,35.87
12.143733,35.88
12.136659,35.87
12.129593,35.84
12.122388,35.80
12.115338,35.75
12.108297,35.70
12.101263,35.66
12.094238,35.63
12.087075,35.61
12.080067,35.61
12.073066,35.62
12.066074,35.65
12.059090,35.70
12.051968,35.75
12.045000,35.80
12.038040,35.85
12.031088,35.88
12.024144,35.89
12.017064,35.88
12.010137,35.84
12.003217,35.80
11.996305,35.74
11.989258,35.69
11.982362,35.64
11.975474,35.59
11.968594,35.56
11.961722,35.53
11.954716,35.52
11.947860,35.53
11.941011,35.56
11.934171,35.60
11.927339,35.65
11.920372,35.70
11.913555,35.76
11.906746,35.80
11.899945,35.85
11.893010,35.89
11.886225,35.93
11.879447,35.96
11.872677,36.00
11.865915,36.03
11.859020,36.06
11.852273,36.07
11.845534,36.06
11.838803,36.05
11.832079,36.04
11.825223,36.02
11.818515,36.01
11.811814,36.00
11.805121,36.00
11.798296,36.01
11.791619,36.02
11.784948,36.03
11.778286,36.05
11.771630,36.07
11.764844,36.09
11.758204,36.11
11.751572,36.14
11.744947,36.16
11.738329,36.18
11.731581,36.21
11.724979,36.23
11.718384,36.26
11.711796,36.28
11.705216,36.29
11.698506,36.29
11.691941,36.27
11.685383,36.23
11.678832,36.19
11.672153,36.15
11.665617,36.12
11.659088,36.11
11.652567,36.12
11.646053,36.14
11.639411,36.17
11.632912,36.21
11.626420,36.24
11.619935,36.27
11.613458,36.29
11.606853,36.30
11.600390,36.30
11.593934,36.30
11.587486,36.30
11.580910,36.30
11.574476,36.31
11.568049,36.31
11.561629,36.32
11.555217,36.33
11.548678,36.33
11.542279,36.32
11.535888,36.30
11.529504,36.26
11.523127,36.23
11.516624,36.20
11.510261,36.20
11.503906,36.22
11.497557,36.27
11.491215,36.33
11.484748,36.39
11.478421,36.44
11.472100,36.47
11.465786,36.49
11.459348,36.50
11.453048,36.50
11.446755,36.49
11.440470,36.48
11.434191,36.46
11.427788,36.45
11.421523,36.43
11.415264,36.42
11.409013,36.43
11.402769,36.45
11.396401,36.51
11.390170,36.58
11.383946,36.66
11.377729,36.73
11.371390,36.79
11.365186,36.82
11.358990,36.83
11.352800,36.83
11.346616,36.81
11.340311,36.79
11.334142,36.78
11.327979,36.77
11.321823,36.77
11.315673,36.78
11.309403,36.79
11.303267,36.80
11.297137,36.82
11.291015,36.83
11.284771,36.84
11.278662,36.84
11.272559,36.82
11.266463,36.80
11.260374,36.77
11.254164,36.74
11.248088,36.72
11.242018,36.72
11.235955,36.73
11.229898,36.75
11.223722,36.78
11.217679,36.81
11.211642,36.85
11.205612,36.87
11.199588,36.90
11.193445,36.91
11.187434,36.93
11.181430,36.95
11.175432,36.96
11.169316,36.96
11.163331,36.96
11.157352,36.95
11.151380,36.92
11.145414,36.89
11.139331,36.85
11.133378,36.82
11.127431,36.79
11.121491,36.77
11.115557,36.75
11.109506,36.73
11.103585,36.73
11.097671,36.72
11.091762,36.73
11.085737,36.74
11.079841,36.76
11.073952,36.78
11.068069,36.79
11.062192,36.80
11.056199,36.81
11.050334,36.79
11.044476,36.77
11.038624,36.75
11.032778,36.72
11.026817,36.69
11.020984,36.66
11.015157,36.64
11.009336,36.62
11.003521,36.60
10.997592,36.59
10.991789,36.59
10.985993,36.60
10.980203,36.62
10.974298,36.66
10.968520,36.71
10.962749,36.77
10.956983,36.82
10.951223,36.86
10.945350,36.88
10.939602,36.89
10.933861,36.87
10.928126,36.84
10.922396,36.81
10.916554,36.77
10.910837,36.73
10.905125,36.70
10.899420,36.67
10.893602,36.66
10.887909,36.66
10.882222,36.67
10.876540,36.69
10.870865,36.72
10.865077,36.77
10.859414,36.81
10.853756,36.86
10.848105,36.90
10.842459,36.92
10.836702,36.94
10.831068,36.94
10.825440,36.93
10.819818,36.91
10.814084,36.89
10.808474,36.86
10.802869,36.84
10.797270,36.82
10.791677,36.81
10.785974,36.81
10.780393,36.81
10.774817,36.82
10.769247,36.84
10.763683,36.85
10.758009,36.87
10.752457,36.87
10.746910,36.86
10.741369,36.84
10.735834,36.81
10.730189,36.79
10.724666,36.76
10.719148,36.74
10.713635,36.72
10.708014,36.70
10.702513,36.68
10.697018,36.66
10.691528,36.63
10.686044,36.61
10.680452,36.59
10.674979,36.59
10.669512,36.60
10.664050,36.61
10.658595,36.63
10.653031,36.65
10.647586,36.67
10.642147,36.68
10.636714,36.68
10.631173,36.69
10.625750,36.71
10.620334,36.73
10.614922,36.75
10.609517,36.78
10.604004,36.80
10.598609,36.81
10.593220,36.80
10.587837,36.79
10.582459,36.77
10.576974,36.75
10.571607,36.74
10.566245,36.74
10.560889,36.75
10.555538,36.75
10.550081,36.76
10.544741,36.75
10.539407,36.74
10.534078,36.73
10.528643,36.72
10.523325,36.70
10.518012,36.70
10.512705,36.70
10.507402,36.70
10.501995,36.70
10.496704,36.69
10.491418,36.68
10.486137,36.67
10.480862,36.65
10.475482,36.63
10.470217,36.62
10.464958,36.61
10.459704,36.60
10.454346,36.60
10.449102,36.61
10.443864,36.62
10.438631,36.63
10.433404,36.65
10.428072,36.65
10.422855,36.66
10.417643,36.66
10.412437,36.65
10.407235,36.63
10.401931,36.61
10.396740,36.59
10.391554,36.57
10.386373,36.56
10.381198,36.54
10.375920,36.53
10.370754,36.52
10.365595,36.52
10.360440,36.51
10.355183,36.51
10.350038,36.49
10.344899,36.48
10.339765,36.46
10.334635,36.43
10.329405,36.41
10.324286,36.39
10.319172,36.38
10.314063,36.38
10.308960,36.39
10.303755,36.41
10.298661,36.44
10.293573,36.47
10.288489,36.50
10.283305,36.52
10.278232,36.54
10.273163,36.55
10.268100,36.55
10.263042,36.54
10.257883,36.52
10.252835,36.49
10.247792,36.46
10.242753,36.42
10.237720,36.39
10.232587,36.36
10.227563,36.35
10.222545,36.34
10.217531,36.35
10.212418,36.36
10.207415,36.38
10.202416,36.39
10.197422,36.40
10.192433,36.40
10.187345,36.40
10.182366,36.39
10.177392,36.39
10.172423,36.38
10.167458,36.38
10.162395,36.38
10.157440,36.38
10.152490,36.37
10.147545,36.36
10.142605,36.34
10.137567,36.32
10.132636,36.31
10.127710,36.30
10.122789,36.30
10.117771,36.31
10.112860,36.32
10.107953,36.33
10.103051,36.33
10.098154,36.32
10.093160,36.31
10.088272,36.29
10.083390,36.26
10.078512,36.24
10.073638,36.22
10.068668,36.20
10.063805,36.19
10.058945,36.17
10.054091,36.16
10.049140,36.15
10.044295,36.13
10.039455,36.12
10.034619,36.11
10.029788,36.10
10.024862,36.08
10.020040,36.07
10.015223,36.06
10.010411,36.05
10.005603,36.04
10.000700,36.03
9.995902,36.03
9.991108,36.03
9.986319,36.04
9.981435,36.05
9.976655,36.05
9.971879,36.05
9.967109,36.04
9.962342,36.04
9.957482,36.03
9.952725,36.03
9.947972,36.03
9.943224,36.03
9.938481,36.04
9.933643,36.05
9.928909,36.06
9.924179,36.08
9.919454,36.09
9.914635,36.09
9.909919,36.10
9.905207,36.09
9.900500,36.08
9.895797,36.07
9.891001,36.06
9.886307,36.04
9.881618,36.04
9.876933,36.03
9.872253,36.02
9.867480,36.02
9.862808,36.00
9.858141,35.98
9.853479,35.95
9.848821,35.91
9.844070,35.88
9.839421,35.86
9.834776,35.85
9.830135,35.86
9.825403,35.88
9.820771,35.93
9.816144,35.98
9.811521,36.03
9.806902,36.07
9.802192,36.11
9.797582,36.13
9.792976,36.13
9.788375,36.13
9.783778,36.12
9.779090,36.10
9.774502,36.09
9.769918,36.07
9.765339,36.05
9.760668,36.02
9.756098,35.99
9.751531,35.95
9.746969,35.91
9.742411,35.86
9.737762,35.82
9.733213,35.78
9.728667,35.75
9.724127,35.74
9.719590,35.75
9.714963,35.76
9.710435,35.78
9.705911,35.80
9.701391,35.82
9.696782,35.83
9.692270,35.84
9.687763,35.84
9.683261,35.85
9.678762,35.87
9.674174,35.89
9.669684,35.90
9.665198,35.92
9.660716,35.92
9.656238,35.92
9.651671,35.91
9.647202,35.90
9.642737,35.89
9.638276,35.89
9.633819,35.89
9.629273,35.89
9.624824,35.90
9.620380,35.90
9.615939,35.89
9.611411,35.87
9.606979,35.85
9.602550,35.83
9.598126,35.80
9.593707,35.78
9.589199,35.77
9.584787,35.75
9.580379,35.73
9.575976,35.71
9.571576,35.68
9.567089,35.66
9.562698,35.64
9.558310,35.62
9.553927,35.62
9.549457,35.63
9.545081,35.64
9.540710,35.67
9.536343,35.70
9.531980,35.73
9.527530,35.75
9.523175,35.77
9.518823,35.78
9.514476,35.77
9.510133,35.76
9.505703,35.74
9.501368,35.72
9.497037,35.70
9.492710,35.69
9.488386,35.68
9.483977,35.68
9.479661,35.68
9.475350,35.70
9.471042,35.71
9.466649,35.72
9.462349,35.74
9.458054,35.74
9.453762,35.75
9.449474,35.74
9.445100,35.72
9.440820,35.70
9.436544,35.68
9.432272,35.65
9.428003,35.62
9.423650,35.59
9.419389,35.56
9.415132,35.54
9.410879,35.53
9.406541,35.52
9.402296,35.52
9.398055,35.53
9.393817,35.55
9.389583,35.58
9.385265,35.61
9.381039,35.63
9.376817,35.64
9.372598,35.64
9.368384,35.63
9.364085,35.61
9.359878,35.59
9.355675,35.57
9.351475,35.57
9.347279,35.57
9.343000,35.57
9.338812,35.58
9.334628,35.59
9.330447,35.60
9.326183,35.62
9.322010,35.64
9.317841,35.67
9.313675,35.70
9.309513,35.73
9.305269,35.77
9.301114,35.79
9.296964,35.80
9.292817,35.79
9.288673,35.78
9.284448,35.77
9.280312,35.76
9.276180,35.76
9.272051,35.77
9.267841,35.78
9.263720,35.80
9.259602,35.82
9.255489,35.84
9.251378,35.85
9.247187,35.86
9.243084,35.85
9.238985,35.85
9.234889,35.85
9.230798,35.86
9.226624,35.88
9.222540,35.91
9.218459,35.94
9.214382,35.98
9.210223,36.01
9.206153,36.03
9.202087,36.04
9.198024,36.04
9.193965,36.04
9.189825,36.02
9.185773,36.00
9.181725,35.98
9.177680,35.96
9.173639,35.94
9.169517,35.93
9.165483,35.94
9.161452,35.96
9.157425,35.99
9.153402,36.03
9.149298,36.06
9.145282,36.08
9.141269,36.09
9.137260,36.08
9.133171,36.07
9.129169,36.06
9.125170,36.06
9.121175,36.06
9.117183,36.07
9.113112,36.08
9.109127,36.08
9.105146,36.08
9.101169,36.06
9.097194,36.05
9.093141,36.03
9.089174,36.03
9.085210,36.03
9.081250,36.03
9.077211,36.04
9.073257,36.04
9.069308,36.05
9.065361,36.05
9.061418,36.07
9.057397,36.08
9.053461,36.11
9.049528,36.13
9.045599,36.16
9.041673,36.17
9.037669,36.18
9.033750,36.19
9.029835,36.18
9.025922,36.18
9.022014,36.18
9.018027,36.18
9.014125,36.19
9.010227,36.19
9.006331,36.20
9.002359,36.20
8.998470,36.20
8.994585,36.20
8.990704,36.20
8.986825,36.20
8.982870,36.21
8.978998,36.22
8.975130,36.23
8.971265,36.24
8.967403,36.26
8.963465,36.28
8.959610,36.30
8.955759,36.31
8.951910,36.33
8.947985,36.33
8.944144,36.34
8.940306,36.34
8.936471,36.34
8.932639,36.34
8.928731,36.33
8.924906,36.32
8.921084,36.31
8.917266,36.30
8.913450,36.29
8.909559,36.29
8.905750,36.30
8.901945,36.31
8.898143,36.34
8.894265,36.37
8.890469,36.39
8.886677,36.41
8.882888,36.42
8.879102,36.43
8.875241,36.43
8.871461,36.44
8.867685,36.44
8.863912,36.45
8.860143,36.45
8.856298,36.45
8.852534,36.45
8.848774,36.45
8.845018,36.45
8.841264,36.45
8.837435,36.46
8.833688,36.47
8.829944,36.50
8.826203,36.52
8.822388,36.54
8.818653,36.56
8.814922,36.57
8.811194,36.58
8.807469,36.58
8.803669,36.58
8.799951,36.58
8.796235,36.58
8.792523,36.59
8.788814,36.60
8.785030,36.62
8.781327,36.64
8.777628,36.66
8.773931,36.68
8.770160,36.68
8.766470,36.68
8.762783,36.67
8.759099,36.66
8.755417,36.65
8.751663,36.64
8.747988,36.64
8.744316,36.63
8.740648,36.63
8.736982,36.63
8.733243,36.62
8.729584,36.60
8.725927,36.58
8.722274,36.56
8.718624,36.54
8.714901,36.53
8.711257,36.53
8.707616,36.54
8.703978,36.55
8.700267,36.56
8.696635,36.58
8.693006,36.60
8.689381,36.61
8.685758,36.63
8.682063,36.63
8.678446,36.64
8.674833,36.63
8.671222,36.62
8.667614,36.61
8.663935,36.60
8.660333,36.59
8.656735,36.58
8.653139,36.58
8.649472,36.58
8.645882,36.58
8.642295,36.58
8.638712,36.58
8.635131,36.58
8.631479,36.58
8.627904,36.58
8.624333,36.58
8.620764,36.58
8.617198,36.58
8.613561,36.58
8.610001,36.57
8.606445,36.57
8.602891,36.57
8.599266,36.57
8.595718,36.58
8.592173,36.59
8.588630,36.60
8.585091,36.62
8.581481,36.63
8.577948,36.64
8.574417,36.65
8.570890,36.65
8.567365,36.64
8.563770,36.63
8.560251,36.63
8.556735,36.62
8.553222,36.62
8.549712,36.63
8.546132,36.64
8.542628,36.66
8.539126,36.68
8.535628,36.70
8.532059,36.72
8.528566,36.72
8.525077,36.73
8.521589,36.73
8.518105,36.73
8.514551,36.73
8.511073,36.74
8.507597,36.76
8.504125,36.78
8.500655,36.79
8.497115,36.81
8.493651,36.83
8.490190,36.84
8.486731,36.86
8.483203,36.87
8.479750,36.88
8.476300,36.90
8.472853,36.91
8.469408,36.93
8.465895,36.94
8.462456,36.95
8.459020,36.95
8.455587,36.95
8.452157,36.96
8.448658,36.96
8.445233,36.96
8.441811,36.96
8.438391,36.96
8.434975,36.95
8.431490,36.94
8.428079,36.93
8.424671,36.92
8.421265,36.90
8.417792,36.90
8.414392,36.90
8.410995,36.91
8.407600,36.92
8.404209,36.93
8.400749,36.94
8.397363,36.95
8.393980,36.95
8.390599,36.95
8.387221,36.95
8.383776,36.95
8.380403,36.94
8.377034,36.94
8.373666,36.94
8.370232,36.94
8.366871,36.94
8.363512,36.94
8.360155,36.95
8.356802,36.96
8.353381,36.97
8.350033,36.97
8.346688,36.97
8.343345,36.97
8.340005,36.97
8.336599,36.96
8.333264,36.96
8.329932,36.96
8.326603,36.96
8.323276,36.96
8.319883,36.95
8.316562,36.93
8.313243,36.92
8.309927,36.90
8.306545,36.90
8.303234,36.90
8.299926,36.91
8.296621,36.92
8.293318,36.92
8.289949,36.91
8.286652,36.89
8.283357,36.87
8.280065,36.83
8.276775,36.80
8.273420,36.78
8.270136,36.76
8.266854,36.75
8.263575,36.76
8.260230,36.77
8.256956,36.78
8.253685,36.80
8.250417,36.83
8.247151,36.85
8.243819,36.87
8.240558,36.89
8.237300,36.90
8.234044,36.91
8.230791,36.91
8.227473,36.91
8.224225,36.91
8.220980,36.91
8.217737,36.92
8.214429,36.92
8.211192,36.92
8.207957,36.93
8.204724,36.93
8.201494,36.93
8.198200,36.93
8.194975,36.93
8.191753,36.93
8.188533,36.93
8.185316,36.93
8.182034,36.94
8.178822,36.94
8.175612,36.95
8.172405,36.95
8.169200,36.96
8.165932,36.97
8.162732,36.98
8.159535,36.99
8.156341,37.00
8.153082,37.00
8.149893,37.00
8.146706,37.00
8.143521,36.99
8.140339,36.97
8.137094,36.95
8.133917,36.92
8.130742,36.90
8.127570,36.88
8.124401,36.86
8.121168,36.86
8.118003,36.87
8.114841,36.88
8.111682,36.89
8.108459,36.89
8.105304,36.89
8.102152,36.88
8.099002,36.87
8.095855,36.86
8.092645,36.85
8.089502,36.85
8.086362,36.85
8.083225,36.85
8.080090,36.85
8.076892,36.84
8.073762,36.82
8.070634,36.79
8.067509,36.77
8.064386,36.75
8.061201,36.74
8.058083,36.74
8.054967,36.75
8.051854,36.76
8.048678,36.78
8.045570,36.80
8.042464,36.81
8.039361,36.82
8.036260,36.82
8.033096,36.82
8.030000,36.82
8.026906,36.81
8.023815,36.80
8.020726,36.80
8.017575,36.80
8.014490,36.80
8.011408,36.81
8.008329,36.82
8.005187,36.83
8.002113,36.85
7.999040,36.86
7.995970,36.88
7.992902,36.89
7.989773,36.89
7.986710,36.90
7.983649,36.90
7.980591,36.90
7.977535,36.89
7.974418,36.89
7.971367,36.88
7.968318,36.87
7.965271,36.86
7.962164,36.84
7.959122,36.83
7.956082,36.82
7.953045,36.80
7.950010,36.80
7.946915,36.79
7.943884,36.78
7.940857,36.78
7.937831,36.78
7.934808,36.78
7.931724,36.78
7.928705,36.78
7.925689,36.77
7.922675,36.77
7.919663,36.76
7.916591,36.75
7.913584,36.73
7.910579,36.71
7.907576,36.68
7.904513,36.66
7.901516,36.64
7.898520,36.62
7.895526,36.61
7.892535,36.60
7.889484,36.60
7.886498,36.60
7.883513,36.60
7.880531,36.60
7.877551,36.59
7.874512,36.57
7.871537,36.55
7.868564,36.53
7.865593,36.51
7.862562,36.48
7.859596,36.46
7.856632,36.44
7.853670,36.42
7.850711,36.40
7.847692,36.38
7.844737,36.35
7.841784,36.32
7.838834,36.28
7.835885,36.24
7.832878,36.20
7.829934,36.16
7.826992,36.14
7.824053,36.13
7.821115,36.13
7.818119,36.14
7.815186,36.16
7.812256,36.18
7.809327,36.19
7.806340,36.21
7.803416,36.22
7.800495,36.23
7.797575,36.25
7.794658,36.28
7.791682,36.31
7.788769,36.35
7.785858,36.40
7.782949,36.45
7.780043,36.50
7.777078,36.54
7.774176,36.58
7.771276,36.61
7.768378,36.64
7.765422,36.67
7.762529,36.70
7.759637,36.73
7.756748,36.77
7.753861,36.82
7.750917,36.86
7.748034,36.91
7.745153,36.96
7.742275,37.01
7.739399,37.06
7.736465,37.10
7.733593,37.14
7.730723,37.17
7.727856,37.20
7.724931,37.21
7.722067,37.22
7.719206,37.22
7.716347,37.22
7.713490,37.22
7.710576,37.23
7.707723,37.25
7.704873,37.27
7.702024,37.28
7.699178,37.30
7.696274,37.30
7.693432,37.30
7.690592,37.29
7.687754,37.29
7.684918,37.28
7.682026,37.28
7.679194,37.29
7.676364,37.30
7.673537,37.32
7.670653,37.33
7.667830,37.34
7.665008,37.36
7.662189,37.37
7.659372,37.39
7.656499,37.40
7.653686,37.42
7.650875,37.43
7.648067,37.44
7.645260,37.45
7.642397,37.46
7.639594,37.46
7.636794,37.47
7.633996,37.46
7.631141,37.46
7.628347,37.45
7.625555,37.44
7.622765,37.44
7.619977,37.43
7.617132,37.43
7.614348,37.44
7.611567,37.45
7.608787,37.47
7.606009,37.48
7.603175,37.49
7.600401,37.50
7.597630,37.50
7.594860,37.50
7.592092,37.50
7.589269,37.50
7.586505,37.49
7.583743,37.48
7.580984,37.47
7.578169,37.44
7.575413,37.42
7.572660,37.40
7.569908,37.38
7.567159,37.38
7.564354,37.37
7.561608,37.38
7.558865,37.39
7.556123,37.39
7.553384,37.40
7.550589,37.40
7.547853,37.40
7.545120,37.40
7.542388,37.40
7.539602,37.40
7.536874,37.41
7.534149,37.42
7.531425,37.43
7.528703,37.44
7.525927,37.46
7.523209,37.47
7.520493,37.49
7.517780,37.50
7.515068,37.50
7.512301,37.50
7.509594,37.49
7.506888,37.49
7.504184,37.47
7.501482,37.46
7.498725,37.45
7.496027,37.45
7.493331,37.44
7.490637,37.45
7.487888,37.46
7.485198,37.48
7.482510,37.51
7.479823,37.55
7.477139,37.61
7.474400,37.67
7.471720,37.72
7.469041,37.77
7.466364,37.80
7.463689,37.80
7.460961,37.77
7.458290,37.72
7.455620,37.66
7.452953,37.61
7.450232,37.56
7.447569,37.52
7.444908,37.49
7.442248,37.48
7.439591,37.47
7.436879,37.47
7.434226,37.47
7.431574,37.47
7.428924,37.47
7.426276,37.48
7.423574,37.49
7.420930,37.50
7.418288,37.52
7.415647,37.54
7.412953,37.56
7.410317,37.57
7.407682,37.57
7.405049,37.57
7.402418,37.56
7.399734,37.54
7.397106,37.52
7.394481,37.51
7.391857,37.49
7.389235,37.47
7.386561,37.46
7.383943,37.45
7.381327,37.45
7.378712,37.44
7.376100,37.44
7.373435,37.44
7.370826,37.44
7.368219,37.44
7.365614,37.45
7.362957,37.46
7.360356,37.47
7.357756,37.48
7.355159,37.50
7.352563,37.52
7.349915,37.54
7.347323,37.56
7.344732,37.59
7.342144,37.61
7.339557,37.63
7.336919,37.62
7.334336,37.60
7.331755,37.57
7.329175,37.53
7.326544,37.49
7.323968,37.47
7.321395,37.45
7.318823,37.45
7.316252,37.46
7.313630,37.48
7.311064,37.50
7.308499,37.53
7.305936,37.55
7.303375,37.56
7.300762,37.57
7.298205,37.57
7.295649,37.58
7.293095,37.59
7.290490,37.60
7.287939,37.63
7.285391,37.66
7.282844,37.69
7.280299,37.72
7.277703,37.75
7.275161,37.76
7.272621,37.76
7.270084,37.74
7.267547,37.71
7.264960,37.68
7.262428,37.65
7.259897,37.62
7.257368,37.60
7.254841,37.57
7.252263,37.55
7.249739,37.53
7.247217,37.51
7.244697,37.49
7.242126,37.47
7.239609,37.45
7.237094,37.44
7.234581,37.44
7.232070,37.45
7.229508,37.48
7.227000,37.52
7.224494,37.58
7.221990,37.65
7.219487,37.73
7.216934,37.82
7.214435,37.90
7.211937,37.96
7.209441,37.99
7.206896,37.97
7.204403,37.93
7.201913,37.87
7.199424,37.81
7.196937,37.76
7.194400,37.72
7.191916,37.69
7.189434,37.68
7.186954,37.68
7.184476,37.70
7.181947,37.72
7.179472,37.75
7.176999,37.79
7.174528,37.84
7.172058,37.88
7.169538,37.91
7.167072,37.94
7.164607,37.95
7.162144,37.95
7.159631,37.96
7.157171,37.96
7.154714,37.97
7.152257,37.97
7.149803,37.95
7.147299,37.91
7.144847,37.85
7.142398,37.79
7.139950,37.74
7.137504,37.70
7.135009,37.68
7.132566,37.68
7.130125,37.69
7.127685,37.72
7.125197,37.75
7.122761,37.78
7.120326,37.80
7.117894,37.80
7.115463,37.80
7.112983,37.79
7.110555,37.77
7.108129,37.75
7.105704,37.73
7.103282,37.71
7.100810,37.69
7.098391,37.67
7.095973,37.66
7.093557,37.66
7.091142,37.66
7.088679,37.67
7.086268,37.69
7.083859,37.70
7.081451,37.72
7.078994,37.72
7.076590,37.73
7.074187,37.73
7.071786,37.73
7.069386,37.74
7.066938,37.76
7.064542,37.78
7.062147,37.81
7.059754,37.86
7.057362,37.92
7.054923,37.99
7.052534,38.06
7.050148,38.12
7.047763,38.15
7.045330,38.14
7.042948,38.10
7.040568,38.06
7.038189,38.02
7.035812,37.99
7.033387,37.98
7.031014,37.98
7.028642,37.98
7.026271,37.99
7.023902,37.99
7.021486,37.97
7.019120,37.95
7.016756,37.92
7.014394,37.90
7.011983,37.89
7.009624,37.88
7.007267,37.90
7.004910,37.92
7.002556,37.95
7.000154,37.99
6.997803,38.02
6.995453,38.03
6.993105,38.03
6.990758,38.00
6.988364,37.95
6.986021,37.91
6.983679,37.87
6.981339,37.84
6.979000,37.83
6.976614,37.84
6.974279,37.86
6.971945,37.90
6.969612,37.95
6.967233,38.01
6.964904,38.06
6.962576,38.10
6.960250,38.10
6.957925,38.07
6.955554,38.02
6.953233,37.97
6.950913,37.92
6.948594,37.88
6.946277,37.86
6.943914,37.84
6.941600,37.83
6.939288,37.83
6.936978,37.83
6.934620,37.83
6.932313,37.83
6.930007,37.82
6.927702,37.82
6.925400,37.83
6.923050,37.83
6.920750,37.85
6.918452,37.87
6.916155,37.89
6.913860,37.92
6.911519,37.95
6.909227,37.97
6.906936,37.98
6.904647,37.98
6.902359,37.96
6.900026,37.94
6.897741,37.92
6.895458,37.91
6.893176,37.89
6.890849,37.89
6.888570,37.89
6.886294,37.90
6.884018,37.92
6.881744,37.95
6.879424,38.00
6.877153,38.06
6.874884,38.15
6.872616,38.28
6.870350,38.47
6.868038,38.74
6.865774,39.04
6.863512,39.28
6.861252,39.30
6.858946,39.10
6.856688,38.82
6.854432,38.57
6.852178,38.38
6.849925,38.24
6.847627,38.14
6.845377,38.08
6.843128,38.05
6.840881,38.04
6.838636,38.05
6.836345,38.07
6.834102,38.11
6.831861,38.15
6.829621,38.19
6.827337,38.22
6.825100,38.22
6.822865,38.20
6.820631,38.16
6.818399,38.13
6.816121,38.09
6.813892,38.07
6.811664,38.06
6.809438,38.07
6.807213,38.09
6.804943,38.14
6.802721,38.21
6.800501,38.30
6.798281,38.42
6.796064,38.57
6.793801,38.71
6.791587,38.81
6.789373,38.83
6.787161,38.78
6.784905,38.68
6.782696,38.58
6.780488,38.50
6.778282,38.42
6.776078,38.36
6.773829,38.31
6.771627,38.26
6.769427,38.22
6.767228,38.19
6.765030,38.17
6.762788,38.16
6.760594,38.17
6.758401,38.19
6.756209,38.22
6.753973,38.25
6.751784,38.27
6.749597,38.29
6.747411,38.29
6.745226,38.28
6.742997,38.26
6.740816,38.25
6.738635,38.25
6.736456,38.26
6.734279,38.30
6.732057,38.35
6.729883,38.42
6.727709,38.52
6.725538,38.63
6.723367,38.76
6.721153,38.90
6.718985,39.02
6.716819,39.10
6.714654,39.12
6.712446,39.05
6.710284,38.92
6.708123,38.76
6.705964,38.62
6.703806,38.50
6.701604,38.43
6.699449,38.38
6.697296,38.37
6.695143,38.40
6.692992,38.45
6.690798,38.54
6.688650,38.67
6.686503,38.82
6.684358,38.98
6.682169,39.11
6.680027,39.17
6.677886,39.16
6.675746,39.08
6.673607,38.98
6.671426,38.87
6.669290,38.77
6.667156,38.70
6.665023,38.64
6.662891,38.61
6.660716,38.59
6.658588,38.59
6.656460,38.60
6.654334,38.61
6.652209,38.64
6.650042,38.67
6.647920,38.72
6.645799,38.80
6.643680,38.94
6.641517,39.16
6.639401,39.53
6.637286,40.01
6.635172,40.38
6.633059,40.38
6.630904,40.13
6.628794,39.85
6.626686,39.60
6.624579,39.40
6.622473,39.24
6.620324,39.10
6.618221,38.99
6.616120,38.89
6.614019,38.81
6.611876,38.75
6.609779,38.72
6.607682,38.72
6.605587,38.74
6.603493,38.80
6.601357,38.88
6.599266,38.99
6.597176,39.10
6.595088,39.19
6.593001,39.23
6.590872,39.22
6.588787,39.17
6.586704,39.13
6.584622,39.11
6.582498,39.14
6.580419,39.21
6.578341,39.33
6.576265,39.48
6.574190,39.64
6.572073,39.72
6.570000,39.71
6.567929,39.63
6.565859,39.54
6.563790,39.46
6.561680,39.40
6.559614,39.35
6.557549,39.31
6.555486,39.25
6.553424,39.18
6.551320,39.10
6.549260,39.02
6.547202,38.93
6.545145,38.86
6.543047,38.80
6.540992,38.74
6.538939,38.70
6.536888,38.67
6.534837,38.66
6.532745,38.67
6.530698,38.70
6.528651,38.76
6.526606,38.83
6.524562,38.91
6.522476,38.96
6.520435,38.97
6.518395,38.93
6.516356,38.88
6.514276,38.84
6.512240,38.82
6.510205,38.83
6.508171,38.87
6.506139,38.94
6.504065,39.04
6.502035,39.18
6.500007,39.38
6.497979,39.64
6.495953,39.98
6.493886,40.30
6.491862,40.46
6.489840,40.35
6.487819,40.11
6.485799,39.89
6.483739,39.73
6.481722,39.62
6.479706,39.53
6.477691,39.43
6.475635,39.29
6.473623,39.13
6.471612,38.96
6.469603,38.81
6.467594,38.69
6.465545,38.60
6.463539,38.54
6.461534,38.51
6.459531,38.50
6.457529,38.52
6.455486,38.56
6.453486,38.60
6.451488,38.64
6.449491,38.67
6.447453,38.69
6.445459,38.70
6.443465,38.71
6.441473,38.73
6.439482,38.76
6.437451,38.79
6.435462,38.84
6.433475,38.88
6.431489,38.92
6.429504,38.93
6.427479,38.93
6.425496,38.90
6.423515,38.85
6.421535,38.79
6.419515,38.71
6.417538,38.64
6.415562,38.62
6.413587,38.68
6.411613,38.75
6.409599,38.79
6.407628,38.80
6.405657,38.79
6.403689,38.79
6.401721,38.78
6.399713,38.77
6.397748,38.77
6.395784,38.77
6.393821,38.77
6.391859,38.75
6.389858,38.74
6.387899,38.71
6.385941,38.70
6.383984,38.69
6.381987,38.70
6.380033,38.73
6.378080,38.78
6.376128,38.85
6.374177,38.92
6.372187,38.96
6.370238,38.97
6.368291,38.93
6.366345,38.88
6.364400,38.83
6.362416,38.79
6.360473,38.77
6.358532,38.77
6.356592,38.79
6.354613,38.83
6.352675,38.89
6.350739,38.97
6.348803,39.08
6.346869,39.18
6.344896,39.25
6.342964,39.25
6.341033,39.19
6.339104,39.08
6.337176,38.98
6.335209,38.88
6.333283,38.81
6.331358,38.74
6.329434,38.69
6.327512,38.66
6.325551,38.63
6.323631,38.61
6.321712,38.60
6.319794,38.59
6.317838,38.59
6.315922,38.58
6.314008,38.57
6.312095,38.55
6.310183,38.54
6.308233,38.52
6.306323,38.50
6.304415,38.48
6.302508,38.47
6.300602,38.47
6.298657,38.48
6.296753,38.49
6.294851,38.52
6.292949,38.54
6.291010,38.57
6.289110,38.59
6.287212,38.61
6.285316,38.63
6.283420,38.65
6.281486,38.66
6.279593,38.66
6.277700,38.67
6.275809,38.68
6.273919,38.69
6.271991,38.70
6.270104,38.70
6.268217,38.69
6.266332,38.67
6.264447,38.64
6.262525,38.61
6.260643,38.57
6.258762,38.54
6.256883,38.52
6.254965,38.52
6.253087,38.52
6.251211,38.54
6.249336,38.56
6.247462,38.59
6.245550,38.62
6.243678,38.64
6.241808,38.65
6.239938,38.65
6.238070,38.64
6.236164,38.64
6.234297,38.63
6.232432,38.63
6.230568,38.64
6.228667,38.65
6.226805,38.68
6.224945,38.71
6.223085,38.74
6.221227,38.77
6.219331,38.78
6.217475,38.78
6.215620,38.77
6.213766,38.75
6.211913,38.73
6.210023,38.71
6.208172,38.69
6.206323,38.68
6.204475,38.66
6.202589,38.65
6.200743,38.65
6.198898,38.64
6.197054,38.64
6.195211,38.65
6.193331,38.67
6.191490,38.70
6.189651,38.76
6.187812,38.83
6.185975,38.89
6.184101,38.92
6.182266,38.92
6.180432,38.89
6.178599,38.85
6.176767,38.81
6.174898,38.78
6.173068,38.77
6.171240,38.77
6.169412,38.79
6.167548,38.83
6.165722,38.88
6.163898,38.93
6.162075,38.97
6.160253,38.96
6.158394,38.92
6.156574,38.86
6.154755,38.79
6.152937,38.74
6.151121,38.69
6.149267,38.66
6.147453,38.64
6.145639,38.61
6.143827,38.58
6.141978,38.54
6.140168,38.49
6.138359,38.44
6.136551,38.39
6.134744,38.36
6.132900,38.34
6.131095,38.32
6.129291,38.32
6.127489,38.33
6.125687,38.36
6.123849,38.41
6.122049,38.48
6.120251,38.60
6.118453,38.77
6.116619,39.00
6.114824,39.23
6.113030,39.39
6.111237,39.38
6.109445,39.23
6.107616,39.03
6.105826,38.83
6.104037,38.66
6.102249,38.52
6.100462,38.41
6.098639,38.33
6.096855,38.26
6.095071,38.21
6.093288,38.18
6.091507,38.16
6.089689,38.16
6.087909,38.17
6.086131,38.20
6.084353,38.26
6.082540,38.34
6.080765,38.47
6.078990,38.65
6.077217,38.88
6.075445,39.15
6.073637,39.38
6.071867,39.47
6.070097,39.38
6.068329,39.18
6.066562,38.98
6.064760,38.82
6.062995,38.72
6.061231,38.66
6.059468,38.63
6.057669,38.64
6.055908,38.69
6.054148,38.78
6.052389,38.93
6.050632,39.09
6.048838,39.17
6.047083,39.07
6.045328,38.88
6.043574,38.69
6.041821,38.54
6.040033,38.43
6.038283,38.34
6.036533,38.28
6.034784,38.22
6.033037,38.18
6.031254,38.15
6.029508,38.14
6.027764,38.13
6.026020,38.14
6.024242,38.18
6.022500,38.23
6.020760,38.30
6.019020,38.38
6.017282,38.47
6.015508,38.53
6.013772,38.56
6.012036,38.55
6.010302,38.53
6.008568,38.51
6.006800,38.49
6.005068,38.49
6.003338,38.51
6.001608,38.54
5.999844,38.60
5.998117,38.68
5.996390,38.78
5.994665,38.92
5.992940,39.09
5.991181,39.25
5.989459,39.37
5.987737,39.42
5.986017,39.40
5.984297,39.32
5.982543,39.24
5.980825,39.17
5.979109,39.12
5.977393,39.10
5.975679,39.10
5.973930,39.13
5.972217,39.17
5.970506,39.19
5.968795,39.20
5.967050,39.17
5.965341,39.12
5.963634,39.07
5.961927,39.03
5.960221,39.00
5.958481,39.00
5.956778,39.02
5.955075,39.07
5.953373,39.14
5.951672,39.23
5.949937,39.33
5.948238,39.44
5.946541,39.56
5.944844,39.71
5.943113,39.89
5.941418,40.13
5.939724,40.37
5.938031,40.54
5.936339,40.53
5.934612,40.39
5.932922,40.20
5.931233,40.03
5.929545,39.90
5.927858,39.81
5.926137,39.73
5.924451,39.67
5.922767,39.62
5.921084,39.57
5.919366,39.52
5.917685,39.47
5.916005,39.42
5.914325,39.39
5.912647,39.38
5.910934,39.38
5.909257,39.41
5.907582,39.46
5.905907,39.53
5.904233,39.63
5.902526,39.77
5.900854,39.96
5.899183,40.19
5.897513,40.44
5.895844,40.67
5.894141,40.83
5.892474,40.90
5.890808,40.89
5.889143,40.84
5.887444,40.76
5.885781,40.64
5.884118,40.48
5.882457,40.27
5.880796,40.07
5.879102,39.91
5.877444,39.81
5.875786,39.77
5.874129,39.76
5.872473,39.78
5.870784,39.82
5.869130,39.87
5.867477,39.92
5.865825,39.97
5.864140,39.99
5.862489,39.96
5.860840,39.90
5.859192,39.81
5.857545,39.72
5.855864,39.65
5.854218,39.59
5.852574,39.55
5.850930,39.53
5.849287,39.52
5.847611,39.52
5.845970,39.53
5.844330,39.54
5.842691,39.56
5.841053,39.60
5.839382,39.65
5.837746,39.72
5.836110,39.82
5.834476,39.93
5.832808,40.07
5.831176,40.21
5.829544,40.34
5.827913,40.43
5.826284,40.48
5.824621,40.47
5.822993,40.38
5.821366,40.24
5.819739,40.09
5.818114,39.95
5.816456,39.84
5.814832,39.75
5.813210,39.69
5.811588,39.63
5.809934,39.59
5.808314,39.55
5.806695,39.52
5.805077,39.48
5.803460,39.45
5.801810,39.41
5.800195,39.38
5.798581,39.35
5.796967,39.33
5.795354,39.33
5.793709,39.33
5.792098,39.34
5.790489,39.37
5.788880,39.40
5.787238,39.43
5.785631,39.47
5.784025,39.50
5.782419,39.54
5.780815,39.57
5.779178,39.61
5.777575,39.66
5.775973,39.72
5.774372,39.80
5.772772,39.91
5.771140,40.03
5.769541,40.14
5.767944,40.21
5.766348,40.20
5.764752,40.12
5.763124,40.01
5.761530,39.91
5.759937,39.85
5.758345,39.80
5.756721,39.78
5.755131,39.78
5.753541,39.78
5.751953,39.79
5.750365,39.80
5.748745,39.80
5.747159,39.79
5.745574,39.78
5.743990,39.77
5.742407,39.77
5.740792,39.78
5.739210,39.79
5.737630,39.81
5.736050,39.82
5.734438,39.83
5.732860,39.84
5.731283,39.85
5.729707,39.87
5.728131,39.89
5.726524,39.93
5.724950,39.99
5.723378,40.05
5.721806,40.11
5.720235,40.16
5.718632,40.19
5.717063,40.19
5.715494,40.16
5.713927,40.12
5.712360,40.06
5.710761,39.99
5.709196,39.91
5.707632,39.84
5.706069,39.77
5.704474,39.72
5.702912,39.68
5.701352,39.66
5.699792,39.66
5.698233,39.67
5.696642,39.70
5.695085,39.73
5.693529,39.76
5.691973,39.77
5.690418,39.78
5.688832,39.78
5.687279,39.77
5.685727,39.77
5.684176,39.78
5.682593,39.80
5.681043,39.82
5.679495,39.86
5.677947,39.88
5.676400,39.90
5.674821,39.89
5.673276,39.87
5.671732,39.83
5.670188,39.79
5.668645,39.75
5.667071,39.73
5.665530,39.71
5.663989,39.70
5.662450,39.69
5.660911,39.70
5.659342,39.72
5.657805,39.74
5.656269,39.77
5.654733,39.80
5.653167,39.83
5.651633,39.88
5.650101,39.95
5.648569,40.03
5.647038,40.13
5.645475,40.23
5.643946,40.31
5.642417,40.34
5.640890,40.30
5.639363,40.22
5.637805,40.13
5.636280,40.05
5.634755,39.98
5.633232,39.93
5.631677,39.88
5.630155,39.85
5.628634,39.83
5.627114,39.81
5.625594,39.81
5.624044,39.82
5.622526,39.85
5.621009,39.87
5.619493,39.90
5.617978,39.91
5.616431,39.91
5.614918,39.88
5.613405,39.85
5.611893,39.81
5.610350,39.77
5.608840,39.74
5.607330,39.72
5.605821,39.70
5.604313,39.70
5.602774,39.70
5.601268,39.70
5.599763,39.71
5.598258,39.72
5.596754,39.72
5.595219,39.74
5.593717,39.76
5.592216,39.78
5.590715,39.82
5.589215,39.88
5.587685,39.95
5.586186,40.03
5.584689,40.12
5.583192,40.21
5.581665,40.27
5.580170,40.28
5.578676,40.24
5.577183,40.17
5.575690,40.09
5.574167,40.02
5.572676,39.96
5.571186,39.92
5.569696,39.90
5.568208,39.88
5.566689,39.88
5.565202,39.88
5.563716,39.89
5.562230,39.90
5.560715,39.91
5.559231,39.92
5.557748,39.94
5.556266,39.95
5.554784,39.94
5.553273,39.93
5.551793,39.90
5.550314,39.87
5.548835,39.83
5.547358,39.80
5.545850,39.77
5.544374,39.75
5.542899,39.74
5.541425,39.75
5.539951,39.76
5.538448,39.78
5.536976,39.80
5.535505,39.82
5.534034,39.84
5.532534,39.86
5.531065,39.87
5.529597,39.88
5.528130,39.90
5.526663,39.91
5.525167,39.92
5.523702,39.93
5.522238,39.93
5.520775,39.93
5.519312,39.91
5.517820,39.90
5.516359,39.88
5.514898,39.86
5.513439,39.85
5.511950,39.84
5.510492,39.84
5.509035,39.84
5.507578,39.84
5.506123,39.85
5.504638,39.85
5.503184,39.86
5.501730,39.87
5.500278,39.88
5.498826,39.89
5.497345,39.89
5.495895,39.90
5.494445,39.91
5.492996,39.92
5.491518,39.93
5.490071,39.95
5.488625,39.96
5.487179,39.98
5.485734,40.00
5.484260,40.02
5.482817,40.04
5.481374,40.04
5.479932,40.04
5.478491,40.04
5.477021,40.03
5.475582,40.03
5.474143,40.04
5.472705,40.06
5.471268,40.10
5.469801,40.15
5.468366,40.21
5.466931,40.26
5.465496,40.28
5.464033,40.26
5.462600,40.20
5.461168,40.13
5.459737,40.06
5.458307,40.00
5.456847,39.96
5.455418,39.92
5.453990,39.90
5.452563,39.89
5.451136,39.89
5.449680,39.89
5.448255,39.90
5.446831,39.92
5.445407,39.93
5.443954,39.95
5.442532,39.96
5.441111,39.97
5.439690,39.97
5.438270,39.97
5.436821,39.96
5.435403,39.95
5.433985,39.95
5.432568,39.95
5.431152,39.96
5.429707,39.99
5.428292,40.02
5.426878,40.07
5.425465,40.12
5.424052,40.17
5.422611,40.20
5.421200,40.21
5.419790,40.20
5.418380,40.17
5.416942,40.14
5.415534,40.11
5.414127,40.08
5.412720,40.05
5.411314,40.02
5.409880,40.00
5.408475,39.98
5.407071,39.97
5.405668,39.95
5.404266,39.94
5.402835,39.93
5.401435,39.93
5.400035,39.92
5.398635,39.92
5.397207,39.92
5.395810,39.92
5.394412,39.92
5.393016,39.92
5.391620,39.92
5.390196,39.93
5.388802,39.94
5.387409,39.95
5.386016,39.97
5.384624,39.99
5.383203,40.01
5.381813,40.02
5.380423,40.04
5.379034,40.05
5.377645,40.05
5.376228,40.06
5.374841,40.06
5.373455,40.06
5.372070,40.06
5.370656,40.06
5.369272,40.05
5.367888,40.04
5.366505,40.04
5.365123,40.05
5.363713,40.06
5.362333,40.09
5.360953,40.14
5.359574,40.20
5.358195,40.28
5.356789,40.37
5.355412,40.45
5.354036,40.53
5.352660,40.57
5.351256,40.57
5.349882,40.52
5.348509,40.44
5.347136,40.36
5.345764,40.28
5.344364,40.21
5.342993,40.17
5.341624,40.13
5.340254,40.11
5.338886,40.09
5.337489,40.08
5.336122,40.08
5.334756,40.07
5.333390,40.06
5.331997,40.05
5.330632,40.03
5.329269,40.01
5.327906,40.00
5.326544,39.98
5.325154,39.98
5.323793,39.98
5.322433,39.99
5.321074,40.00
5.319715,40.01
5.318329,40.02
5.316971,40.03
5.315615,40.04
5.314259,40.04
5.312903,40.04
5.311521,40.04
5.310167,40.05
5.308814,40.05
5.307461,40.06
5.306081,40.07
5.304730,40.08
5.303380,40.09
5.302030,40.11
5.300681,40.13
5.299305,40.15
5.297957,40.18
5.296610,40.21
5.295264,40.23
5.293918,40.25
5.292545,40.26
5.291201,40.25
5.289858,40.24
5.288515,40.22
5.287145,40.20
5.285803,40.18
5.284463,40.17
5.283123,40.17
5.281783,40.17
5.280417,40.18
5.279078,40.20
5.277741,40.21
5.276404,40.22
5.275068,40.23
5.273705,40.23
5.272371,40.22
5.271037,40.21
5.269703,40.20
5.268343,40.19
5.267011,40.18
5.265680,40.17
5.264349,40.17
5.263019,40.17
5.261662,40.17
5.260334,40.18
5.259006,40.19
5.257679,40.21
5.256352,40.22
5.254999,40.24
5.253674,40.25
5.252349,40.27
5.251025,40.28
5.249702,40.28
5.248352,40.29
5.247030,40.29
5.245709,40.30
5.244389,40.30
5.243041,40.31
5.241722,40.32
5.240404,40.32
5.239086,40.33
5.237769,40.33
5.236425,40.33
5.235109,40.32
5.233794,40.31
5.232479,40.30
5.231165,40.29
5.229825,40.28
5.228512,40.26
5.227200,40.25
5.225889,40.23
5.224551,40.22
5.223241,40.21
5.221932,40.21
5.220624,40.22
5.219316,40.23
5.217981,40.25
5.216675,40.27
5.215369,40.28
5.214063,40.29
5.212759,40.28
5.211428,40.27
5.210124,40.27
5.208822,40.26
5.207520,40.27
5.206218,40.28
5.204891,40.30
5.203590,40.32
5.202291,40.34
5.200992,40.35
5.199667,40.36
5.198370,40.35
5.197073,40.34
5.195777,40.33
5.194481,40.32
5.193160,40.31
5.191865,40.30
5.190572,40.29
5.189279,40.28
5.187987,40.26
5.186668,40.25
5.185377,40.25
5.184087,40.24
5.182797,40.24
5.181481,40.25
5.180193,40.26
5.178905,40.27
5.177618,40.28
5.176332,40.29
5.175019,40.31
5.173734,40.32
5.172449,40.32
5.171166,40.33
5.169882,40.33
5.168573,40.33
5.167291,40.32
5.166010,40.33
5.164729,40.33
5.163449,40.34
5.162143,40.35
5.160864,40.36
5.159586,40.37
5.158308,40.37
5.157005,40.38
5.155729,40.39
5.154453,40.41
5.153178,40.43
5.151904,40.45
5.150604,40.47
5.149331,40.49
5.148058,40.49
5.146786,40.49
5.145515,40.49
5.144218,40.48
5.142948,40.48
5.141679,40.47
5.140410,40.47
5.139116,40.47
5.137848,40.46
5.136582,40.45
5.135316,40.44
5.134050,40.43
5.132759,40.41
5.131495,40.40
5.130231,40.40
5.128968,40.39
5.127706,40.39
5.126417,40.40
5.125156,40.40
5.123896,40.41
5.122636,40.43
5.121377,40.44
5.120092,40.46
5.118834,40.47
5.117576,40.48
5.116320,40.48
5.115037,40.48
5.113782,40.48
5.112527,40.47
5.111272,40.47
5.110019,40.46
5.108740,40.46
5.107487,40.46
5.106235,40.45
5.104984,40.45
5.103733,40.44
5.102457,40.43
5.101208,40.43
5.099959,40.42
5.098711,40.42
5.097438,40.42
5.096191,40.41
5.094944,40.41
5.093699,40.40
5.092453,40.39
5.091183,40.39
5.089939,40.40
5.088696,40.41
5.087453,40.43
5.086211,40.46
5.084944,40.49
5.083703,40.51
5.082463,40.53
5.081223,40.54
5.079959,40.54
5.078720,40.54
5.077482,40.53
5.076245,40.52
5.075009,40.51
5.073747,40.49
5.072512,40.48
5.071277,40.46
5.070043,40.45
5.068809,40.43
5.067550,40.42
5.066318,40.41
5.065086,40.40
5.063855,40.40
5.062625,40.40
5.061369,40.41
5.060140,40.42
5.058911,40.44
5.057683,40.45
5.056430,40.47
5.055203,40.48
5.053976,40.50
5.052751,40.52
5.051526,40.54
5.050275,40.55
5.049052,40.56
5.047828,40.56
5.046605,40.56
5.045383,40.56
5.044136,40.55
5.042915,40.54
5.041695,40.54
5.040475,40.55
5.039230,40.56
5.038012,40.57
5.036794,40.58
5.035576,40.60
5.034360,40.61
5.033118,40.62
5.031902,40.63
5.030687,40.64
5.029473,40.66
5.028259,40.68
5.027020,40.71
5.025808,40.74
5.024595,40.76
5.023384,40.79
5.022148,40.80
5.020937,40.80
5.019728,40.78
5.018518,40.74
5.017310,40.70
5.016077,40.66
5.014869,40.63
5.013662,40.61
5.012456,40.60
5.011250,40.59
5.010020,40.60
5.008816,40.61
5.007612,40.62
5.006408,40.63
5.005205,40.64
5.003978,40.64
5.002777,40.64
5.001575,40.63
5.000375,40.63
4.999150,40.62
4.997951,40.61
4.996752,40.61
4.995554,40.60
4.994356,40.60
4.993134,40.60
4.991938,40.61
4.990742,40.61
4.989547,40.61
4.988352,40.61
4.987133,40.60
4.985940,40.60
4.984747,40.60
4.983554,40.61
4.982338,40.62
4.981146,40.64
4.979956,40.65
4.978766,40.67
4.977576,40.68
4.976362,40.69
4.975174,40.70
4.973986,40.70
4.972799,40.70
4.971612,40.70
4.970401,40.71
4.969216,40.71
4.968031,40.71
4.966846,40.71
4.965662,40.72
4.964455,40.73
4.963272,40.74
4.962090,40.76
4.960908,40.78
4.959702,40.80
4.958522,40.81
4.957342,40.81
4.956163,40.80
4.954984,40.78
4.953781,40.76
4.952604,40.74
4.951427,40.73
4.950250,40.72
4.949074,40.71
4.947874,40.72
4.946699,40.72
4.945525,40.73
4.944351,40.74
4.943154,40.74
4.941981,40.75
4.940809,40.76
4.939638,40.76
4.938467,40.77
4.937272,40.77
4.936102,40.77
4.934933,40.77
4.933764,40.77
4.932596,40.76
4.931404,40.75
4.930237,40.74
4.929071,40.74
4.927905,40.73
4.926739,40.74
4.925550,40.75
4.924386,40.76
4.923222,40.77
4.922059,40.79
4.920872,40.80
4.919710,40.80
4.918549,40.79
4.917388,40.78
4.916227,40.77
4.915043,40.75
4.913884,40.74
4.912725,40.73
4.911567,40.73
4.910410,40.73
4.909228,40.74
4.908072,40.75
4.906916,40.76
4.905760,40.78
4.904581,40.80
4.903427,40.82
4.902273,40.84
4.901120,40.86
4.899967,40.88
4.898791,40.90
4.897639,40.91
4.896488,40.91
4.895338,40.91
4.894188,40.89
4.893014,40.88
4.891865,40.86
4.890717,40.84
4.889569,40.82
4.888398,40.80
4.887251,40.79
4.886105,40.78
4.884959,40.77
4.883814,40.77
4.882646,40.78
4.881502,40.78
4.880358,40.80
4.879215,40.81
4.878073,40.83
4.876907,40.84
4.875765,40.86
4.874625,40.88
4.873484,40.89
4.872345,40.89
4.871182,40.90
4.870043,40.89
4.868905,40.89
4.867767,40.88
4.866606,40.87
4.865470,40.87
4.864334,40.87
4.863198,40.87
4.862063,40.88
4.860905,40.89
4.859771,40.89
4.858638,40.90
4.857505,40.90
4.856373,40.90
4.855217,40.91
4.854086,40.91
4.852955,40.91
4.851825,40.92
4.850672,40.92
4.849543,40.92
4.848414,40.92
4.847286,40.92
4.846159,40.93
4.845008,40.94
4.843882,40.95
4.842756,40.96
4.841630,40.98
4.840505,40.99
4.839358,40.99
4.838234,41.00
4.837110,41.00
4.835987,40.99
4.834865,40.99
4.833720,40.99
4.832599,41.00
4.831478,41.00
4.830358,41.00
4.829215,41.01
4.828096,41.01
4.826977,41.01
4.825859,41.01
4.824741,41.00
4.823601,41.00
4.822484,40.99
4.821368,40.99
4.820253,40.99
4.819138,40.99
4.818000,41.00
4.816886,41.00
4.815773,41.00
4.814660,41.00
4.813524,41.00
4.812412,40.99
4.811301,40.99
4.810190,40.98
4.809080,40.97
4.807947,40.97
4.806837,40.97
4.805728,40.97
4.804620,40.97
4.803512,40.96
4.802382,40.96
4.801275,40.96
4.800169,40.96
4.799063,40.96
4.797935,40.96
4.796830,40.97
4.795726,40.97
4.794622,40.98
4.793519,40.99
4.792394,41.00
4.791291,41.00
4.790190,41.01
4.789089,41.00
4.787988,41.00
4.786865,40.99
4.785765,40.99
4.784666,40.98
4.783567,40.97
4.782469,40.97
4.781349,40.97
4.780252,40.98
4.779155,40.99
4.778059,40.99
4.776941,41.00
4.775846,41.01
4.774751,41.01
4.773657,41.01
4.772563,41.01
4.771448,41.02
4.770355,41.02
4.769263,41.02
4.768172,41.03
4.767080,41.03
4.765967,41.04
4.764877,41.05
4.763788,41.07
4.762699,41.08
4.761587,41.10
4.760499,41.11
4.759412,41.13
4.758325,41.14
4.757238,41.15
4.756129,41.15
4.755044,41.16
4.753959,41.16
4.752874,41.16
4.751790,41.16
4.750684,41.16
4.749601,41.17
4.748518,41.18
4.747436,41.18
4.746332,41.19
4.745251,41.20
4.744171,41.20
4.743091,41.20
4.742011,41.19
4.740909,41.19
4.739831,41.18
4.738753,41.17
4.737675,41.16
4.736598,41.16
4.735499,41.15
4.734423,41.15
4.733347,41.15
4.732272,41.15
4.731197,41.14
4.730100,41.14
4.729027,41.14
4.727954,41.14
4.726881,41.14
4.725786,41.15
4.724715,41.16
4.723643,41.17
4.722572,41.19
4.721502,41.21
4.720410,41.23
4.719341,41.24
4.718272,41.25
4.717204,41.26
4.716136,41.26
4.715046,41.26
4.713979,41.25
4.712913,41.24
4.711847,41.23
4.710782,41.22
4.709694,41.20
4.708630,41.18
4.707566,41.17
4.706503,41.15
4.705417,41.15
4.704355,41.15
4.703293,41.15
4.702231,41.16
4.701170,41.18
4.700087,41.19
4.699027,41.21
4.697968,41.21
4.696908,41.22
4.695850,41.22
4.694770,41.22
4.693712,41.23
4.692655,41.23
4.691598,41.23
4.690520,41.23
4.689464,41.23
4.688408,41.23
4.687354,41.23
4.686299,41.22
4.685223,41.22
4.684170,41.22
4.683117,41.22
4.682064,41.23
4.681012,41.24
4.679939,41.24
4.678888,41.25
4.677837,41.26
4.676787,41.26
4.675716,41.27
4.674667,41.28
4.673618,41.29
4.672570,41.31
4.671522,41.32
4.670453,41.33
4.669406,41.33
4.668360,41.34
4.667314,41.34
4.666268,41.34
4.665202,41.34
4.664157,41.34
4.663113,41.35
4.662070,41.35
4.661027,41.36
4.659963,41.37
4.658920,41.38
4.657879,41.39
4.656838,41.40
4.655775,41.40
4.654735,41.39
4.653695,41.39
4.652656,41.38
4.651617,41.36
4.650557,41.35
4.649519,41.34
4.648482,41.34
4.647445,41.34
4.646408,41.34
4.645351,41.35
4.644315,41.36
4.643280,41.37
4.642245,41.37
4.641190,41.38
4.640156,41.38
4.639123,41.38
4.638090,41.38
4.637058,41.39
4.636004,41.40
4.634973,41.41
4.633942,41.42
4.632911,41.44
4.631881,41.45
4.630830,41.46
4.629801,41.45
4.628772,41.45
4.627744,41.43
4.626695,41.42
4.625668,41.40
4.624641,41.39
4.623615,41.39
4.622589,41.40
4.621542,41.41
4.620517,41.42
4.619492,41.43
4.618468,41.44
4.617445,41.45
4.616400,41.45
4.615378,41.44
4.614355,41.43
4.613333,41.42
4.612312,41.41
4.611270,41.39
4.610250,41.39
4.609230,41.38
4.608210,41.38
4.607170,41.38
4.606151,41.38
4.605133,41.39
4.604115,41.39
4.603098,41.40
4.602060,41.40
4.601044,41.40
4.600028,41.40
4.599012,41.40
4.597997,41.40
4.596961,41.40
4.595947,41.40
4.594934,41.41
4.593920,41.42
4.592887,41.44
4.591874,41.46
4.590862,41.48
4.589851,41.50
4.588840,41.52
4.587808,41.53
4.586798,41.54
4.585789,41.54
4.584779,41.54
4.583771,41.54
4.582741,41.55
4.581734,41.55
4.580726,41.56
4.579719,41.57
4.578713,41.58
4.577686,41.58
4.576680,41.59
4.575675,41.59
4.574670,41.59
4.573645,41.58
4.572641,41.58
4.571638,41.57
4.570635,41.57
4.569632,41.56
4.568609,41.56
4.567607,41.56
4.566606,41.56
4.565605,41.56
4.564605,41.57
4.563584,41.57
4.562585,41.57
4.561586,41.57
4.560587,41.57
4.559568,41.57
4.558571,41.57
4.557574,41.57
4.556577,41.58
4.555580,41.59
4.554564,41.60
4.553568,41.61
4.552573,41.62
4.551578,41.62
4.550584,41.63
4.549570,41.62
4.548577,41.61
4.547584,41.60
4.546591,41.59
4.545579,41.58
4.544587,41.57
4.543596,41.57
4.542605,41.57
4.541615,41.58
4.540604,41.59
4.539615,41.59
4.538626,41.60
4.537637,41.61
4.536649,41.61
4.535641,41.61
4.534654,41.60
4.533667,41.60
4.532681,41.60
4.531695,41.60
4.530689,41.60
4.529704,41.60
4.528719,41.61
4.527735,41.61
4.526730,41.62
4.525747,41.62
4.524764,41.63
4.523782,41.63
4.522799,41.63
4.521797,41.63
4.520816,41.63
4.519835,41.63
4.518855,41.62
4.517875,41.62
4.516875,41.62
4.515896,41.62
4.514917,41.62
4.513939,41.62
4.512961,41.61
4.511963,41.61
4.510987,41.60
4.510010,41.60
4.509034,41.60
4.508038,41.60
4.507063,41.61
4.506088,41.62
4.505113,41.64
4.504139,41.65
4.503145,41.66
4.502172,41.67
4.501200,41.68
4.500227,41.69
4.499255,41.69
4.498264,41.70
4.497293,41.69
4.496322,41.69
4.495352,41.69
4.494362,41.68
4.493392,41.68
4.492424,41.68
4.491455,41.68
4.490487,41.69
4.489499,41.70
4.488532,41.72
4.487565,41.73
4.486599,41.75
4.485633,41.77
4.484647,41.78
4.483682,41.78
4.482717,41.79
4.481753,41.79
4.480769,41.79
4.479805,41.78
4.478842,41.78
4.477879,41.78
4.476917,41.78
4.475935,41.79
4.474974,41.80
4.474013,41.80
4.473052,41.80
4.472092,41.80
4.471112,41.80
4.470153,41.79
4.469194,41.77
4.468235,41.76
4.467277,41.75
4.466300,41.74
4.465342,41.73
4.464385,41.73
4.463429,41.73
4.462453,41.74
4.461497,41.76
4.460542,41.78
4.459587,41.80
4.458633,41.82
4.457659,41.84
4.456705,41.85
4.455752,41.87
4.454799,41.87
4.453847,41.87
4.452875,41.87
4.451924,41.87
4.450973,41.87
4.450022,41.87
4.449052,41.87
4.448102,41.86
4.447152,41.85
4.446203,41.84
4.445254,41.83
4.444286,41.82
4.443339,41.82
4.442391,41.82
4.441444,41.83
4.440497,41.84
4.439531,41.85
4.438586,41.85
4.437640,41.86
4.436695,41.87
4.435731,41.88
4.434786,41.90
4.433843,41.92
4.432899,41.94
4.431956,41.96
4.430994,41.98
4.430052,41.99
4.429110,42.00
4.428168,41.99
4.427227,41.99
4.426267,41.98
4.425327,41.97
4.424387,41.96
4.423448,41.96
4.422509,41.96
4.421551,41.97
4.420612,41.97
4.419675,41.98
4.418737,42.00
4.417781,42.01
4.416844,42.02
4.415908,42.04
4.414972,42.05
4.414037,42.06
4.413082,42.07
4.412148,42.07
4.411213,42.07
4.410279,42.07
4.409346,42.06
4.408394,42.06
4.407461,42.05
4.406529,42.05
4.405597,42.05
4.404646,42.06
4.403715,42.06
4.402784,42.07
4.401854,42.07
4.400924,42.08
4.399975,42.08
4.399046,42.10
4.398118,42.11
4.397189,42.13
4.396261,42.14
4.395315,42.15
4.394387,42.16
4.393461,42.17
4.392534,42.16
4.391609,42.16
4.390664,42.15
4.389739,42.14
4.388814,42.14
4.387889,42.13
4.386946,42.13
4.386023,42.12
4.385099,42.12
4.384177,42.12
4.383254,42.13
4.382313,42.13
4.381391,42.14
4.380470,42.14
4.379549,42.15
4.378629,42.15
4.377690,42.15
4.376770,42.15
4.375851,42.15
4.374932,42.16
4.373994,42.16
4.373076,42.17
4.372158,42.18
4.371241,42.19
4.370324,42.20
4.369388,42.22
4.368472,42.24
4.367556,42.27
4.366641,42.29
4.365726,42.31
4.364792,42.34
4.363878,42.35
4.362964,42.37
4.362050,42.38
4.361118,42.39
4.360205,42.41
4.359293,42.43
4.358381,42.45
4.357469,42.47
4.356539,42.50
4.355628,42.53
4.354718,42.55
4.353808,42.57
4.352898,42.59
4.351970,42.61
4.351061,42.64
4.350152,42.68
4.349244,42.72
4.348337,42.76
4.347410,42.81
4.346503,42.85
4.345597,42.90
4.344690,42.94
4.343766,42.97
4.342860,43.00
4.341955,43.02
4.341050,43.05
4.340146,43.07
4.339223,43.10
4.338320,43.14
4.337416,43.18
4.336513,43.22
4.335611,43.27
4.334690,43.32
4.333788,43.37
4.332887,43.41
4.331986,43.46
4.331067,43.51
4.330167,43.55
4.329267,43.60
4.328367,43.65
4.327468,43.70
4.326551,43.74
4.325652,43.77
4.324754,43.81
4.323857,43.84
4.322960,43.88
4.322044,43.92
4.321148,43.98
4.320252,44.04
4.319356,44.12
4.318461,44.20
4.317547,44.28
4.316652,44.36
4.315758,44.45
4.314864,44.53
4.313952,44.60
4.313059,44.68
4.312166,44.74
4.311274,44.81
4.310382,44.88
4.309472,44.95
4.308581,45.04
4.307690,45.13
4.306799,45.24
4.305909,45.35
4.305001,45.45
4.304111,45.55
4.303222,45.64
4.302334,45.71
4.301427,45.77
4.300539,45.82
4.299651,45.87
4.298764,45.93
4.297877,45.99
4.296972,46.05
4.296086,46.10
4.295201,46.15
4.294315,46.19
4.293430,46.23
4.292527,46.28
4.291643,46.34
4.290759,46.41
4.289875,46.50
4.288992,46.59
4.288091,46.68
4.287209,46.75
4.286327,46.81
4.285445,46.85
4.284545,46.86
4.283664,46.84
4.282784,46.79
4.281903,46.73
4.281024,46.65
4.280126,46.58
4.279247,46.53
4.278368,46.51
4.277489,46.54
4.276611,46.60
4.275715,46.70
4.274838,46.81
4.273961,46.93
4.273084,47.03
4.272190,47.09
4.271314,47.13
4.270438,47.13
4.269563,47.10
4.268688,47.05
4.267796,46.98
4.266922,46.89
4.266048,46.76
4.265174,46.59
4.264301,46.38
4.263411,46.15
4.262538,45.91
4.261666,45.69
4.260795,45.50
4.259905,45.36
4.259034,45.26
4.258164,45.21
4.257294,45.22
4.256424,45.27
4.255536,45.38
4.254667,45.54
4.253799,45.75
4.252930,45.99
4.252062,46.26
4.251177,46.55
4.250309,46.82
4.249442,47.08
4.248576,47.31
4.247709,47.53
4.246825,47.73
4.245960,47.91
4.245095,48.06
4.244230,48.19
4.243347,48.28
4.242483,48.32
4.241620,48.34
4.240756,48.33
4.239893,48.32
4.239012,48.30
4.238150,48.31
4.237288,48.35
4.236426,48.42
4.235565,48.50
4.234686,48.59
4.233826,48.65
4.232965,48.67
4.232106,48.63
4.231228,48.55
4.230369,48.42
4.229510,48.28
4.228652,48.14
4.227794,48.01
4.226918,47.89
4.226060,47.79
4.225203,47.68
4.224347,47.55
4.223490,47.41
4.222616,47.25
4.221761,47.06
4.220905,46.86
4.220050,46.66
4.219178,46.45
4.218324,46.26
4.217470,46.08
4.216616,45.91
4.215763,45.76
4.214892,45.61
4.214039,45.46
4.213187,45.31
4.212335,45.15
4.211484,44.98
4.210615,44.80
4.209764,44.63
4.208914,44.47
4.208063,44.31
4.207214,44.17
4.206347,44.04
4.205497,43.91
4.204649,43.79
4.203800,43.68
4.202934,43.58
4.202087,43.48
4.201239,43.39
4.200392,43.30
4.199546,43.21
4.198682,43.12
4.197836,43.03
4.196990,42.95
4.196145,42.87
4.195300,42.80
4.194437,42.74
4.193593,42.69
4.192749,42.65
4.191905,42.61
4.191062,42.58
4.190202,42.55
4.189359,42.53
4.188517,42.51
4.187675,42.49
4.186816,42.48
4.185974,42.48
4.185134,42.48
4.184293,42.47
4.183453,42.47
4.182595,42.46
4.181756,42.46
4.180917,42.46
4.180078,42.46
4.179239,42.47
4.178384,42.49
4.177546,42.51
4.176708,42.53
4.175871,42.54
4.175017,42.55
4.174180,42.55
4.173344,42.55
4.172508,42.55
4.171673,42.54
4.170820,42.55
4.169985,42.55
4.169151,42.56
4.168317,42.57
4.167483,42.57
4.166632,42.57
4.165799,42.57
4.164966,42.57
4.164133,42.57
4.163284,42.56
4.162452,42.56
4.161621,42.56
4.160790,42.56
4.159959,42.57
4.159111,42.57
4.158281,42.57
4.157451,42.58
4.156621,42.58
4.155792,42.58
4.154946,42.58
4.154118,42.58
4.153290,42.58
4.152462,42.58
4.151634,42.58
4.150790,42.59
4.149963,42.61
4.149137,42.62
4.148310,42.64
4.147467,42.65
4.146642,42.66
4.145817,42.66
4.144992,42.66
4.144167,42.65
4.143326,42.64
4.142502,42.63
4.141679,42.64
4.140855,42.64
4.140032,42.66
4.139193,42.67
4.138371,42.69
4.137549,42.70
4.136727,42.71
4.135889,42.71
4.135068,42.71
4.134247,42.70
4.133427,42.70
4.132607,42.68
4.131770,42.67
4.130951,42.65
4.130132,42.63
4.129314,42.61
4.128495,42.60
4.127660,42.59
4.126843,42.59
4.126025,42.59
4.125208,42.60
4.124392,42.61
4.123558,42.63
4.122742,42.63
4.121927,42.64
4.121111,42.64
4.120279,42.65
4.119464,42.65
4.118650,42.65
4.117836,42.66
4.117022,42.67
4.116192,42.68
4.115379,42.69
4.114566,42.70
4.113754,42.71
4.112941,42.71
4.112113,42.70
4.111301,42.70
4.110490,42.69
4.109679,42.69
4.108852,42.69
4.108041,42.69
4.107232,42.70
4.106422,42.72
4.105613,42.73
4.104787,42.74
4.103978,42.74
4.103170,42.74
4.102362,42.74
4.101554,42.74
4.100730,42.73
4.099923,42.72
4.099117,42.72
4.098310,42.71
4.097487,42.71
4.096682,42.71
4.095876,42.71
4.095071,42.72
4.094266,42.72
4.093445,42.73
4.092641,42.73
4.091837,42.74
4.091034,42.75
4.090230,42.76
4.089411,42.78
4.088608,42.79
4.087806,42.81
4.087004,42.82
4.086203,42.82
4.085385,42.82
4.084584,42.82
4.083783,42.81
4.082983,42.81
4.082166,42.80
4.081366,42.80
4.080567,42.80
4.079768,42.80
4.078969,42.81
4.078154,42.81
4.077356,42.83
4.076558,42.84
4.075760,42.85
4.074963,42.86
4.074150,42.86
4.073353,42.86
4.072557,42.86
4.071761,42.86
4.070948,42.85
4.070153,42.85
4.069358,42.86
4.068563,42.86
4.067769,42.86
4.066958,42.86
4.066165,42.85
4.065371,42.84
4.064578,42.83
4.063785,42.82
4.062976,42.81
4.062184,42.81
4.061392,42.82
4.060600,42.83
4.059793,42.84
4.059002,42.84
4.058211,42.85
4.057421,42.85
4.056631,42.85
4.055824,42.85
4.055035,42.85
4.054246,42.84
4.053457,42.84
4.052668,42.85
4.051864,42.85
4.051076,42.86
4.050288,42.88
4.049501,42.89
4.048714,42.90
4.047911,42.91
4.047125,42.91
4.046339,42.92
4.045553,42.92
4.044751,42.93
4.043966,42.94
4.043181,42.96
4.042397,42.98
4.041612,42.99
4.040812,43.00
4.040029,43.01
4.039245,43.01
4.038462,43.01
4.037680,43.01
4.036881,43.00
4.036099,43.00
4.035317,43.00
4.034536,43.00
4.033754,43.00
4.032957,43.01
4.032177,43.01
4.031397,43.02
4.030617,43.03
4.029821,43.04
4.029041,43.05
4.028262,43.05
4.027484,43.06
4.026705,43.06
4.025911,43.06
4.025133,43.05
4.024355,43.05
4.023578,43.04
4.022801,43.04
4.022008,43.04
4.021232,43.03
4.020456,43.03
4.019680,43.03
4.018889,43.03
4.018114,43.04
4.017339,43.04
4.016564,43.04
4.015790,43.04
4.015000,43.04
4.014226,43.04
4.013453,43.04
4.012680,43.05
4.011907,43.05
4.011119,43.06
4.010347,43.08
4.009575,43.09
4.008803,43.10
4.008016,43.11
4.007245,43.11
4.006474,43.11
4.005704,43.11
4.004934,43.10
4.004148,43.09
4.003379,43.09
4.002610,43.08
4.001841,43.08
4.001072,43.08
4.000288,43.08
3.999520,43.08
3.998752,43.08
3.997985,43.09
3.997218,43.09
3.996435,43.09
3.995669,43.09
3.994903,43.10
3.994137,43.11
3.993355,43.12
3.992590,43.12
3.991825,43.13
3.991060,43.12
3.990296,43.12
3.989516,43.11
3.988752,43.10
3.987988,43.10
3.987225,43.10
3.986462,43.11
3.985683,43.12
3.984921,43.13
3.984159,43.14
3.983397,43.14
3.982620,43.14
3.981859,43.13
3.981098,43.13
3.980337,43.11
3.979577,43.10
3.978801,43.09
3.978041,43.09
3.977282,43.09
3.976523,43.09
3.975764,43.09
3.974989,43.10
3.974231,43.11
3.973473,43.12
3.972715,43.14
3.971942,43.15
3.971185,43.16
3.970428,43.17
3.969672,43.18
3.968915,43.19
3.968144,43.19
3.967388,43.20
3.966633,43.20
3.965878,43.20
3.965123,43.20
3.964353,43.20
3.963598,43.20
3.962844,43.20
3.962091,43.21
3.961337,43.21
3.960569,43.22
3.959816,43.23
3.959063,43.24
3.958311,43.24
3.957543,43.24
3.956792,43.24
3.956040,43.24
3.955289,43.23
3.954539,43.23
3.953772,43.23
3.953022,43.23
3.952272,43.24
3.951523,43.25
3.950773,43.26
3.950009,43.27
3.949260,43.28
3.948511,43.28
3.947763,43.29
3.947000,43.29
3.946252,43.28
3.945505,43.28
3.944758,43.29
3.944011,43.29
3.943249,43.30
3.942503,43.31
3.941757,43.32
3.941011,43.32
3.940266,43.33
3.939505,43.33
3.938760,43.33
3.938016,43.34
3.937271,43.34
3.936527,43.35
3.935768,43.36
3.935025,43.36
3.934282,43.37
3.933539,43.37
3.932781,43.38
3.932039,43.38
3.931297,43.38
3.930555,43.38
3.929814,43.39
3.929057,43.40
3.928316,43.41
3.927576,43.42
3.926835,43.43
3.926095,43.44
3.925340,43.44
3.924601,43.43
3.923861,43.42
3.923122,43.41
3.922368,43.40
3.921630,43.39
3.920892,43.39
3.920154,43.39
3.919417,43.40
3.918664,43.41
3.917927,43.42
3.917191,43.44
3.916454,43.45
3.915718,43.45
3.914967,43.46
3.914231,43.46
3.913496,43.46
3.912761,43.46
3.912011,43.46
3.911277,43.46
3.910542,43.46
3.909809,43.47
3.909075,43.47
3.908326,43.48
3.907593,43.48
3.906860,43.49
3.906128,43.49
3.905396,43.49
3.904648,43.50
3.903917,43.50
3.903185,43.50
3.902454,43.51
3.901723,43.51
3.900978,43.52
3.900247,43.52
3.899517,43.53
3.898787,43.53
3.898043,43.53
3.897314,43.53
3.896585,43.53
3.895856,43.52
3.895128,43.51
3.894384,43.51
3.893656,43.50
3.892929,43.50
3.892202,43.50
3.891475,43.50
3.890733,43.50
3.890006,43.50
3.889280,43.51
3.888554,43.51
3.887813,43.51
3.887088,43.52
3.886363,43.53
3.885638,43.53
3.884913,43.54
3.884174,43.54
3.883450,43.54
3.882726,43.54
3.882003,43.54
3.881279,43.53
3.880541,43.53
3.879819,43.53
3.879096,43.53
3.878374,43.53
3.877652,43.54
3.876916,43.55
3.876194,43.55
3.875473,43.56
3.874753,43.56
3.874017,43.56
3.873297,43.55
3.872577,43.54
3.871857,43.53
3.871138,43.52
3.870403,43.51
3.869685,43.50
3.868966,43.50
3.868247,43.50
3.867529,43.50
3.866797,43.51
3.866079,43.51
3.865362,43.51
3.864645,43.51
3.863913,43.52
3.863196,43.52
3.862480,43.53
3.861764,43.55
3.861049,43.56
3.860318,43.56
3.859603,43.57
3.858888,43.56
3.858174,43.55
3.857459,43.54
3.856730,43.53
3.856016,43.51
3.855303,43.50
3.854589,43.49
3.853876,43.48
3.853149,43.49
3.852436,43.49
3.851724,43.51
3.851012,43.53
3.850285,43.55
3.849574,43.57
3.848863,43.59
3.848152,43.60
3.847441,43.61
3.846716,43.61
3.846006,43.61
3.845296,43.62
3.844586,43.62
3.843877,43.62
3.843153,43.62
3.842444,43.62
3.841736,43.61
3.841028,43.61
3.840305,43.62
3.839597,43.62
3.838889,43.63
3.838182,43.63
3.837475,43.65
3.836754,43.66
3.836047,43.67
3.835341,43.67
3.834635,43.68
3.833930,43.68
3.833209,43.68
3.832504,43.68
3.831799,43.68
3.831095,43.67
3.830376,43.67
3.829672,43.66
3.828968,43.66
3.828264,43.67
3.827561,43.68
3.826843,43.70
3.826140,43.72
3.825438,43.74
3.824735,43.76
3.824033,43.77
3.823317,43.77
3.822615,43.77
3.821914,43.76
3.821213,43.74
3.820512,43.71
3.819797,43.69
3.819097,43.68
3.818397,43.66
3.817697,43.66
3.816983,43.66
3.816284,43.67
3.815585,43.68
3.814886,43.69
3.814188,43.70
3.813475,43.70
3.812777,43.70
3.812080,43.70
3.811382,43.71
3.810685,43.71
3.809974,43.72
3.809277,43.73
3.808581,43.74
3.807885,43.75
3.807174,43.76
3.806479,43.77
3.805783,43.78
3.805088,43.79
3.804393,43.81
3.803684,43.83
3.802990,43.84
3.802296,43.86
3.801602,43.87
3.800908,43.87
3.800201,43.86
3.799508,43.85
3.798815,43.84
3.798122,43.83
3.797415,43.83
3.796723,43.83
3.796032,43.84
3.795340,43.85
3.794649,43.86
3.793943,43.86
3.793253,43.87
3.792562,43.86
3.791872,43.86
3.791182,43.85
3.790478,43.84
3.789788,43.84
3.789099,43.84
3.788410,43.85
3.787721,43.87
3.787018,43.88
3.786330,43.90
3.785642,43.93
3.784954,43.94
3.784252,43.96
3.783565,43.97
3.782878,43.97
3.782191,43.96
3.781505,43.96
3.780804,43.95
3.780118,43.94
3.779432,43.92
3.778747,43.91
3.778062,43.90
3.777362,43.89
3.776678,43.88
3.775993,43.87
3.775309,43.87
3.774625,43.87
3.773927,43.87
3.773243,43.88
3.772560,43.89
3.771877,43.91
3.771180,43.92
3.770497,43.92
3.769815,43.92
3.769133,43.92
3.768451,43.92
3.767756,43.91
3.767074,43.91
3.766393,43.90
3.765712,43.91
3.765032,43.91
3.764337,43.92
3.763657,43.92
3.762978,43.93
3.762298,43.94
3.761605,43.94
3.760925,43.95
3.760247,43.95
3.759568,43.96
3.758890,43.96
3.758198,43.97
3.757520,43.98
3.756842,43.98
3.756165,43.98
3.755488,43.98
3.754797,43.98
3.754120,43.98
3.753444,43.98
3.752768,43.97
3.752078,43.97
3.751402,43.97
3.750727,43.96
3.750052,43.96
3.749377,43.97
3.748688,43.97
3.748014,43.98
3.747339,43.99
3.746665,44.00
3.745992,44.01
3.745304,44.02
3.744631,44.03
3.743958,44.04
3.743285,44.05
3.742613,44.05
3.741927,44.06
3.741255,44.05
3.740583,44.05
3.739912,44.04
3.739226,44.02
3.738555,44.01
3.737885,43.99
3.737214,43.98
3.736544,43.96
3.735860,43.96
3.735190,43.96
3.734520,43.98
3.733851,43.99
3.733182,44.01
3.732499,44.02
3.731831,44.03
3.731162,44.03
3.730494,44.03
3.729812,44.02
3.729145,44.00
3.728477,43.99
3.727810,43.98
3.727143,43.98
3.726463,43.98
3.725796,43.99
3.725130,43.99
3.724464,44.00
3.723798,44.01
3.723119,44.02
3.722454,44.02
3.721789,44.02
3.721124,44.02
3.720460,44.02
3.719781,44.02
3.719117,44.02
3.718454,44.02
3.717790,44.03
3.717113,44.04
3.716450,44.05
3.715787,44.06
3.715124,44.07
3.714462,44.08
3.713786,44.09
3.713124,44.10
3.712462,44.11
3.711801,44.12
3.711140,44.13
3.710465,44.13
3.709804,44.14
3.709144,44.14
3.708484,44.14
3.707810,44.13
3.707150,44.12
3.706490,44.12
3.705831,44.11
3.705172,44.11
3.704499,44.11
3.703841,44.12
3.703183,44.12
3.702524,44.13
3.701866,44.13
3.701195,44.14
3.700538,44.14
3.699880,44.14
3.699224,44.15
3.698553,44.16
3.697897,44.18
3.697240,44.20
3.696584,44.23
3.695929,44.26
3.695259,44.28
3.694604,44.29
3.693949,44.30
3.693294,44.29
3.692639,44.28
3.691971,44.26
3.691317,44.24
3.690663,44.22
3.690010,44.21
3.689356,44.21
3.688689,44.22
3.688036,44.24
3.687384,44.26
3.686731,44.28
3.686065,44.29
3.685413,44.30
3.684761,44.31
3.684110,44.31
3.683458,44.30
3.682794,44.29
3.682143,44.28
3.681492,44.27
3.680842,44.26
3.680191,44.26
3.679528,44.25
3.678878,44.25
3.678229,44.25
3.677579,44.25
3.676917,44.25
3.676268,44.25
3.675619,44.25
3.674971,44.26
3.674323,44.26
3.673661,44.27
3.673014,44.28
3.672366,44.29
3.671719,44.30
3.671072,44.31
3.670412,44.32
3.669765,44.33
3.669119,44.34
3.668473,44.34
3.667827,44.34
3.667168,44.35
3.666522,44.35
3.665877,44.35
3.665232,44.36
3.664574,44.36
3.663930,44.37
3.663285,44.37
3.662641,44.36
3.661998,44.35
3.661341,44.34
3.660697,44.33
3.660054,44.32
3.659411,44.31
3.658769,44.31
3.658113,44.31
3.657471,44.31
3.656829,44.31
3.656187,44.31
3.655532,44.32
3.654891,44.33
3.654250,44.34
3.653609,44.35
3.652968,44.37
3.652314,44.39
3.651674,44.40
3.651034,44.41
3.650394,44.42
3.649755,44.43
3.649102,44.44
3.648463,44.44
3.647824,44.45
3.647186,44.45
3.646547,44.45
3.645896,44.44
3.645258,44.43
3.644620,44.42
3.643983,44.41
3.643332,44.40
3.642695,44.39
3.642058,44.38
3.641422,44.38
3.640786,44.38
3.640136,44.38
3.639500,44.38
3.638865,44.39
3.638229,44.40
3.637594,44.40
3.636946,44.41
3.636311,44.42
3.635676,44.43
3.635042,44.44
3.634394,44.45
3.633761,44.46
3.633127,44.46
3.632493,44.46
3.631860,44.45
3.631214,44.44
3.630581,44.43
3.629949,44.42
3.629316,44.41
3.628684,44.41
3.628039,44.41
3.627407,44.42
3.626776,44.42
3.626145,44.43
3.625500,44.44
3.624870,44.45
3.624239,44.45
3.623609,44.45
3.622978,44.45
3.622335,44.45
3.621706,44.44
3.621076,44.43
3.620447,44.43
3.619818,44.42
3.619176,44.42
3.618547,44.42
3.617919,44.43
3.617291,44.45
3.616663,44.46
3.616022,44.48
3.615394,44.50
3.614767,44.51
3.614140,44.53
3.613500,44.53
3.612873,44.54
3.612247,44.54
3.611621,44.54
3.610995,44.53
3.610356,44.53
3.609730,44.53
3.609105,44.53
3.608480,44.53
3.607855,44.53
3.607217,44.54
3.606593,44.55
3.605969,44.56
3.605345,44.57
3.604708,44.59
3.604084,44.61
3.603461,44.62
3.602838,44.63
3.602215,44.63
3.601579,44.63
3.600956,44.62
3.600334,44.60
3.599712,44.59
3.599090,44.58
3.598456,44.57
3.597834,44.57
3.597213,44.58
3.596592,44.59
3.595958,44.60
3.595338,44.61
3.594717,44.62
3.594097,44.63
3.593477,44.63
3.592844,44.64
3.592225,44.64
3.591606,44.64
3.590987,44.65
3.590368,44.65
3.589736,44.66
3.589118,44.66
3.588500,44.67
3.587882,44.67
3.587264,44.68
3.586633,44.68
3.586016,44.68
3.585399,44.67
3.584782,44.67
3.584152,44.66
3.583536,44.65
3.582920,44.64
3.582303,44.64
3.581688,44.64
3.581059,44.64
3.580444,44.64
3.579828,44.65
3.579213,44.65
3.578599,44.66
3.577971,44.67
3.577357,44.67
3.576743,44.68
3.576129,44.69
3.575502,44.69
3.574889,44.70
3.574275,44.70
3.573662,44.70
3.573049,44.70
3.572424,44.69
3.571811,44.69
3.571199,44.68
3.570587,44.67
3.569975,44.67
3.569351,44.68
3.568739,44.69
3.568128,44.70
3.567517,44.72
3.566906,44.74
3.566283,44.75
3.565673,44.76
3.565062,44.77
3.564452,44.78
3.563830,44.79
3.563220,44.80
3.562611,44.81
3.562002,44.82
3.561393,44.82
3.560772,44.83
3.560163,44.83
3.559555,44.83
3.558947,44.84
3.558339,44.84
3.557719,44.84
3.557111,44.85
3.556504,44.84
3.555897,44.84
3.555277,44.82
3.554671,44.80
3.554064,44.79
3.553458,44.77
3.552852,44.76
3.552234,44.76
3.551628,44.76
3.551023,44.77
3.550418,44.78
3.549813,44.79
3.549195,44.79
3.548591,44.80
3.547987,44.80
3.547382,44.80
3.546778,44.81
3.546162,44.81
3.545559,44.81
3.544955,44.81
3.544352,44.82
3.543737,44.82
3.543134,44.82
3.542532,44.83
3.541929,44.84
3.541327,44.85
3.540713,44.86
3.540111,44.87
3.539510,44.88
3.538909,44.88
3.538307,44.89
3.537694,44.89
3.537093,44.90
3.536493,44.91
3.535893,44.92
3.535280,44.92
3.534681,44.93
3.534081,44.93
3.533482,44.92
3.532882,44.91
3.532271,44.89
3.531672,44.88
3.531073,44.87
3.530475,44.86
3.529877,44.86
3.529266,44.87
3.528669,44.88
3.528071,44.89
3.527474,44.90
3.526864,44.91
3.526267,44.92
3.525670,44.93
3.525074,44.94
3.524477,44.94
3.523869,44.94
3.523273,44.94
3.522677,44.92
3.522082,44.91
3.521486,44.89
3.520879,44.89
3.520284,44.88
3.519689,44.89
3.519095,44.90
3.518500,44.92
3.517894,44.93
3.517300,44.94
3.516706,44.93
3.516113,44.93
3.515507,44.91
3.514914,44.90
3.514321,44.88
3.513728,44.86
3.513136,44.85
3.512531,44.84
3.511939,44.82
3.511347,44.81
3.510755,44.80
3.510164,44.80
3.509560,44.80
3.508969,44.80
3.508378,44.80
3.507787,44.81
3.507184,44.81
3.506594,44.81
3.506004,44.82
3.505414,44.82
3.504824,44.83
3.504223,44.85
3.503633,44.87
3.503044,44.88
3.502455,44.90
3.501866,44.92
3.501266,44.93
3.500677,44.94
3.500089,44.96
3.499501,44.97
3.498914,44.99
3.498314,45.00
3.497726,45.02
3.497139,45.04
3.496552,45.05
3.495953,45.06
3.495367,45.07
3.494781,45.07
3.494194,45.07
3.493608,45.08
3.493010,45.09
3.492425,45.10
3.491840,45.11
3.491254,45.12
3.490669,45.13
3.490072,45.13
3.489488,45.12
3.488904,45.12
3.488319,45.11
3.487723,45.11
3.487139,45.12
3.486556,45.12
3.485972,45.14
3.485389,45.15
3.484794,45.17
3.484211,45.18
3.483629,45.19
3.483046,45.19
3.482464,45.20
3.481870,45.20
3.481288,45.21
3.480706,45.22
3.480125,45.23
3.479532,45.25
3.478951,45.27
3.478370,45.30
3.477789,45.32
3.477209,45.34
3.476616,45.35
3.476036,45.36
3.475456,45.36
3.474877,45.37
3.474297,45.37
3.473706,45.37
3.473127,45.38
3.472548,45.38
3.471969,45.38
3.471391,45.38
3.470800,45.38
3.470222,45.37
3.469644,45.35
3.469066,45.33
3.468477,45.32
3.467899,45.31
3.467322,45.31
3.466745,45.31
3.466168,45.31
3.465580,45.32
3.465003,45.33
3.464427,45.34
3.463851,45.34
3.463275,45.34
3.462688,45.34
3.462112,45.34
3.461537,45.34
3.460962,45.34
3.460375,45.34
3.459801,45.35
3.459226,45.35
3.458652,45.36
3.458078,45.37
3.457492,45.37
3.456918,45.37
3.456345,45.37
3.455771,45.36
3.455198,45.35
3.454613,45.34
3.454041,45.34
3.453468,45.34
3.452896,45.34
3.452323,45.35
3.451740,45.35
3.451168,45.36
3.450596,45.37
3.450025,45.38
3.449442,45.40
3.448870,45.41
3.448300,45.42
3.447729,45.44
3.447159,45.45
3.446576,45.46
3.446006,45.48
3.445436,45.49
3.444867,45.50
3.444297,45.50
3.443716,45.50
3.443147,45.50
3.442578,45.48
3.442009,45.46
3.441429,45.44
3.440860,45.42
3.440292,45.41
3.439724,45.39
3.439156,45.39
3.438577,45.38
3.438009,45.38
3.437442,45.37
3.436875,45.36
3.436308,45.35
3.435730,45.34
3.435163,45.33
3.434597,45.32
3.434031,45.32
3.433465,45.32
3.432887,45.32
3.432321,45.32
3.431756,45.33
3.431191,45.34
3.430614,45.34
3.430049,45.35
3.429485,45.35
3.428920,45.36
3.428356,45.36
3.427780,45.36
3.427216,45.36
3.426653,45.36
3.426089,45.35
3.425526,45.34
3.424951,45.34
3.424388,45.33
3.423825,45.34
3.423262,45.34
3.422688,45.35
3.422126,45.36
3.421564,45.37
3.421002,45.38
3.420441,45.39
3.419867,45.39
3.419306,45.39
3.418745,45.40
3.418184,45.40
3.417623,45.40
3.417051,45.40
3.416491,45.40
3.415931,45.41
3.415371,45.42
3.414799,45.43
3.414239,45.44
3.413680,45.45
3.413121,45.45
3.412562,45.46
3.411991,45.46
3.411432,45.47
3.410874,45.48
3.410316,45.49
3.409757,45.51
3.409188,45.52
3.408630,45.54
3.408072,45.55
3.407515,45.56
3.406958,45.56
3.406389,45.56
3.405832,45.56
3.405275,45.56
3.404719,45.56
3.404151,45.57
3.403595,45.57
3.403039,45.58
3.402483,45.59
3.401928,45.60
3.401361,45.60
3.400805,45.60
3.400250,45.60
3.399695,45.59
3.399141,45.59
3.398575,45.58
3.398020,45.58
3.397466,45.57
3.396912,45.57
3.396347,45.57
3.395793,45.58
3.395240,45.58
3.394687,45.59
3.394134,45.61
3.393569,45.62
3.393016,45.64
3.392464,45.66
3.391912,45.67
3.391359,45.68
3.390796,45.69
3.390244,45.69
3.389693,45.69
3.389141,45.69
3.388590,45.69
3.388027,45.69
3.387476,45.68
3.386926,45.68
3.386375,45.67
3.385813,45.66
3.385263,45.64
3.384713,45.63
3.384163,45.62
3.383614,45.61
3.383053,45.60
3.382504,45.61
3.381955,45.62
3.381406,45.64
3.380857,45.66
3.380297,45.69
3.379749,45.72
3.379200,45.75
3.378652,45.77
3.378093,45.79
3.377545,45.80
3.376998,45.80
3.376451,45.79
3.375903,45.78
3.375345,45.77
3.374798,45.77
3.374252,45.76
3.373705,45.76
3.373159,45.77
3.372602,45.77
3.372056,45.77
3.371510,45.77
3.370965,45.77
3.370408,45.76
3.369863,45.76
3.369318,45.76
3.368773,45.76
3.368228,45.76
3.367672,45.77
3.367128,45.78
3.366584,45.78
3.366040,45.79
3.365496,45.80
3.364941,45.82
3.364398,45.84
3.363855,45.86
3.363312,45.89
3.362769,45.91
3.362215,45.93
3.361672,45.94
3.361130,45.95
3.360588,45.96
3.360034,45.97
3.359493,45.98
3.358951,46.00
3.358409,46.02
3.357868,46.04
3.357316,46.05
3.356775,46.07
3.356234,46.09
3.355693,46.09
3.355153,46.10
3.354602,46.10
3.354061,46.09
3.353522,46.09
3.352982,46.08
3.352431,46.08
3.351892,46.08
3.351352,46.09
3.350813,46.10
3.350275,46.11
3.349725,46.11
3.349186,46.12
3.348648,46.12
3.348110,46.13
3.347572,46.13
3.347023,46.13
3.346485,46.13
3.345948,46.13
3.345410,46.12
3.344862,46.12
3.344325,46.12
3.343788,46.11
3.343252,46.11
3.342715,46.11
3.342168,46.11
3.341632,46.12
3.341096,46.12
3.340560,46.13
3.340025,46.13
3.339478,46.13
3.338943,46.13
3.338408,46.13
3.337873,46.13
3.337338,46.13
3.336792,46.13
3.336258,46.13
3.335724,46.13
3.335190,46.13
3.334645,46.13
3.334111,46.14
3.333578,46.14
3.333044,46.14
3.332511,46.14
3.331967,46.14
3.331434,46.14
3.330902,46.14
3.330369,46.14
3.329837,46.14
3.329294,46.15
3.328762,46.16
3.328230,46.16
3.327698,46.18
3.327167,46.18
3.326625,46.19
3.326094,46.20
3.325563,46.20
3.325032,46.19
3.324490,46.19
3.323960,46.18
3.323430,46.18
3.322899,46.18
3.322370,46.18
3.321829,46.19
3.321299,46.21
3.320770,46.23
3.320241,46.24
3.319711,46.26
3.319172,46.26
3.318643,46.27
3.318114,46.26
3.317586,46.25
3.317047,46.25
3.316519,46.24
3.315991,46.23
3.315463,46.23
3.314935,46.22
3.314397,46.23
3.313870,46.23
3.313343,46.23
3.312816,46.23
3.312289,46.23
3.311752,46.24
3.311225,46.24
3.310699,46.24
3.310173,46.25
3.309636,46.25
3.309111,46.25
3.308585,46.25
3.308060,46.24
3.307535,46.24
3.306999,46.23
3.306474,46.22
3.305949,46.22
3.305425,46.21
3.304900,46.21
3.304365,46.22
3.303841,46.22
3.303317,46.23
3.302794,46.24
3.302270,46.25
3.301736,46.27
3.301213,46.28
3.300690,46.29
3.300167,46.30
3.299633,46.31
3.299111,46.31
3.298588,46.31
3.298066,46.30
3.297544,46.30
3.297011,46.30
3.296490,46.29
3.295968,46.29
3.295447,46.29
3.294925,46.29
3.294394,46.29
3.293873,46.29
3.293352,46.30
3.292832,46.31
3.292300,46.31
3.291780,46.32
3.291260,46.32
3.290740,46.32
3.290220,46.32
3.289690,46.31
3.289171,46.30
3.288652,46.30
3.288132,46.30
3.287614,46.30
3.287084,46.31
3.286566,46.31
3.286047,46.32
3.285529,46.31
3.285000,46.31
3.284482,46.29
3.283964,46.28
3.283447,46.26
3.282929,46.25
3.282401,46.25
3.281884,46.25
3.281367,46.25
3.280851,46.26
3.280334,46.27
3.279807,46.28
3.279291,46.29
3.278775,46.30
3.278259,46.30
3.277743,46.31
3.277216,46.31
3.276701,46.31
3.276186,46.32
3.275671,46.32
3.275145,46.33
3.274630,46.34
3.274115,46.35
3.273601,46.36
3.273087,46.36
3.272562,46.36
3.272048,46.36
3.271534,46.36
3.271020,46.36
3.270507,46.36
3.269983,46.37
3.269470,46.37
3.268957,46.37
3.268444,46.36
3.267920,46.36
3.267408,46.35
3.266896,46.34
3.266383,46.34
3.265871,46.34
3.265349,46.35
3.264837,46.36
3.264325,46.37
3.263814,46.39
3.263303,46.40
3.262781,46.42
3.262270,46.43
3.261759,46.44
3.261249,46.44
3.260738,46.44
3.260218,46.43
3.259707,46.42
3.259197,46.40
3.258688,46.39
3.258167,46.38
3.257658,46.37
3.257149,46.37
3.256639,46.37
3.256130,46.37
3.255611,46.37
3.255102,46.37
3.254594,46.37
3.254086,46.37
3.253577,46.37
3.253059,46.37
3.252551,46.38
3.252043,46.40
3.251536,46.42
3.251018,46.44
3.250510,46.47
3.250003,46.49
3.249496,46.50
3.248990,46.50
3.248472,46.50
3.247966,46.48
3.247460,46.47
3.246954,46.45
3.246448,46.43
3.245931,46.42
3.245426,46.41
3.244920,46.41
3.244415,46.40
3.243899,46.40
3.243394,46.40
3.242889,46.41
3.242384,46.42
3.241880,46.43
3.241365,46.45
3.240861,46.47
3.240357,46.48
3.239853,46.50
3.239349,46.52
3.238835,46.54
3.238331,46.55
3.237828,46.57
3.237325,46.58
3.236822,46.59
3.236309,46.59
3.235806,46.58
3.235304,46.57
3.234801,46.55
3.234289,46.53
3.233787,46.51
3.233285,46.50
3.232783,46.51
3.232281,46.52
3.231770,46.55
3.231268,46.58
3.230767,46.62
3.230266,46.66
3.229766,46.69
3.229254,46.72
3.228754,46.74
3.228254,46.75
3.227754,46.76
3.227243,46.76
3.226743,46.76
3.226244,46.76
3.225744,46.75
3.225245,46.74
3.224735,46.72
3.224236,46.70
3.223737,46.67
3.223238,46.65
3.222740,46.63
3.222231,46.62
3.221733,46.61
3.221234,46.62
3.220736,46.63
3.220239,46.64
3.219731,46.66
3.219233,46.67
3.218736,46.69
3.218238,46.70
3.217731,46.71
3.217234,46.71
3.216737,46.72
3.216241,46.73
3.215744,46.73
3.215238,46.73
3.214742,46.73
3.214246,46.72
3.213750,46.72
3.213254,46.71
3.212748,46.70
3.212253,46.70
3.211758,46.69
3.211263,46.69
3.210757,46.69
3.210263,46.69
3.209768,46.70
3.209274,46.70
3.208779,46.71
3.208275,46.71
3.207781,46.70
3.207287,46.70
3.206793,46.70
3.206300,46.70
3.205796,46.71
3.205303,46.72
3.204810,46.74
3.204317,46.75
3.203824,46.77
3.203321,46.78
3.202829,46.78
3.202336,46.78
3.201844,46.77
3.201342,46.76
3.200850,46.74
3.200358,46.73
3.199867,46.73
3.199375,46.72
3.198874,46.73
3.198383,46.74
3.197892,46.75
3.197401,46.76
3.196911,46.77
3.196410,46.78
3.195919,46.79
3.195429,46.80
3.194939,46.81
3.194439,46.83
3.193949,46.85
3.193460,46.88
3.192970,46.89
3.192481,46.91
3.191982,46.91
3.191493,46.91
3.191004,46.90
3.190515,46.89
3.190027,46.88
3.189528,46.88
3.189040,46.88
3.188552,46.88
3.188064,46.89
3.187566,46.90
3.187078,46.90
3.186591,46.91
3.186103,46.91
3.185616,46.91
3.185119,46.91
3.184632,46.91
3.184146,46.91
3.183659,46.91
3.183172,46.91
3.182676,46.92
3.182190,46.94
3.181704,46.96
3.181218,46.97
3.180732,46.99
3.180237,46.99
3.179751,46.99
3.179266,46.99
3.178781,46.99
3.178286,46.99
3.177801,46.99
3.177317,47.00
3.176832,47.01
3.176348,47.02
3.175853,47.03
3.175369,47.04
3.174885,47.05
3.174402,47.05
3.173918,47.05
3.173424,47.05
3.172941,47.06
3.172458,47.06
3.171975,47.06
3.171482,47.07
3.170999,47.07
3.170517,47.08
3.170034,47.08
3.169552,47.08
3.169060,47.07
3.168578,47.06
3.168096,47.05
3.167614,47.04
3.167133,47.04
3.166641,47.03
3.166160,47.04
3.165679,47.04
3.165198,47.05
3.164717,47.06
3.164227,47.07
3.163746,47.09
3.163266,47.10
3.162785,47.12
3.162295,47.14
3.161815,47.16
3.161336,47.17
3.160856,47.18
3.160376,47.19
3.159887,47.19
3.159408,47.19
3.158929,47.18
3.158450,47.18
3.157971,47.19
3.157483,47.20
3.157004,47.21
3.156526,47.22
3.156048,47.23
3.155560,47.23
3.155082,47.23
3.154604,47.22
3.154126,47.21
3.153649,47.19
3.153162,47.17
3.152685,47.16
3.152207,47.15
3.151731,47.14
3.151254,47.14
3.150767,47.15
3.150291,47.16
3.149815,47.18
3.149338,47.20
3.148853,47.22
3.148377,47.23
3.147901,47.24
3.147425,47.24
3.146950,47.24
3.146465,47.24
3.145990,47.25
3.145515,47.25
3.145040,47.26
3.144565,47.28
3.144081,47.29
3.143606,47.30
3.143132,47.31
3.142658,47.32
3.142184,47.32
3.141700,47.31
3.141226,47.31
3.140753,47.30
3.140279,47.31
3.139796,47.32
3.139323,47.33
3.138850,47.34
3.138377,47.35
3.137905,47.36
3.137422,47.36
3.136950,47.36
3.136478,47.35
3.136005,47.34
3.135533,47.32
3.135052,47.30
3.134580,47.28
3.134109,47.27
3.133637,47.26
3.133156,47.26
3.132685,47.26
3.132214,47.27
3.131743,47.28
3.131272,47.28
3.130792,47.29
3.130322,47.30
3.129851,47.31
3.129381,47.32
3.128911,47.33
3.128431,47.34
3.127962,47.34
3.127492,47.35
3.127023,47.35
3.126554,47.35
3.126075,47.36
3.125606,47.37
3.125137,47.39
3.124668,47.40
3.124190,47.42
3.123721,47.44
3.123253,47.45
3.122785,47.45
3.122317,47.45
3.121839,47.44
3.121371,47.43
3.120904,47.42
3.120436,47.42
3.119969,47.41
3.119492,47.41
3.119025,47.41
3.118558,47.41
3.118091,47.42
3.117615,47.43
3.117149,47.44
3.116682,47.46
3.116216,47.48
3.115750,47.50
3.115275,47.52
3.114809,47.54
3.114343,47.56
3.113878,47.57
3.113412,47.57
3.112937,47.58
3.112472,47.57
3.112007,47.56
3.111543,47.55
3.111078,47.53
3.110604,47.50
3.110139,47.48
3.109675,47.46
3.109211,47.45
3.108737,47.45
3.108274,47.46
3.107810,47.48
3.107346,47.50
3.106883,47.52
3.106410,47.54
3.105947,47.56
3.105484,47.58
3.105021,47.60
3.104558,47.61
3.104086,47.62
3.103624,47.63
3.103162,47.63
3.102699,47.64
3.102228,47.64
3.101766,47.65
3.101304,47.65
3.100842,47.65
3.100381,47.65
3.099910,47.64
3.099449,47.64
3.098988,47.63
3.098527,47.63
3.098066,47.63
3.097596,47.63
3.097135,47.63
3.096675,47.64
3.096215,47.64
3.095745,47.64
3.095285,47.63
3.094825,47.63
3.094366,47.62
3.093906,47.62
3.093437,47.62
3.092978,47.62
3.092519,47.63
3.092060,47.63
3.091601,47.64
3.091133,47.65
3.090674,47.65
3.090216,47.65
3.089757,47.65
3.089299,47.64
3.088832,47.63
3.088374,47.61
3.087916,47.61
3.087458,47.61
3.086991,47.61
3.086534,47.62
3.086077,47.63
3.085620,47.64
3.085163,47.64
3.084697,47.65
3.084240,47.64
3.083783,47.64
3.083327,47.63
3.082871,47.62
3.082405,47.62
3.081949,47.62
3.081493,47.63
3.081037,47.65
3.080572,47.67
3.080117,47.69
3.079662,47.71
3.079206,47.73
3.078751,47.75
3.078287,47.76
3.077832,47.77
3.077378,47.78
3.076923,47.78
3.076469,47.79
3.076005,47.79
3.075551,47.80
3.075097,47.81
3.074643,47.81
3.074180,47.82
3.073726,47.83
3.073273,47.84
3.072820,47.86
3.072367,47.88
3.071904,47.89
3.071451,47.91
3.070998,47.92
3.070546,47.93
3.070093,47.93
3.069632,47.92
3.069179,47.92
3.068727,47.91
3.068275,47.90
3.067823,47.89
3.067362,47.88
3.066911,47.88
3.066459,47.87
3.066008,47.87
3.065548,47.86
3.065097,47.86
3.064646,47.86
3.064195,47.86
3.063744,47.86
3.063284,47.86
3.062834,47.86
3.062384,47.85
3.061934,47.85
3.061484,47.84
3.061025,47.83
3.060575,47.83
3.060125,47.84
3.059676,47.85
3.059227,47.86
3.058768,47.89
3.058319,47.91
3.057870,47.93
3.057421,47.95
3.056963,47.96
3.056515,47.97
3.056067,47.96
3.055618,47.95
3.055170,47.93
3.054713,47.91
3.054265,47.89
3.053817,47.87
3.053370,47.85
3.052922,47.85
3.052466,47.85
3.052019,47.86
3.051572,47.87
3.051125,47.88
3.050669,47.90
3.050222,47.92
3.049775,47.93
3.049329,47.95
3.048883,47.96
3.048427,47.97
3.047981,47.98
3.047535,47.99
3.047090,48.00
3.046644,48.00
3.046189,48.01
3.045744,48.01
3.045299,48.01
3.044854,48.01
3.044400,48.01
3.043955,48.01
3.043510,48.01
3.043065,48.02
3.042621,48.04
3.042167,48.07
3.041723,48.09
3.041279,48.11
3.040835,48.13
3.040392,48.13
3.039939,48.13
3.039495,48.12
3.039052,48.09
3.038609,48.07
3.038165,48.04
3.037713,48.01
3.037270,47.99
3.036828,47.98
3.036385,47.97
3.035933,47.98
3.035491,47.99
3.035049,48.02
3.034607,48.05
3.034165,48.08
3.033714,48.10
3.033272,48.13
3.032830,48.14
3.032389,48.15
3.031948,48.15
3.031497,48.15
3.031056,48.14
3.030615,48.14
3.030174,48.13
3.029725,48.13
3.029284,48.14
3.028844,48.15
3.028403,48.16
3.027963,48.17
3.027514,48.18
3.027074,48.19
3.026634,48.19
3.026195,48.20
3.025755,48.20
3.025307,48.20
3.024867,48.21
3.024428,48.22
3.023989,48.23
3.023541,48.25
3.023103,48.26
3.022664,48.27
3.022225,48.27
3.021787,48.27
3.021340,48.27
3.020902,48.27
3.020464,48.26
3.020026,48.27
3.019588,48.27
3.019141,48.28
3.018704,48.29
3.018267,48.30
3.017829,48.30
3.017392,48.29
3.016946,48.28
3.016509,48.27
3.016073,48.26
3.015636,48.25
3.015191,48.24
3.014754,48.24
3.014318,48.25
3.013882,48.26
3.013446,48.26
3.013001,48.27
3.012565,48.28
3.012130,48.29
3.011694,48.29
3.011259,48.30
3.010815,48.30
3.010380,48.31
3.009945,48.31
3.009510,48.30
3.009066,48.30
3.008632,48.29
3.008197,48.28
3.007763,48.27
3.007329,48.26
3.006886,48.26
3.006452,48.26
3.006018,48.26
3.005584,48.27
3.005151,48.29
3.004708,48.31
3.004275,48.32
3.003842,48.34
3.003409,48.35
3.002976,48.35
3.002534,48.35
3.002101,48.35
3.001669,48.34
3.001237,48.34
3.000795,48.34
3.000363,48.34
2.999931,48.35
2.999499,48.35
2.999067,48.36
2.998627,48.37
2.998195,48.37
2.997764,48.38
2.997332,48.39
2.996901,48.40
2.996461,48.41
2.996030,48.41
2.995599,48.41
2.995169,48.42
2.994729,48.41
2.994299,48.41
2.993869,48.41
2.993438,48.41
2.993008,48.41
2.992569,48.41
2.992140,48.40
2.991710,48.39
2.991280,48.37
2.990851,48.35
2.990413,48.33
2.989984,48.33
2.989554,48.33
2.989126,48.34
2.988688,48.35
2.988259,48.37
2.987831,48.39
2.987402,48.41
2.986974,48.42
2.986537,48.43
2.986109,48.44
2.985681,48.45
2.985253,48.45
2.984825,48.45
2.984389,48.45
2.983961,48.45
2.983534,48.45
2.983107,48.45
2.982680,48.45
2.982244,48.46
2.981817,48.46
2.981390,48.46
2.980964,48.46
2.980528,48.46
2.980102,48.47
2.979676,48.47
2.979250,48.48
2.978824,48.50
2.978389,48.52
2.977963,48.54
2.977537,48.55
2.977112,48.56
2.976687,48.57
2.976252,48.56
2.975827,48.56
2.975402,48.56
2.974977,48.56
2.974553,48.57
2.974119,48.59
2.973695,48.62
2.973270,48.65
2.972846,48.67
2.972413,48.69
2.971989,48.71
2.971565,48.72
2.971141,48.72
2.970718,48.71
2.970285,48.70
2.969862,48.69
2.969439,48.68
2.969015,48.67
2.968592,48.67
2.968161,48.67
2.967738,48.66
2.967315,48.66
2.966892,48.66
2.966461,48.66
2.966039,48.65
2.965617,48.65
2.965195,48.64
2.964773,48.64
2.964342,48.64
2.963920,48.65
2.963499,48.67
2.963077,48.69
2.962656,48.71
2.962226,48.73
2.961805,48.75
2.961384,48.76
2.960963,48.77
2.960533,48.78
2.960112,48.79
2.959692,48.79
2.959272,48.79
2.958851,48.78
2.958422,48.78
2.958002,48.77
2.957582,48.77
2.957163,48.77
2.956743,48.77
2.956315,48.77
2.955895,48.78
2.955476,48.79
2.955057,48.81
2.954637,48.82
2.954210,48.83
2.953791,48.83
2.953372,48.82
2.952954,48.81
2.952526,48.78
2.952108,48.75
2.951690,48.73
2.951272,48.71
2.950854,48.70
2.950427,48.70
2.950009,48.72
2.949591,48.74
2.949174,48.77
2.948757,48.80
2.948331,48.82
2.947913,48.84
2.947496,48.86
2.947079,48.87
2.946654,48.89
2.946237,48.90
2.945820,48.92
2.945404,48.93
2.944988,48.93
2.944563,48.92
2.944147,48.91
2.943731,48.90
2.943315,48.89
2.942899,48.89
2.942475,48.89
2.942059,48.89
2.941644,48.89
2.941228,48.90
2.940805,48.90
2.940389,48.89
2.939975,48.88
2.939560,48.87
2.939145,48.86
2.938722,48.84
2.938307,48.83
2.937893,48.82
2.937479,48.82
2.937065,48.81
2.936642,48.81
2.936228,48.81
2.935814,48.81
2.935401,48.81
2.934987,48.81
2.934565,48.81
2.934152,48.82
2.933739,48.83
2.933326,48.84
2.932904,48.86
2.932491,48.87
2.932078,48.89
2.931666,48.91
2.931253,48.93
2.930832,48.95
2.930420,48.96
2.930008,48.96
2.929596,48.97
2.929184,48.97
2.928764,48.98
2.928352,48.99
2.927940,48.99
2.927529,49.00
2.927109,49.00
2.926698,49.00
2.926287,49.00
2.925876,48.99
2.925465,48.99
2.925046,48.99
2.924635,48.99
2.924225,49.01
2.923814,49.03
2.923404,49.05
2.922985,49.07
2.922575,49.08
2.922165,49.09
2.921755,49.09
2.921346,49.09
2.920928,49.09
2.920518,49.09
2.920109,49.09
2.919700,49.10
2.919282,49.11
2.918873,49.12
2.918464,49.13
2.918055,49.14
2.917647,49.16
2.917229,49.17
2.916821,49.18
2.916413,49.19
2.916004,49.19
2.915596,49.20
2.915180,49.20
2.914772,49.20
2.914364,49.20
2.913957,49.20
2.913541,49.21
2.913133,49.21
2.912726,49.22
2.912319,49.23
2.911912,49.24
2.911496,49.25
2.911090,49.26
2.910683,49.27
2.910276,49.27
2.909870,49.27
2.909455,49.25
2.909049,49.23
2.908642,49.21
2.908236,49.18
2.907822,49.16
2.907416,49.16
2.907011,49.16
2.906605,49.17
2.906200,49.19
2.905786,49.21
2.905380,49.22
2.904975,49.23
2.904570,49.24
2.904165,49.25
2.903752,49.26
2.903348,49.28
2.902943,49.30
2.902539,49.32
2.902134,49.34
2.901722,49.36
2.901317,49.37
2.900913,49.36
2.900510,49.36
2.900097,49.34
2.899694,49.33
2.899290,49.33
2.898887,49.32
2.898484,49.32
2.898072,49.32
2.897669,49.32
2.897266,49.32
2.896863,49.31
2.896460,49.31
2.896049,49.31
2.895647,49.30
2.895244,49.31
2.894842,49.31
2.894431,49.32
2.894029,49.32
2.893627,49.33
2.893226,49.34
2.892824,49.34
2.892414,49.35
2.892012,49.35
2.891611,49.36
2.891210,49.36
2.890808,49.36
2.890399,49.36
2.889998,49.37
2.889597,49.37
2.889196,49.38
2.888796,49.40
2.888387,49.41
2.887987,49.43
2.887586,49.44
2.887186,49.46
2.886778,49.48
2.886378,49.49
2.885978,49.50
2.885578,49.51
2.885179,49.51
2.884771,49.50
2.884371,49.49
2.883972,49.48
2.883573,49.46
2.883174,49.45
2.882767,49.44
2.882368,49.44
2.881969,49.45
2.881570,49.46
2.881164,49.47
2.880765,49.48
2.880367,49.48
2.879969,49.49
2.879571,49.49
2.879164,49.49
2.878767,49.49
2.878369,49.48
2.877971,49.47
2.877574,49.46
2.877168,49.45
2.876771,49.45
2.876373,49.45
2.875976,49.47
2.875579,49.49
2.875174,49.52
2.874778,49.55
2.874381,49.58
2.873984,49.60
2.873580,49.62
2.873183,49.63
2.872787,49.64
2.872391,49.64
2.871995,49.64
2.871591,49.63
2.871195,49.63
2.870800,49.62
2.870404,49.61
2.870009,49.60
2.869605,49.59
2.869210,49.58
2.868815,49.58
2.868420,49.58
2.868017,49.58
2.867622,49.59
2.867227,49.59
2.866833,49.61
2.866438,49.62
2.866036,49.63
2.865642,49.64
2.865247,49.64
2.864853,49.65
2.864460,49.65
2.864058,49.65
2.863664,49.65
2.863270,49.65
2.862877,49.65
2.862475,49.65
2.862082,49.66
2.861689,49.67
2.861296,49.68
2.860903,49.68
2.860502,49.69
2.860109,49.69
2.859717,49.68
2.859324,49.68
2.858932,49.67
2.858531,49.66
2.858139,49.65
2.857747,49.64
2.857355,49.64
2.856963,49.65
2.856563,49.66
2.856172,49.69
2.855780,49.72
2.855389,49.76
2.854989,49.79
2.854598,49.82
2.854207,49.83
2.853816,49.83
2.853425,49.83
2.853026,49.81
2.852636,49.80
2.852245,49.79
2.851855,49.77
2.851464,49.76
2.851066,49.75
2.850676,49.75
2.850286,49.75
2.849896,49.76
2.849498,49.77
2.849108,49.79
2.848719,49.81
2.848329,49.82
2.847940,49.83
2.847543,49.83
2.847153,49.84
2.846764,49.83
2.846375,49.83
2.845987,49.82
2.845590,49.82
2.845201,49.81
2.844813,49.80
2.844424,49.79
2.844028,49.79
2.843640,49.79
2.843252,49.80
2.842864,49.81
2.842476,49.82
2.842080,49.84
2.841692,49.85
2.841305,49.86
2.840917,49.88
2.840530,49.90
2.840135,49.93
2.839747,49.96
2.839360,49.99
2.838973,50.01
2.838587,50.03
2.838192,50.04
2.837805,50.03
2.837419,50.02
2.837032,50.01
2.836638,50.01
2.836252,50.01
2.835866,50.01
2.835480,50.02
2.835094,50.04
2.834700,50.05
2.834314,50.06
2.833929,50.07
2.833543,50.07
2.833158,50.08
2.832765,50.08
2.832380,50.07
2.831995,50.05
2.831610,50.03
2.831217,50.00
2.830832,49.97
2.830448,49.94
2.830063,49.92
2.829679,49.91
2.829287,49.91
2.828902,49.93
2.828518,49.95
2.828134,49.98
2.827750,50.01
2.827359,50.03
2.826975,50.05
2.826591,50.06
2.826208,50.06
2.825825,50.06
2.825433,50.05
2.825050,50.04
2.824667,50.03
2.824284,50.03
2.823894,50.02
2.823511,50.03
2.823128,50.05
2.822746,50.07
2.822363,50.11
2.821973,50.15
2.821591,50.19
2.821209,50.21
2.820827,50.22
2.820445,50.21
2.820055,50.18
2.819673,50.16
2.819292,50.14
2.818910,50.14
2.818521,50.14
2.818140,50.16
2.817759,50.18
2.817378,50.20
2.816997,50.23
2.816608,50.25
2.816227,50.26
2.815846,50.26
2.815466,50.25
2.815085,50.22
2.814697,50.18
2.814317,50.14
2.813937,50.10
2.813557,50.07
2.813177,50.05
2.812789,50.04
2.812409,50.05
2.812030,50.06
2.811650,50.08
2.811263,50.10
2.810884,50.12
2.810505,50.14
2.810125,50.15
2.809746,50.16
2.809360,50.18
2.808981,50.20
2.808602,50.22
2.808224,50.25
2.807845,50.27
2.807459,50.28
2.807081,50.30
2.806702,50.30
2.806324,50.31
2.805938,50.33
2.805561,50.35
2.805183,50.38
2.804805,50.43
2.804428,50.49
2.804042,50.55
2.803665,50.59
2.803288,50.60
2.802911,50.58
2.802533,50.53
2.802149,50.48
2.801772,50.43
2.801395,50.39
2.801018,50.36
2.800634,50.34
2.800258,50.34
2.799881,50.34
2.799505,50.35
2.799129,50.37
2.798745,50.39
2.798369,50.41
2.797993,50.42
2.797618,50.43
2.797242,50.44
2.796859,50.44
2.796483,50.43
2.796108,50.43
2.795733,50.42
2.795357,50.41
2.794975,50.41
2.794600,50.42
2.794225,50.44
2.793850,50.47
2.793468,50.51
2.793093,50.54
2.792719,50.57
2.792345,50.60
2.791970,50.61
2.791588,50.61
2.791214,50.60
2.790840,50.60
2.790467,50.59
2.790093,50.59
2.789712,50.60
2.789338,50.62
2.788965,50.66
2.788591,50.72
2.788210,50.78
2.787837,50.83
2.787464,50.85
2.787091,50.84
2.786718,50.81
2.786338,50.77
2.785965,50.73
2.785593,50.70
2.785221,50.67
2.784848,50.66
2.784468,50.65
2.784096,50.65
2.783724,50.64
2.783352,50.64
2.782980,50.63
2.782601,50.63
2.782229,50.63
2.781858,50.63
2.781486,50.65
2.781107,50.67
2.780736,50.70
2.780365,50.74
2.779994,50.78
2.779623,50.82
2.779245,50.86
2.778874,50.90
2.778503,50.93
2.778133,50.95
2.777762,50.95
2.777384,50.93
2.777014,50.90
2.776644,50.87
2.776274,50.83
2.775896,50.80
2.775527,50.78
2.775157,50.76
2.774787,50.76
2.774418,50.76
2.774041,50.77
2.773671,50.78
2.773302,50.79
2.772933,50.81
2.772564,50.81
2.772187,50.82
2.771818,50.81
2.771450,50.80
2.771081,50.78
2.770705,50.77
2.770336,50.76
2.769968,50.76
2.769600,50.77
2.769232,50.78
2.768856,50.81
2.768488,50.85
2.768120,50.90
2.767752,50.95
2.767385,50.99
2.767009,51.02
2.766642,51.03
2.766275,51.04
2.765907,51.05
2.765540,51.07
2.765166,51.09
2.764799,51.12
2.764432,51.15
2.764065,51.18
2.763691,51.18
2.763324,51.16
2.762958,51.12
2.762591,51.06
2.762225,50.99
2.761851,50.94
2.761485,50.90
2.761119,50.88
2.760753,50.87
2.760387,50.87
2.760014,50.88
2.759648,50.90
2.759283,50.92
2.758918,50.95
2.758545,50.98
2.758179,51.02
2.757814,51.06
2.757449,51.11
2.757084,51.18
2.756712,51.26
2.756347,51.34
2.755983,51.41
2.755618,51.44
2.755254,51.40
2.754882,51.34
2.754517,51.28
2.754153,51.23
2.753789,51.19
2.753425,51.17
2.753054,51.15
2.752690,51.12
2.752326,51.09
2.751963,51.04
2.751592,50.99
2.751228,50.93
2.750865,50.88
2.750502,50.84
2.750139,50.82
2.749768,50.81
2.749405,50.81
2.749043,50.82
2.748680,50.83
2.748317,50.85
2.747947,50.87
2.747585,50.89
2.747223,50.91
2.746860,50.93
2.746491,50.95
2.746129,50.96
2.745767,50.97
2.745405,50.98
2.745043,50.98
2.744674,50.98
2.744312,50.99
2.743951,51.01
2.743590,51.04
2.743228,51.08
2.742860,51.15
2.742499,51.24
2.742138,51.34
2.741777,51.44
2.741416,51.52
2.741048,51.56
2.740687,51.54
2.740327,51.46
2.739966,51.35
2.739598,51.25
2.739238,51.18
2.738878,51.12
2.738518,51.08
2.738158,51.05
2.737791,51.03
2.737431,51.02
2.737071,51.01
2.736712,51.00
2.736352,51.01
2.735986,51.02
2.735626,51.05
2.735267,51.08
2.734908,51.12
2.734542,51.16
2.734183,51.19
2.733824,51.21
2.733465,51.22
2.733107,51.22
2.732741,51.21
2.732382,51.19
2.732024,51.17
2.731666,51.13
2.731308,51.09
2.730942,51.04
2.730584,50.99
2.730226,50.95
2.729869,50.93
2.729503,50.92
2.729146,50.92
2.728788,50.94
2.728431,50.96
2.728074,50.99
2.727709,51.02
2.727352,51.05
2.726995,51.07
2.726638,51.10
2.726281,51.13
2.725917,51.17
2.725561,51.22
2.725204,51.26
2.724848,51.28
2.724491,51.28
2.724128,51.25
2.723771,51.22
2.723415,51.19
2.723059,51.18
2.722696,51.18
2.722340,51.22
2.721985,51.29
2.721629,51.41
2.721274,51.56
2.720911,51.69
2.720555,51.74
2.720200,51.70
2.719845,51.60
2.719490,51.49
2.719128,51.40
2.718773,51.31
2.718418,51.25
2.718063,51.19
2.717701,51.14
2.717347,51.09
2.716993,51.05
2.716638,51.02
2.716284,50.99
2.715923,50.97
2.715569,50.95
2.715215,50.94
2.714861,50.93
2.714507,50.92
2.714146,50.92
2.713793,50.93
2.713439,50.94
2.713086,50.96
2.712732,50.99
2.712372,51.03
2.712019,51.07
2.711666,51.12
2.711313,51.16
2.710953,51.18
2.710600,51.17
2.710247,51.12
2.709895,51.05
2.709542,50.97
2.709183,50.89
2.708831,50.82
2.708478,50.77
2.708126,50.72
2.707774,50.67
2.707415,50.64
2.707063,50.62
2.706712,50.61
2.706360,50.61
2.706001,50.61
2.705650,50.62
2.705298,50.63
2.704947,50.64
2.704596,50.64
2.704238,50.63
2.703887,50.62
2.703536,50.61
2.703185,50.60
2.702834,50.59
2.702476,50.59
2.702126,50.60
2.701775,50.61
2.701425,50.62
2.701067,50.62
2.700717,50.60
2.700367,50.58
2.700017,50.55
2.699667,50.51
2.699310,50.48
2.698961,50.45
2.698611,50.43
2.698262,50.42
2.697912,50.42
2.697555,50.44
2.697206,50.48
2.696857,50.54
2.696508,50.61
2.696159,50.70
2.695803,50.79
2.695454,50.87
2.695105,50.90
2.694757,50.88
2.694401,50.79
2.694053,50.67
2.693704,50.56
2.693356,50.46
2.693008,50.39
2.692653,50.33
2.692305,50.30
2.691957,50.27
2.691609,50.25
2.691261,50.24
2.690906,50.23
2.690559,50.22
2.690211,50.21
2.689864,50.21
2.689510,50.21
2.689162,50.22
2.688815,50.23
2.688468,50.25
2.688121,50.28
2.687767,50.31
2.687421,50.37
2.687074,50.43
2.686728,50.50
2.686381,50.56
2.686028,50.62
2.685681,50.65
2.685335,50.66
2.684989,50.65
2.684643,50.62
2.684290,50.58
2.683944,50.53
2.683598,50.48
2.683253,50.45
2.682900,50.42
2.682555,50.41
2.682209,50.42
2.681864,50.44
2.681519,50.48
2.681166,50.52
2.680821,50.58
2.680476,50.64
2.680132,50.70
2.679787,50.76
2.679435,50.80
2.679091,50.83
2.678746,50.87
2.678402,50.91
2.678050,50.97
2.677706,51.02
2.677362,51.05
2.677018,51.03
2.676674,50.95
2.676323,50.83
2.675979,50.71
2.675635,50.61
2.675292,50.52
2.674948,50.45
2.674598,50.39
2.674254,50.35
2.673911,50.31
2.673568,50.27
2.673225,50.24
2.672875,50.22
2.672532,50.20
2.672189,50.20
2.671846,50.22
2.671497,50.27
2.671154,50.37
2.670812,50.51
2.670469,50.66
2.670127,50.79
2.669778,50.87
2.669436,50.92
2.669094,50.93
2.668752,50.94
2.668410,50.94
2.668061,50.95
2.667720,50.97
2.667378,50.99
2.667036,51.01
2.666688,50.99
2.666347,50.92
2.666005,50.78
2.665664,50.62
2.665323,50.46
2.664975,50.34
2.664634,50.26
2.664294,50.21
2.663953,50.20
2.663612,50.19
2.663265,50.20
2.662924,50.22
2.662584,50.24
2.662244,50.27
2.661897,50.29
2.661556,50.31
2.661216,50.32
2.660877,50.31
2.660537,50.28
2.660190,50.24
2.659850,50.20
2.659511,50.15
2.659171,50.12
2.658832,50.11
2.658486,50.10
2.658146,50.11
2.657807,50.13
2.657468,50.16
2.657129,50.19
2.656783,50.23
2.656445,50.26
2.656106,50.28
2.655767,50.30
2.655422,50.30
2.655083,50.29
2.654745,50.28
2.654407,50.28
2.654069,50.29
2.653724,50.30
2.653386,50.31
2.653048,50.32
2.652710,50.31
2.652372,50.27
2.652027,50.22
2.651690,50.17
2.651352,50.13
2.651015,50.09
2.650671,50.08
2.650334,50.08
2.649996,50.09
2.649659,50.11
2.649322,50.13
2.648979,50.16
2.648642,50.17
2.648305,50.19
2.647968,50.20
2.647632,50.22
2.647289,50.24
2.646952,50.26
2.646616,50.29
2.646280,50.31
2.645937,50.31
2.645601,50.30
2.645265,50.27
2.644929,50.24
2.644593,50.20
2.644250,50.17
2.643915,50.14
2.643579,50.12
2.643244,50.11
2.642909,50.11
2.642566,50.12
2.642231,50.14
2.641896,50.15
2.641561,50.16
2.641226,50.16
2.640885,50.16
2.640550,50.16
2.640215,50.16
2.639881,50.16
2.639539,50.17
2.639205,50.17
2.638871,50.17
2.638536,50.17
2.638202,50.16
2.637861,50.14
2.637527,50.12
2.637193,50.11
2.636860,50.10
2.636526,50.10
2.636185,50.11
2.635852,50.14
2.635518,50.18
2.635185,50.22
2.634845,50.27
2.634512,50.31
2.634178,50.35
2.633845,50.37
2.633512,50.38
2.633173,50.39
2.632840,50.40
2.632507,50.42
2.632175,50.45
2.631842,50.51
2.631503,50.60
2.631170,50.70
2.630838,50.79
2.630506,50.85
2.630174,50.84
2.629835,50.79
2.629503,50.73
2.629171,50.68
2.628839,50.63
2.628501,50.60
2.628169,50.59
2.627838,50.59
2.627506,50.59
2.627175,50.59
2.626837,50.58
2.626506,50.55
2.626175,50.50
2.625844,50.44
2.625513,50.39
2.625175,50.34
2.624844,50.29
2.624513,50.25
2.624183,50.22
2.623846,50.20
2.623515,50.18
2.623185,50.17
2.622855,50.17
2.622524,50.17
2.622187,50.20
2.621857,50.24
2.621527,50.31
2.621198,50.40
2.620868,50.50
2.620531,50.59
2.620202,50.66
2.619872,50.69
2.619543,50.72
2.619214,50.74
2.618877,50.78
2.618548,50.84
2.618219,50.91
2.617890,50.99
2.617554,51.04
2.617226,51.01
2.616897,50.91
2.616568,50.76
2.616240,50.62
2.615904,50.51
2.615576,50.44
2.615247,50.40
2.614919,50.38
2.614591,50.38
2.614256,50.39
2.613928,50.41
2.613600,50.43
2.613272,50.43
2.612938,50.42
2.612610,50.39
2.612282,50.36
2.611955,50.33
2.611627,50.31
2.611293,50.31
2.610966,50.33
2.610639,50.38
2.610312,50.45
2.609985,50.52
2.609651,50.59
2.609324,50.64
2.608997,50.67
2.608671,50.68
2.608344,50.68
2.608011,50.68
2.607684,50.69
2.607358,50.73
2.607032,50.79
2.606699,50.87
2.606373,50.98
2.606047,51.08
2.605721,51.17
2.605395,51.21
2.605062,51.18
2.604736,51.09
2.604411,50.96
2.604085,50.82
2.603760,50.71
2.603428,50.63
2.603102,50.57
2.602777,50.55
2.602452,50.53
2.602120,50.53
2.601795,50.51
2.601470,50.50
2.601146,50.47
2.600821,50.44
2.600489,50.42
2.600165,50.40
2.599840,50.38
2.599516,50.37
2.599192,50.37
2.598861,50.38
2.598537,50.39
2.598212,50.41
2.597888,50.44
2.597558,50.48
2.597234,50.52
2.596910,50.58
2.596587,50.65
2.596263,50.73
2.595933,50.83
2.595609,50.92
2.595286,50.98
2.594963,50.99
2.594639,50.94
2.594310,50.88
2.593987,50.81
2.593664,50.75
2.593341,50.68
2.593018,50.62
2.592689,50.56
2.592366,50.51
2.592043,50.46
2.591721,50.43
2.591392,50.41
2.591070,50.40
2.590747,50.40
2.590425,50.41
2.590103,50.43
2.589775,50.47
2.589453,50.52
2.589131,50.59
2.588809,50.67
2.588487,50.76
2.588159,50.83
2.587838,50.88
2.587516,50.89
2.587195,50.87
2.586867,50.83
2.586546,50.79
2.586225,50.75
2.585904,50.72
2.585583,50.71
2.585255,50.72
2.584934,50.76
2.584614,50.82
2.584293,50.87
2.583973,50.90
2.583646,50.90
2.583325,50.88
2.583005,50.86
2.582685,50.84
2.582358,50.83
2.582038,50.83
2.581718,50.82
2.581398,50.79
2.581078,50.74
2.580752,50.68
2.580432,50.62
2.580112,50.57
2.579793,50.53
2.579474,50.50
2.579148,50.50
2.578828,50.50
2.578509,50.52
2.578190,50.55
2.577871,50.60
2.577545,50.64
2.577227,50.68
2.576908,50.70
2.576589,50.71
2.576264,50.71
2.575945,50.70
2.575627,50.69
2.575308,50.69
2.574990,50.70
2.574665,50.72
2.574347,50.74
2.574029,50.75
2.573711,50.75
2.573393,50.72
2.573069,50.69
2.572751,50.67
2.572433,50.65
2.572116,50.65
2.571792,50.66
2.571474,50.69
2.571157,50.73
2.570839,50.79
2.570522,50.84
2.570199,50.88
2.569882,50.89
2.569565,50.88
2.569248,50.84
2.568931,50.78
2.568608,50.73
2.568291,50.69
2.567974,50.67
2.567658,50.66
2.567341,50.67
2.567018,50.69
2.566702,50.73
2.566386,50.77
2.566070,50.83
2.565747,50.88
2.565431,50.93
2.565115,50.97
2.564800,50.98
2.564484,50.98
2.564162,50.95
2.563846,50.92
2.563531,50.89
2.563215,50.87
2.562900,50.86
2.562578,50.87
2.562263,50.90
2.561948,50.94
2.561633,51.00
2.561311,51.04
2.560997,51.06
2.560682,51.05
2.560367,51.01
2.560052,50.96
2.559731,50.91
2.559417,50.86
2.559102,50.82
2.558788,50.78
2.558474,50.76
2.558153,50.74
2.557839,50.73
2.557525,50.71
2.557211,50.70
2.556897,50.69
2.556577,50.69
2.556263,50.68
2.555950,50.69
2.555636,50.69
2.555316,50.70
2.555003,50.71
2.554690,50.72
2.554376,50.74
2.554063,50.76
2.553744,50.78
2.553431,50.80
2.553118,50.82
2.552805,50.84
2.552492,50.85
2.552173,50.85
2.551860,50.85
2.551548,50.85
2.551235,50.85
2.550916,50.85
2.550604,50.84
2.550292,50.83
2.549980,50.82
2.549668,50.80
2.549349,50.78
2.549037,50.77
2.548725,50.77
2.548413,50.78
2.548102,50.81
2.547784,50.84
2.547472,50.87
2.547161,50.89
2.546849,50.91
2.546531,50.91
2.546220,50.91
2.545909,50.90
2.545598,50.89
2.545287,50.87
2.544970,50.86
2.544659,50.85
2.544348,50.85
2.544037,50.85
2.543727,50.86
2.543410,50.87
2.543099,50.88
2.542789,50.89
2.542478,50.89
2.542168,50.89
2.541852,50.89
2.541541,50.89
2.541231,50.89
2.540922,50.90
2.540605,50.90
2.540295,50.91
2.539986,50.90
2.539676,50.90
2.539367,50.89
2.539051,50.89
2.538741,50.89
2.538432,50.90
2.538123,50.92
2.537813,50.94
2.537498,50.97
2.537189,50.98
2.536880,50.98
2.536571,50.97
2.536256,50.94
2.535947,50.91
2.535638,50.88
2.535330,50.86
2.535021,50.85
2.534706,50.86
2.534398,50.88
2.534090,50.91
2.533782,50.93
2.533474,50.95
2.533159,50.95
2.532851,50.95
2.532543,50.94
2.532235,50.92
2.531928,50.90
2.531614,50.88
2.531306,50.88
2.530998,50.87
2.530691,50.88
2.530377,50.88
2.530070,50.88
2.529763,50.89
2.529456,50.89
2.529148,50.90
2.528835,50.92
2.528528,50.94
2.528221,50.96
2.527914,50.98
2.527608,51.01
2.527295,51.02
2.526988,51.03
2.526682,51.04
2.526375,51.03
2.526063,51.02
2.525756,51.00
2.525450,50.99
2.525144,50.97
2.524838,50.95
2.524526,50.94
2.524220,50.93
2.523914,50.93
2.523608,50.94
2.523303,50.97
2.522991,50.99
2.522685,51.03
2.522380,51.06
2.522074,51.09
2.521763,51.12
2.521458,51.14
2.521152,51.16
2.520847,51.18
2.520542,51.20
2.520231,51.21
2.519926,51.23
2.519622,51.24
2.519317,51.26
2.519012,51.26
2.518701,51.26
2.518397,51.26
2.518092,51.25
2.517788,51.24
2.517484,51.23
2.517173,51.23
2.516869,51.22
2.516565,51.22
2.516261,51.21
2.515951,51.20
2.515647,51.19
2.515344,51.17
2.515040,51.16
2.514736,51.15
2.514427,51.15
2.514123,51.16
2.513820,51.17
2.513516,51.18
2.513213,51.20
2.512904,51.21
2.512601,51.21
2.512298,51.21
2.511995,51.21
2.511686,51.21
2.511383,51.21
2.511080,51.21
2.510778,51.21
2.510475,51.22
2.510166,51.23
2.509864,51.24
2.509561,51.25
2.509259,51.27
2.508957,51.28
2.508649,51.28
2.508347,51.27
2.508045,51.26
2.507743,51.24
2.507435,51.22
2.507133,51.21
2.506831,51.21
2.506530,51.23
2.506228,51.25
2.505920,51.27
2.505619,51.28
2.505318,51.29
2.505016,51.29
2.504715,51.27
2.504408,51.24
2.504107,51.21
2.503806,51.18
2.503505,51.15
2.503204,51.12
2.502897,51.10
2.502596,51.09
2.502296,51.09
2.501995,51.09
2.501689,51.10
2.501388,51.11
2.501088,51.13
2.500788,51.14
2.500488,51.16
2.500181,51.17
2.499881,51.19
