17.241379,7.02
17.227122,7.24
17.212889,7.45
17.198679,7.65
17.184493,7.82
17.170035,7.95
17.155896,8.04
17.141780,8.08
17.127687,8.04
17.113324,7.90
17.099278,7.66
17.085255,7.34
17.071255,7.00
17.057278,6.70
17.043034,6.52
17.029103,6.48
17.015195,6.61
17.001309,6.87
16.987446,7.21
16.973318,7.56
16.959501,7.87
16.945706,8.08
16.931934,8.16
16.918184,8.08
16.904170,7.84
16.890465,7.48
16.876783,7.02
16.863122,6.53
16.849200,6.07
16.835584,5.70
16.821990,5.46
16.808418,5.39
16.794867,5.48
16.781058,5.69
16.767551,5.99
16.754067,6.32
16.740604,6.64
16.727163,6.92
16.713464,7.15
16.700067,7.34
16.686691,7.48
16.673336,7.58
16.659725,7.63
16.646414,7.63
16.633123,7.58
16.619854,7.50
16.606606,7.41
16.593104,7.32
16.579899,7.26
16.566714,7.20
16.553551,7.15
16.540408,7.09
16.527013,7.02
16.513913,6.93
16.500833,6.85
16.487774,6.79
16.474736,6.77
16.461447,6.80
16.448451,6.87
16.435474,6.96
16.422519,7.04
16.409314,7.10
16.396399,7.13
16.383505,7.11
16.370631,7.05
16.357777,6.96
16.344677,6.84
16.331863,6.70
16.319070,6.58
16.306297,6.49
16.293544,6.47
16.280546,6.54
16.267834,6.70
16.255141,6.94
16.242468,7.22
16.229551,7.49
16.216917,7.70
16.204304,7.82
16.191710,7.86
16.179135,7.83
16.166319,7.76
16.153784,7.71
16.141268,7.67
16.128772,7.66
16.116295,7.66
16.103578,7.66
16.091140,7.62
16.078721,7.56
16.066322,7.47
16.053684,7.35
16.041322,7.24
16.028980,7.14
16.016657,7.07
16.004353,7.03
15.991812,7.03
15.979546,7.07
15.967299,7.13
15.955071,7.21
15.942861,7.30
15.930416,7.37
15.918244,7.42
15.906090,7.43
15.893956,7.39
15.881839,7.31
15.869489,7.20
15.857410,7.08
15.845349,6.97
15.833307,6.88
15.821032,6.83
15.809027,6.84
15.797040,6.91
15.785070,7.02
15.773119,7.15
15.760938,7.29
15.749024,7.41
15.737127,7.50
15.725248,7.56
15.713388,7.58
15.701298,7.58
15.689474,7.57
15.677667,7.56
15.665878,7.53
15.653862,7.50
15.642109,7.46
15.630373,7.39
15.618655,7.31
15.606954,7.23
15.595028,7.17
15.583363,7.14
15.571716,7.16
15.560085,7.26
15.548472,7.41
15.536635,7.61
15.525057,7.83
15.513497,8.05
15.501953,8.23
15.490427,8.35
15.478678,8.40
15.467186,8.39
15.455712,8.32
15.444254,8.23
15.432575,8.13
15.421152,8.06
15.409745,8.02
15.398355,8.02
15.386983,8.04
15.375390,8.08
15.364051,8.14
15.352729,8.19
15.341423,8.26
15.330134,8.34
15.318627,8.42
15.307372,8.51
15.296133,8.60
15.284911,8.68
15.273472,8.73
15.262282,8.75
15.251110,8.76
15.239953,8.76
15.228813,8.77
15.217457,8.79
15.206350,8.81
15.195259,8.84
15.184184,8.85
15.173125,8.83
15.161853,8.79
15.150826,8.73
15.139816,8.66
15.128822,8.58
15.117615,8.51
15.106653,8.44
15.095707,8.36
15.084776,8.28
15.073862,8.19
15.062736,8.10
15.051854,8.04
15.040987,8.01
15.030135,8.04
15.019300,8.13
15.008255,8.32
14.997450,8.62
14.986662,9.01
14.975889,9.45
14.965131,9.79
14.954165,9.90
14.943439,9.79
14.932728,9.54
14.922032,9.26
14.911130,9.00
14.900465,8.80
14.889815,8.65
14.879181,8.55
14.868562,8.51
14.857737,8.51
14.847149,8.53
14.836575,8.57
14.826017,8.60
14.815473,8.63
14.804726,8.66
14.794213,8.68
14.783714,8.71
14.773231,8.74
14.762544,8.76
14.752091,8.77
14.741653,8.75
14.731229,8.70
14.720820,8.62
14.710209,8.52
14.699829,8.43
14.689465,8.35
14.679115,8.31
14.668779,8.30
14.658243,8.31
14.647937,8.32
14.637645,8.32
14.627368,8.30
14.617105,8.27
14.606643,8.23
14.596409,8.20
14.586190,8.19
14.575985,8.21
14.565582,8.25
14.555405,8.32
14.545243,8.38
14.535095,8.44
14.524961,8.47
14.514631,8.48
14.504525,8.47
14.494434,8.44
14.484357,8.40
14.474294,8.37
14.464035,8.35
14.454000,8.33
14.443979,8.32
14.433972,8.30
14.423770,8.28
14.413791,8.24
14.403826,8.18
14.393874,8.11
14.383936,8.04
14.373805,7.97
14.363895,7.91
14.353998,7.86
14.344115,7.83
14.334246,7.80
14.324185,7.77
14.314343,7.74
14.304515,7.71
14.294700,7.67
14.284898,7.63
14.274906,7.60
14.265132,7.59
14.255371,7.59
14.245623,7.62
14.235686,7.67
14.225965,7.72
14.216258,7.77
14.206563,7.82
14.196882,7.84
14.187013,7.83
14.177359,7.78
14.167717,7.71
14.158089,7.62
14.148474,7.52
14.138672,7.42
14.129083,7.33
14.119508,7.25
14.109945,7.19
14.100196,7.14
14.090659,7.10
14.081136,7.08
14.071625,7.07
14.062126,7.08
14.052444,7.10
14.042971,7.15
14.033512,7.22
14.024065,7.29
14.014631,7.35
14.005014,7.40
13.995605,7.43
13.986210,7.43
13.976826,7.42
13.967261,7.41
13.957903,7.41
13.948558,7.42
13.939225,7.46
13.929905,7.51
13.920403,7.58
13.911108,7.66
13.901825,7.73
13.892555,7.78
13.883297,7.83
13.873859,7.86
13.864626,7.87
13.855405,7.86
13.846196,7.83
13.837000,7.79
13.827625,7.73
13.818453,7.65
13.809294,7.56
13.800146,7.47
13.790821,7.38
13.781698,7.31
13.772587,7.25
13.763488,7.22
13.754401,7.22
13.745138,7.25
13.736075,7.30
13.727024,7.36
13.717986,7.41
13.708959,7.46
13.699756,7.48
13.690753,7.49
13.681762,7.48
13.672783,7.46
13.663629,7.43
13.654673,7.41
13.645730,7.39
13.636798,7.37
13.627877,7.35
13.618783,7.34
13.609886,7.32
13.601001,7.31
13.592127,7.31
13.583265,7.33
13.574231,7.35
13.565392,7.39
13.556565,7.43
13.547749,7.46
13.538945,7.49
13.529969,7.50
13.521188,7.50
13.512418,7.50
13.503659,7.50
13.494730,7.51
13.485995,7.52
13.477271,7.54
13.468558,7.55
13.459856,7.56
13.450985,7.57
13.442306,7.58
13.433638,7.58
13.424981,7.59
13.416336,7.61
13.407522,7.62
13.398899,7.63
13.390287,7.63
13.381686,7.63
13.372917,7.62
13.364339,7.61
13.355771,7.60
13.347214,7.62
13.338669,7.64
13.329956,7.67
13.321433,7.69
13.312920,7.70
13.304418,7.68
13.295927,7.64
13.287271,7.58
13.278802,7.50
13.270343,7.43
13.261896,7.37
13.253284,7.33
13.244858,7.31
13.236443,7.31
13.228038,7.32
13.219644,7.34
13.211087,7.38
13.202714,7.42
13.194353,7.46
13.186002,7.51
13.177661,7.57
13.169158,7.62
13.160839,7.66
13.152530,7.68
13.144232,7.69
13.135944,7.68
13.127494,7.66
13.119228,7.63
13.110971,7.60
13.102725,7.58
13.094318,7.58
13.086093,7.59
13.077879,7.62
13.069674,7.66
13.061480,7.70
13.053126,7.73
13.044953,7.74
13.036790,7.72
13.028637,7.69
13.020494,7.63
13.012192,7.56
13.004070,7.48
12.995958,7.41
12.987856,7.34
12.979596,7.30
12.971515,7.28
12.963443,7.30
12.955382,7.34
12.947330,7.40
12.939121,7.48
12.931090,7.55
12.923069,7.62
12.915058,7.68
12.907056,7.72
12.898898,7.76
12.890917,7.79
12.882946,7.83
12.874984,7.87
12.867032,7.91
12.858925,7.94
12.850993,7.95
12.843071,7.93
12.835158,7.89
12.827091,7.81
12.819198,7.71
12.811315,7.61
12.803442,7.51
12.795578,7.44
12.787560,7.39
12.779716,7.37
12.771881,7.37
12.764056,7.40
12.756241,7.43
12.748273,7.46
12.740476,7.48
12.732690,7.50
12.724913,7.51
12.716984,7.53
12.709226,7.55
12.701477,7.57
12.693738,7.59
12.686009,7.61
12.678128,7.62
12.670417,7.62
12.662716,7.61
12.655024,7.58
12.647342,7.56
12.639509,7.54
12.631845,7.53
12.624190,7.51
12.616545,7.50
12.608750,7.48
12.601124,7.46
12.593507,7.43
12.585899,7.41
12.578300,7.39
12.570552,7.40
12.562972,7.42
12.555401,7.45
12.547839,7.49
12.540286,7.52
12.532585,7.54
12.525050,7.55
12.517525,7.55
12.510008,7.54
12.502501,7.53
12.494846,7.52
12.487357,7.52
12.479876,7.52
12.472405,7.54
12.464787,7.55
12.457334,7.56
12.449889,7.57
12.442454,7.57
12.435027,7.57
12.427455,7.56
12.420046,7.55
12.412646,7.52
12.405255,7.49
12.397873,7.45
12.390345,7.40
12.382981,7.34
12.375625,7.29
12.368278,7.25
12.360787,7.23
12.353457,7.24
12.346136,7.28
12.338824,7.35
12.331521,7.44
12.324074,7.54
12.316788,7.63
12.309510,7.71
12.302241,7.77
12.294981,7.81
12.287578,7.82
12.280335,7.82
12.273101,7.80
12.265875,7.78
12.258658,7.75
12.251299,7.72
12.244098,7.69
12.236907,7.68
12.229723,7.68
12.222399,7.69
12.215232,7.71
12.208074,7.73
12.200925,7.74
12.193784,7.73
12.186502,7.69
12.179378,7.64
12.172262,7.57
12.165154,7.50
12.158055,7.45
12.150816,7.41
12.143733,7.40
12.136659,7.41
12.129593,7.44
12.122388,7.48
12.115338,7.53
12.108297,7.58
12.101263,7.62
12.094238,7.66
12.087075,7.69
12.080067,7.71
12.073066,7.74
12.066074,7.77
12.059090,7.82
12.051968,7.88
12.045000,7.96
12.038040,8.04
12.031088,8.10
12.024144,8.13
12.017064,8.13
12.010137,8.10
12.003217,8.03
11.996305,7.96
11.989258,7.88
11.982362,7.81
11.975474,7.77
11.968594,7.73
11.961722,7.70
11.954716,7.66
11.947860,7.63
11.941011,7.61
11.934171,7.59
11.927339,7.59
11.920372,7.62
11.913555,7.67
11.906746,7.73
11.899945,7.81
11.893010,7.88
11.886225,7.95
11.879447,8.01
11.872677,8.05
11.865915,8.07
11.859020,8.08
11.852273,8.08
11.845534,8.07
11.838803,8.05
11.832079,8.02
11.825223,7.99
11.818515,7.95
11.811814,7.92
11.805121,7.88
11.798296,7.84
11.791619,7.82
11.784948,7.79
11.778286,7.78
11.771630,7.78
11.764844,7.77
11.758204,7.77
11.751572,7.76
11.744947,7.75
11.738329,7.74
11.731581,7.73
11.724979,7.73
11.718384,7.75
11.711796,7.79
11.705216,7.85
11.698506,7.92
11.691941,8.00
11.685383,8.06
11.678832,8.11
11.672153,8.14
11.665617,8.15
11.659088,8.13
11.652567,8.10
11.646053,8.06
11.639411,8.02
11.632912,7.98
11.626420,7.95
11.619935,7.93
11.613458,7.93
11.606853,7.94
11.600390,7.95
11.593934,7.97
11.587486,7.98
11.580910,7.97
11.574476,7.96
11.568049,7.94
11.561629,7.92
11.555217,7.91
11.548678,7.91
11.542279,7.93
11.535888,7.95
11.529504,7.97
11.523127,7.99
11.516624,8.00
11.510261,8.00
11.503906,8.00
11.497557,7.99
11.491215,7.99
11.484748,7.99
11.478421,8.00
11.472100,8.02
11.465786,8.03
11.459348,8.04
11.453048,8.04
11.446755,8.03
11.440470,8.00
11.434191,7.97
11.427788,7.94
11.421523,7.92
11.415264,7.92
11.409013,7.93
11.402769,7.97
11.396401,8.02
11.390170,8.07
11.383946,8.12
11.377729,8.16
11.371390,8.17
11.365186,8.17
11.358990,8.16
11.352800,8.13
11.346616,8.09
11.340311,8.06
11.334142,8.02
11.327979,7.99
11.321823,7.95
11.315673,7.93
11.309403,7.90
11.303267,7.89
11.297137,7.88
11.291015,7.89
11.284771,7.90
11.278662,7.91
11.272559,7.92
11.266463,7.93
11.260374,7.93
11.254164,7.94
11.248088,7.93
11.242018,7.93
11.235955,7.92
11.229898,7.92
11.223722,7.93
11.217679,7.94
11.211642,7.96
11.205612,7.98
11.199588,8.02
11.193445,8.06
11.187434,8.10
11.181430,8.14
11.175432,8.17
11.169316,8.19
11.163331,8.21
11.157352,8.23
11.151380,8.25
11.145414,8.27
11.139331,8.28
11.133378,8.27
11.127431,8.26
11.121491,8.23
11.115557,8.18
11.109506,8.13
11.103585,8.07
11.097671,8.02
11.091762,7.99
11.085737,7.97
11.079841,7.96
11.073952,7.96
11.068069,7.97
11.062192,7.97
11.056199,7.97
11.050334,7.96
11.044476,7.96
11.038624,7.97
11.032778,7.99
11.026817,8.02
11.020984,8.06
11.015157,8.10
11.009336,8.14
11.003521,8.16
10.997592,8.16
10.991789,8.15
10.985993,8.12
10.980203,8.09
10.974298,8.06
10.968520,8.05
10.962749,8.04
10.956983,8.03
10.951223,8.02
10.945350,8.01
10.939602,7.98
10.933861,7.94
10.928126,7.89
10.922396,7.84
10.916554,7.81
10.910837,7.79
10.905125,7.79
10.899420,7.82
10.893602,7.88
10.887909,7.94
10.882222,8.01
10.876540,8.08
10.870865,8.13
10.865077,8.16
10.859414,8.17
10.853756,8.16
10.848105,8.14
10.842459,8.12
10.836702,8.09
10.831068,8.06
10.825440,8.04
10.819818,8.02
10.814084,7.99
10.808474,7.96
10.802869,7.93
10.797270,7.91
10.791677,7.90
10.785974,7.90
10.780393,7.92
10.774817,7.96
10.769247,8.00
10.763683,8.04
10.758009,8.07
10.752457,8.09
10.746910,8.08
10.741369,8.07
10.735834,8.05
10.730189,8.02
10.724666,8.00
10.719148,7.99
10.713635,7.97
10.708014,7.97
10.702513,7.96
10.697018,7.97
10.691528,7.98
10.686044,7.99
10.680452,8.01
10.674979,8.02
10.669512,8.04
10.664050,8.05
10.658595,8.05
10.653031,8.05
10.647586,8.04
10.642147,8.04
10.636714,8.04
10.631173,8.06
10.625750,8.08
10.620334,8.11
10.614922,8.14
10.609517,8.17
10.604004,8.18
10.598609,8.18
10.593220,8.16
10.587837,8.14
10.582459,8.12
10.576974,8.11
10.571607,8.11
10.566245,8.13
10.560889,8.16
10.555538,8.19
10.550081,8.22
10.544741,8.24
10.539407,8.24
10.534078,8.23
10.528643,8.22
10.523325,8.20
10.518012,8.18
10.512705,8.17
10.507402,8.17
10.501995,8.17
10.496704,8.17
10.491418,8.16
10.486137,8.14
10.480862,8.11
10.475482,8.08
10.470217,8.05
10.464958,8.02
10.459704,8.01
10.454346,8.02
10.449102,8.04
10.443864,8.07
10.438631,8.10
10.433404,8.12
10.428072,8.13
10.422855,8.12
10.417643,8.11
10.412437,8.08
10.407235,8.05
10.401931,8.03
10.396740,8.01
10.391554,7.99
10.386373,7.99
10.381198,8.00
10.375920,8.01
10.370754,8.03
10.365595,8.04
10.360440,8.06
10.355183,8.07
10.350038,8.08
10.344899,8.09
10.339765,8.11
10.334635,8.12
10.329405,8.14
10.324286,8.17
10.319172,8.19
10.314063,8.21
10.308960,8.23
10.303755,8.23
10.298661,8.22
10.293573,8.20
10.288489,8.17
10.283305,8.15
10.278232,8.12
10.273163,8.09
10.268100,8.06
10.263042,8.03
10.257883,7.99
10.252835,7.96
10.247792,7.94
10.242753,7.94
10.237720,7.95
10.232587,7.98
10.227563,8.02
10.222545,8.07
10.217531,8.11
10.212418,8.15
10.207415,8.17
10.202416,8.17
10.197422,8.17
10.192433,8.15
10.187345,8.14
10.182366,8.13
10.177392,8.13
10.172423,8.13
10.167458,8.13
10.162395,8.13
10.157440,8.13
10.152490,8.13
10.147545,8.13
10.142605,8.14
10.137567,8.14
10.132636,8.14
10.127710,8.14
10.122789,8.13
10.117771,8.12
10.112860,8.11
10.107953,8.09
10.103051,8.07
10.098154,8.06
10.093160,8.05
10.088272,8.04
10.083390,8.03
10.078512,8.03
10.073638,8.03
10.068668,8.03
10.063805,8.02
10.058945,8.02
10.054091,8.02
10.049140,8.01
10.044295,8.01
10.039455,8.00
10.034619,7.99
10.029788,7.97
10.024862,7.94
10.020040,7.90
10.015223,7.86
10.010411,7.82
10.005603,7.80
10.000700,7.78
9.995902,7.79
9.991108,7.80
9.986319,7.83
9.981435,7.87
9.976655,7.90
9.971879,7.92
9.967109,7.93
9.962342,7.94
9.957482,7.94
9.952725,7.95
9.947972,7.96
9.943224,7.97
9.938481,8.00
9.933643,8.02
9.928909,8.04
9.924179,8.05
9.919454,8.05
9.914635,8.04
9.909919,8.01
9.905207,7.98
9.900500,7.95
9.895797,7.93
9.891001,7.91
9.886307,7.90
9.881618,7.91
9.876933,7.92
9.872253,7.94
9.867480,7.95
9.862808,7.96
9.858141,7.96
9.853479,7.95
9.848821,7.92
9.844070,7.89
9.839421,7.87
9.834776,7.84
9.830135,7.83
9.825403,7.82
9.820771,7.83
9.816144,7.83
9.811521,7.84
9.806902,7.84
9.802192,7.83
9.797582,7.82
9.792976,7.81
9.788375,7.81
9.783778,7.81
9.779090,7.83
9.774502,7.85
9.769918,7.88
9.765339,7.91
9.760668,7.94
9.756098,7.96
9.751531,7.97
9.746969,7.97
9.742411,7.96
9.737762,7.94
9.733213,7.93
9.728667,7.91
9.724127,7.89
9.719590,7.88
9.714963,7.87
9.710435,7.87
9.705911,7.86
9.701391,7.86
9.696782,7.86
9.692270,7.87
9.687763,7.88
9.683261,7.90
9.678762,7.93
9.674174,7.95
9.669684,7.96
9.665198,7.97
9.660716,7.96
9.656238,7.95
9.651671,7.93
9.647202,7.91
9.642737,7.89
9.638276,7.90
9.633819,7.91
9.629273,7.94
9.624824,7.96
9.620380,7.97
9.615939,7.96
9.611411,7.94
9.606979,7.90
9.602550,7.86
9.598126,7.83
9.593707,7.81
9.589199,7.82
9.584787,7.83
9.580379,7.86
9.575976,7.87
9.571576,7.87
9.567089,7.85
9.562698,7.82
9.558310,7.79
9.553927,7.76
9.549457,7.74
9.545081,7.74
9.540710,7.76
9.536343,7.79
9.531980,7.84
9.527530,7.88
9.523175,7.92
9.518823,7.95
9.514476,7.96
9.510133,7.96
9.505703,7.93
9.501368,7.90
9.497037,7.85
9.492710,7.81
9.488386,7.78
9.483977,7.77
9.479661,7.77
9.475350,7.79
9.471042,7.82
9.466649,7.84
9.462349,7.87
9.458054,7.88
9.453762,7.89
9.449474,7.88
9.445100,7.88
9.440820,7.87
9.436544,7.85
9.432272,7.84
9.428003,7.83
9.423650,7.82
9.419389,7.82
9.415132,7.82
9.410879,7.83
9.406541,7.85
9.402296,7.88
9.398055,7.90
9.393817,7.93
9.389583,7.96
9.385265,7.99
9.381039,8.00
9.376817,8.01
9.372598,7.99
9.368384,7.97
9.364085,7.93
9.359878,7.89
9.355675,7.85
9.351475,7.81
9.347279,7.77
9.343000,7.75
9.338812,7.74
9.334628,7.73
9.330447,7.72
9.326183,7.71
9.322010,7.71
9.317841,7.70
9.313675,7.70
9.309513,7.70
9.305269,7.71
9.301114,7.71
9.296964,7.72
9.292817,7.73
9.288673,7.74
9.284448,7.75
9.280312,7.77
9.276180,7.79
9.272051,7.81
9.267841,7.83
9.263720,7.84
9.259602,7.84
9.255489,7.83
9.251378,7.81
9.247187,7.79
9.243084,7.78
9.238985,7.78
9.234889,7.79
9.230798,7.80
9.226624,7.83
9.222540,7.85
9.218459,7.88
9.214382,7.91
9.210223,7.92
9.206153,7.92
9.202087,7.91
9.198024,7.89
9.193965,7.86
9.189825,7.82
9.185773,7.78
9.181725,7.75
9.177680,7.74
9.173639,7.76
9.169517,7.80
9.165483,7.85
9.161452,7.91
9.157425,7.95
9.153402,7.98
9.149298,7.99
9.145282,7.97
9.141269,7.94
9.137260,7.89
9.133171,7.85
9.129169,7.81
9.125170,7.79
9.121175,7.78
9.117183,7.79
9.113112,7.81
9.109127,7.84
9.105146,7.88
9.101169,7.93
9.097194,7.98
9.093141,8.02
9.089174,8.06
9.085210,8.09
9.081250,8.10
9.077211,8.10
9.073257,8.09
9.069308,8.07
9.065361,8.06
9.061418,8.05
9.057397,8.04
9.053461,8.04
9.049528,8.04
9.045599,8.04
9.041673,8.03
9.037669,8.01
9.033750,7.98
9.029835,7.96
9.025922,7.94
9.022014,7.93
9.018027,7.93
9.014125,7.96
9.010227,8.00
9.006331,8.04
9.002359,8.09
8.998470,8.13
8.994585,8.16
8.990704,8.16
8.986825,8.15
8.982870,8.12
8.978998,8.07
8.975130,8.03
8.971265,8.00
8.967403,7.99
8.963465,7.99
8.959610,8.01
8.955759,8.04
8.951910,8.08
8.947985,8.13
8.944144,8.17
8.940306,8.21
8.936471,8.25
8.932639,8.28
8.928731,8.29
8.924906,8.30
8.921084,8.30
8.917266,8.29
8.913450,8.28
8.909559,8.26
8.905750,8.25
8.901945,8.24
8.898143,8.24
8.894265,8.24
8.890469,8.25
8.886677,8.25
8.882888,8.26
8.879102,8.26
8.875241,8.26
8.871461,8.26
8.867685,8.27
8.863912,8.28
8.860143,8.29
8.856298,8.31
8.852534,8.32
8.848774,8.33
8.845018,8.34
8.841264,8.35
8.837435,8.35
8.833688,8.36
8.829944,8.38
8.826203,8.40
8.822388,8.42
8.818653,8.45
8.814922,8.47
8.811194,8.50
8.807469,8.52
8.803669,8.52
8.799951,8.52
8.796235,8.50
8.792523,8.48
8.788814,8.45
8.785030,8.42
8.781327,8.38
8.777628,8.36
8.773931,8.33
8.770160,8.32
8.766470,8.31
8.762783,8.32
8.759099,8.33
8.755417,8.35
8.751663,8.37
8.747988,8.38
8.744316,8.39
8.740648,8.39
8.736982,8.39
8.733243,8.38
8.729584,8.36
8.725927,8.35
8.722274,8.34
8.718624,8.34
8.714901,8.34
8.711257,8.34
8.707616,8.34
8.703978,8.33
8.700267,8.33
8.696635,8.33
8.693006,8.34
8.689381,8.36
8.685758,8.39
8.682063,8.42
8.678446,8.45
8.674833,8.48
8.671222,8.51
8.667614,8.53
8.663935,8.54
8.660333,8.55
8.656735,8.55
8.653139,8.55
8.649472,8.54
8.645882,8.54
8.642295,8.54
8.638712,8.54
8.635131,8.54
8.631479,8.55
8.627904,8.55
8.624333,8.56
8.620764,8.55
8.617198,8.54
8.613561,8.52
8.610001,8.50
8.606445,8.48
8.602891,8.46
8.599266,8.44
8.595718,8.43
8.592173,8.43
8.588630,8.44
8.585091,8.45
8.581481,8.47
8.577948,8.49
8.574417,8.52
8.570890,8.54
8.567365,8.56
8.563770,8.58
8.560251,8.59
8.556735,8.60
8.553222,8.59
8.549712,8.59
8.546132,8.58
8.542628,8.57
8.539126,8.56
8.535628,8.56
8.532059,8.56
8.528566,8.57
8.525077,8.58
8.521589,8.60
8.518105,8.62
8.514551,8.63
8.511073,8.65
8.507597,8.66
8.504125,8.66
8.500655,8.66
8.497115,8.66
8.493651,8.65
8.490190,8.64
8.486731,8.63
8.483203,8.62
8.479750,8.61
8.476300,8.60
8.472853,8.60
8.469408,8.61
8.465895,8.63
8.462456,8.65
8.459020,8.69
8.455587,8.72
8.452157,8.74
8.448658,8.76
8.445233,8.76
8.441811,8.74
8.438391,8.72
8.434975,8.68
8.431490,8.64
8.428079,8.60
8.424671,8.57
8.421265,8.54
8.417792,8.52
8.414392,8.51
8.410995,8.51
8.407600,8.52
8.404209,8.54
8.400749,8.57
8.397363,8.59
8.393980,8.61
8.390599,8.63
8.387221,8.64
8.383776,8.64
8.380403,8.64
8.377034,8.64
8.373666,8.63
8.370232,8.62
8.366871,8.60
8.363512,8.60
8.360155,8.59
8.356802,8.59
8.353381,8.60
8.350033,8.60
8.346688,8.61
8.343345,8.62
8.340005,8.62
8.336599,8.61
8.333264,8.61
8.329932,8.60
8.326603,8.59
8.323276,8.59
8.319883,8.59
8.316562,8.60
8.313243,8.61
8.309927,8.64
8.306545,8.67
8.303234,8.70
8.299926,8.72
8.296621,8.74
8.293318,8.73
8.289949,8.72
8.286652,8.68
8.283357,8.64
8.280065,8.60
8.276775,8.57
8.273420,8.55
8.270136,8.55
8.266854,8.56
8.263575,8.57
8.260230,8.59
8.256956,8.61
8.253685,8.63
8.250417,8.64
8.247151,8.65
8.243819,8.66
8.240558,8.66
8.237300,8.66
8.234044,8.66
8.230791,8.65
8.227473,8.64
8.224225,8.63
8.220980,8.62
8.217737,8.61
8.214429,8.61
8.211192,8.62
8.207957,8.63
8.204724,8.64
8.201494,8.67
8.198200,8.69
8.194975,8.72
8.191753,8.75
8.188533,8.77
8.185316,8.78
8.182034,8.79
8.178822,8.79
8.175612,8.78
8.172405,8.78
8.169200,8.77
8.165932,8.77
8.162732,8.78
8.159535,8.79
8.156341,8.79
8.153082,8.80
8.149893,8.80
8.146706,8.79
8.143521,8.77
8.140339,8.75
8.137094,8.72
8.133917,8.70
8.130742,8.67
8.127570,8.66
8.124401,8.66
8.121168,8.66
8.118003,8.67
8.114841,8.67
8.111682,8.68
8.108459,8.68
8.105304,8.68
8.102152,8.68
8.099002,8.67
8.095855,8.68
8.092645,8.68
8.089502,8.69
8.086362,8.70
8.083225,8.71
8.080090,8.70
8.076892,8.68
8.073762,8.66
8.070634,8.62
8.067509,8.58
8.064386,8.55
8.061201,8.53
8.058083,8.52
8.054967,8.53
8.051854,8.54
8.048678,8.56
8.045570,8.59
8.042464,8.62
8.039361,8.65
8.036260,8.69
8.033096,8.71
8.030000,8.74
8.026906,8.75
8.023815,8.76
8.020726,8.76
8.017575,8.76
8.014490,8.77
8.011408,8.77
8.008329,8.78
8.005187,8.80
8.002113,8.82
7.999040,8.84
7.995970,8.86
7.992902,8.87
7.989773,8.87
7.986710,8.85
7.983649,8.83
7.980591,8.81
7.977535,8.79
7.974418,8.77
7.971367,8.76
7.968318,8.75
7.965271,8.76
7.962164,8.76
7.959122,8.77
7.956082,8.77
7.953045,8.77
7.950010,8.77
7.946915,8.77
7.943884,8.78
7.940857,8.79
7.937831,8.80
7.934808,8.81
7.931724,8.81
7.928705,8.79
7.925689,8.77
7.922675,8.74
7.919663,8.71
7.916591,8.68
7.913584,8.65
7.910579,8.63
7.907576,8.62
7.904513,8.62
7.901516,8.63
7.898520,8.64
7.895526,8.66
7.892535,8.68
7.889484,8.71
7.886498,8.74
7.883513,8.78
7.880531,8.82
7.877551,8.85
7.874512,8.88
7.871537,8.91
7.868564,8.93
7.865593,8.94
7.862562,8.94
7.859596,8.94
7.856632,8.93
7.853670,8.92
7.850711,8.92
7.847692,8.91
7.844737,8.91
7.841784,8.90
7.838834,8.90
7.835885,8.89
7.832878,8.88
7.829934,8.88
7.826992,8.89
7.824053,8.90
7.821115,8.93
7.818119,8.95
7.815186,8.97
7.812256,8.98
7.809327,8.98
7.806340,8.97
7.803416,8.95
7.800495,8.93
7.797575,8.92
7.794658,8.92
7.791682,8.92
7.788769,8.94
7.785858,8.96
7.782949,8.98
7.780043,9.00
7.777078,9.01
7.774176,9.03
7.771276,9.04
7.768378,9.04
7.765422,9.04
7.762529,9.04
7.759637,9.04
7.756748,9.04
7.753861,9.04
7.750917,9.05
7.748034,9.06
7.745153,9.07
7.742275,9.08
7.739399,9.09
7.736465,9.10
7.733593,9.10
7.730723,9.10
7.727856,9.09
7.724931,9.09
7.722067,9.08
7.719206,9.08
7.716347,9.08
7.713490,9.08
7.710576,9.08
7.707723,9.08
7.704873,9.08
7.702024,9.08
7.699178,9.08
7.696274,9.06
7.693432,9.04
7.690592,9.03
7.687754,9.01
7.684918,9.01
7.682026,9.02
7.679194,9.04
7.676364,9.07
7.673537,9.10
7.670653,9.13
7.667830,9.15
7.665008,9.17
7.662189,9.17
7.659372,9.18
7.656499,9.18
7.653686,9.18
7.650875,9.18
7.648067,9.19
7.645260,9.18
7.642397,9.18
7.639594,9.16
7.636794,9.15
7.633996,9.15
7.631141,9.16
7.628347,9.18
7.625555,9.21
7.622765,9.25
7.619977,9.30
7.617132,9.33
7.614348,9.36
7.611567,9.38
7.608787,9.38
7.606009,9.37
7.603175,9.36
7.600401,9.35
7.597630,9.36
7.594860,9.37
7.592092,9.39
7.589269,9.42
7.586505,9.44
7.583743,9.44
7.580984,9.44
7.578169,9.41
7.575413,9.37
7.572660,9.32
7.569908,9.27
7.567159,9.23
7.564354,9.19
7.561608,9.16
7.558865,9.13
7.556123,9.11
7.553384,9.09
7.550589,9.08
7.547853,9.07
7.545120,9.07
7.542388,9.07
7.539602,9.07
7.536874,9.08
7.534149,9.09
7.531425,9.09
7.528703,9.09
7.525927,9.09
7.523209,9.09
7.520493,9.09
7.517780,9.08
7.515068,9.08
7.512301,9.08
7.509594,9.08
7.506888,9.09
7.504184,9.10
7.501482,9.13
7.498725,9.16
7.496027,9.20
7.493331,9.25
7.490637,9.30
7.487888,9.36
7.485198,9.43
7.482510,9.51
7.479823,9.61
7.477139,9.71
7.474400,9.82
7.471720,9.92
7.469041,9.98
7.466364,9.98
7.463689,9.91
7.460961,9.79
7.458290,9.65
7.455620,9.51
7.452953,9.40
7.450232,9.32
7.447569,9.27
7.444908,9.24
7.442248,9.23
7.439591,9.21
7.436879,9.21
7.434226,9.20
7.431574,9.20
7.428924,9.20
7.426276,9.21
7.423574,9.24
7.420930,9.27
7.418288,9.30
7.415647,9.33
7.412953,9.35
7.410317,9.36
7.407682,9.36
7.405049,9.36
7.402418,9.36
7.399734,9.36
7.397106,9.37
7.394481,9.38
7.391857,9.38
7.389235,9.38
7.386561,9.37
7.383943,9.35
7.381327,9.32
7.378712,9.30
7.376100,9.27
7.373435,9.25
7.370826,9.24
7.368219,9.25
7.365614,9.26
7.362957,9.28
7.360356,9.32
7.357756,9.36
7.355159,9.42
7.352563,9.49
7.349915,9.56
7.347323,9.65
7.344732,9.72
7.342144,9.77
7.339557,9.78
7.336919,9.74
7.334336,9.67
7.331755,9.58
7.329175,9.50
7.326544,9.43
7.323968,9.39
7.321395,9.37
7.318823,9.37
7.316252,9.39
7.313630,9.41
7.311064,9.43
7.308499,9.45
7.305936,9.46
7.303375,9.45
7.300762,9.45
7.298205,9.44
7.295649,9.45
7.293095,9.47
7.290490,9.52
7.287939,9.59
7.285391,9.69
7.282844,9.81
7.280299,9.92
7.277703,10.00
7.275161,10.03
7.272621,9.99
7.270084,9.92
7.267547,9.82
7.264960,9.73
7.262428,9.65
7.259897,9.60
7.257368,9.56
7.254841,9.53
7.252263,9.51
7.249739,9.50
7.247217,9.48
7.244697,9.47
7.242126,9.45
7.239609,9.43
7.237094,9.41
7.234581,9.40
7.232070,9.40
7.229508,9.40
7.227000,9.43
7.224494,9.48
7.221990,9.56
7.219487,9.67
7.216934,9.81
7.214435,9.95
7.211937,10.07
7.209441,10.14
7.206896,10.14
7.204403,10.06
7.201913,9.95
7.199424,9.83
7.196937,9.71
7.194400,9.63
7.191916,9.57
7.189434,9.53
7.186954,9.53
7.184476,9.56
7.181947,9.61
7.179472,9.70
7.176999,9.83
7.174528,9.98
7.172058,10.14
7.169538,10.27
7.167072,10.37
7.164607,10.42
7.162144,10.42
7.159631,10.40
7.157171,10.38
7.154714,10.35
7.152257,10.31
7.149803,10.24
7.147299,10.15
7.144847,10.03
7.142398,9.90
7.139950,9.78
7.137504,9.69
7.135009,9.63
7.132566,9.61
7.130125,9.62
7.127685,9.65
7.125197,9.70
7.122761,9.75
7.120326,9.79
7.117894,9.80
7.115463,9.78
7.112983,9.73
7.110555,9.67
7.108129,9.62
7.105704,9.57
7.103282,9.53
7.100810,9.52
7.098391,9.52
7.095973,9.54
7.093557,9.57
7.091142,9.61
7.088679,9.64
7.086268,9.65
7.083859,9.65
7.081451,9.64
7.078994,9.62
7.076590,9.61
7.074187,9.61
7.071786,9.63
7.069386,9.67
7.066938,9.74
7.064542,9.83
7.062147,9.95
7.059754,10.09
7.057362,10.25
7.054923,10.42
7.052534,10.59
7.050148,10.70
7.047763,10.73
7.045330,10.66
7.042948,10.54
7.040568,10.41
7.038189,10.31
7.035812,10.24
7.033387,10.22
7.031014,10.22
7.028642,10.23
7.026271,10.24
7.023902,10.23
7.021486,10.18
7.019120,10.11
7.016756,10.02
7.014394,9.93
7.011983,9.87
7.009624,9.83
7.007267,9.83
7.004910,9.85
7.002556,9.89
7.000154,9.94
6.997803,9.99
6.995453,10.02
6.993105,10.03
6.990758,10.01
6.988364,9.99
6.986021,9.96
6.983679,9.94
6.981339,9.94
6.979000,9.95
6.976614,9.99
6.974279,10.05
6.971945,10.13
6.969612,10.23
6.967233,10.35
6.964904,10.45
6.962576,10.51
6.960250,10.50
6.957925,10.41
6.955554,10.28
6.953233,10.14
6.950913,10.01
6.948594,9.90
6.946277,9.81
6.943914,9.73
6.941600,9.67
6.939288,9.63
6.936978,9.61
6.934620,9.59
6.932313,9.59
6.930007,9.59
6.927702,9.61
6.925400,9.63
6.923050,9.67
6.920750,9.72
6.918452,9.79
6.916155,9.86
6.913860,9.94
6.911519,10.00
6.909227,10.05
6.906936,10.06
6.904647,10.04
6.902359,10.00
6.900026,9.95
6.897741,9.90
6.895458,9.87
6.893176,9.85
6.890849,9.86
6.888570,9.90
6.886294,9.96
6.884018,10.04
6.881744,10.15
6.879424,10.29
6.877153,10.48
6.874884,10.72
6.872616,11.04
6.870350,11.48
6.868038,12.05
6.865774,12.68
6.863512,13.10
6.861252,13.04
6.858946,12.55
6.856688,11.92
6.854432,11.35
6.852178,10.90
6.849925,10.57
6.847627,10.33
6.845377,10.18
6.843128,10.09
6.840881,10.06
6.838636,10.08
6.836345,10.15
6.834102,10.26
6.831861,10.40
6.829621,10.53
6.827337,10.61
6.825100,10.61
6.822865,10.53
6.820631,10.41
6.818399,10.28
6.816121,10.16
6.813892,10.07
6.811664,10.01
6.809438,9.99
6.807213,10.01
6.804943,10.07
6.802721,10.18
6.800501,10.36
6.798281,10.61
6.796064,10.95
6.793801,11.33
6.791587,11.67
6.789373,11.86
6.787161,11.85
6.784905,11.69
6.782696,11.48
6.780488,11.25
6.778282,11.03
6.776078,10.82
6.773829,10.61
6.771627,10.42
6.769427,10.27
6.767228,10.14
6.765030,10.07
6.762788,10.03
6.760594,10.03
6.758401,10.05
6.756209,10.10
6.753973,10.14
6.751784,10.17
6.749597,10.18
6.747411,10.16
6.745226,10.13
6.742997,10.09
6.740816,10.06
6.738635,10.06
6.736456,10.10
6.734279,10.17
6.732057,10.28
6.729883,10.44
6.727709,10.64
6.725538,10.88
6.723367,11.13
6.721153,11.39
6.718985,11.61
6.716819,11.76
6.714654,11.78
6.712446,11.64
6.710284,11.37
6.708123,11.06
6.705964,10.78
6.703806,10.56
6.701604,10.41
6.699449,10.32
6.697296,10.29
6.695143,10.31
6.692992,10.38
6.690798,10.51
6.688650,10.69
6.686503,10.92
6.684358,11.17
6.682169,11.39
6.680027,11.53
6.677886,11.56
6.675746,11.50
6.673607,11.38
6.671426,11.24
6.669290,11.11
6.667156,10.99
6.665023,10.90
6.662891,10.83
6.660716,10.79
6.658588,10.78
6.656460,10.80
6.654334,10.83
6.652209,10.89
6.650042,10.98
6.647920,11.10
6.645799,11.28
6.643680,11.55
6.641517,11.97
6.639401,12.60
6.637286,13.34
6.635172,13.81
6.633059,13.70
6.630904,13.25
6.628794,12.79
6.626686,12.42
6.624579,12.14
6.622473,11.92
6.620324,11.74
6.618221,11.57
6.616120,11.43
6.614019,11.31
6.611876,11.22
6.609779,11.17
6.607682,11.17
6.605587,11.22
6.603493,11.32
6.601357,11.49
6.599266,11.70
6.597176,11.93
6.595088,12.14
6.593001,12.25
6.590872,12.25
6.588787,12.17
6.586704,12.06
6.584622,11.98
6.582498,11.96
6.580419,12.02
6.578341,12.18
6.576265,12.43
6.574190,12.71
6.572073,12.91
6.570000,12.94
6.567929,12.83
6.565859,12.67
6.563790,12.52
6.561680,12.40
6.559614,12.31
6.557549,12.22
6.555486,12.13
6.553424,12.02
6.551320,11.88
6.549260,11.71
6.547202,11.52
6.545145,11.34
6.543047,11.17
6.540992,11.04
6.538939,10.94
6.536888,10.88
6.534837,10.87
6.532745,10.90
6.530698,10.98
6.528651,11.10
6.526606,11.27
6.524562,11.44
6.522476,11.58
6.520435,11.63
6.518395,11.59
6.516356,11.51
6.514276,11.42
6.512240,11.35
6.510205,11.31
6.508171,11.31
6.506139,11.33
6.504065,11.39
6.502035,11.52
6.500007,11.75
6.497979,12.16
6.495953,12.83
6.493886,13.75
6.491862,14.61
6.489840,14.96
6.487819,14.79
6.485799,14.37
6.483739,13.92
6.481722,13.49
6.479706,13.07
6.477691,12.63
6.475635,12.18
6.473623,11.74
6.471612,11.36
6.469603,11.06
6.467594,10.84
6.465545,10.70
6.463539,10.62
6.461534,10.59
6.459531,10.61
6.457529,10.65
6.455486,10.72
6.453486,10.80
6.451488,10.86
6.449491,10.90
6.447453,10.93
6.445459,10.96
6.443465,11.00
6.441473,11.07
6.439482,11.18
6.437451,11.34
6.435462,11.53
6.433475,11.75
6.431489,11.96
6.429504,12.13
6.427479,12.25
6.425496,12.35
6.423515,12.43
6.421535,12.54
6.419515,12.67
6.417538,12.82
6.415562,12.79
6.413587,12.48
6.411613,12.06
6.409599,11.72
6.407628,11.49
6.405657,11.33
6.403689,11.23
6.401721,11.16
6.399713,11.12
6.397748,11.09
6.395784,11.08
6.393821,11.06
6.391859,11.04
6.389858,11.00
6.387899,10.95
6.385941,10.90
6.383984,10.87
6.381987,10.87
6.380033,10.91
6.378080,10.99
6.376128,11.10
6.374177,11.21
6.372187,11.27
6.370238,11.23
6.368291,11.11
6.366345,10.95
6.364400,10.82
6.362416,10.72
6.360473,10.68
6.358532,10.68
6.356592,10.73
6.354613,10.83
6.352675,10.98
6.350739,11.19
6.348803,11.45
6.346869,11.70
6.344896,11.87
6.342964,11.87
6.341033,11.70
6.339104,11.45
6.337176,11.18
6.335209,10.93
6.333283,10.72
6.331358,10.56
6.329434,10.43
6.327512,10.33
6.325551,10.27
6.323631,10.23
6.321712,10.21
6.319794,10.20
6.317838,10.19
6.315922,10.18
6.314008,10.16
6.312095,10.14
6.310183,10.11
6.308233,10.09
6.306323,10.08
6.304415,10.07
6.302508,10.08
6.300602,10.11
6.298657,10.14
6.296753,10.19
6.294851,10.23
6.292949,10.28
6.291010,10.32
6.289110,10.34
6.287212,10.36
6.285316,10.36
6.283420,10.37
6.281486,10.37
6.279593,10.39
6.277700,10.42
6.275809,10.45
6.273919,10.48
6.271991,10.51
6.270104,10.51
6.268217,10.49
6.266332,10.44
6.264447,10.39
6.262525,10.32
6.260643,10.26
6.258762,10.21
6.256883,10.18
6.254965,10.17
6.253087,10.19
6.251211,10.23
6.249336,10.29
6.247462,10.36
6.245550,10.44
6.243678,10.51
6.241808,10.57
6.239938,10.60
6.238070,10.60
6.236164,10.59
6.234297,10.57
6.232432,10.56
6.230568,10.57
6.228667,10.60
6.226805,10.64
6.224945,10.70
6.223085,10.76
6.221227,10.81
6.219331,10.84
6.217475,10.83
6.215620,10.79
6.213766,10.73
6.211913,10.66
6.210023,10.60
6.208172,10.55
6.206323,10.54
6.204475,10.55
6.202589,10.59
6.200743,10.64
6.198898,10.72
6.197054,10.82
6.195211,10.93
6.193331,11.07
6.191490,11.24
6.189651,11.42
6.187812,11.60
6.185975,11.70
6.184101,11.70
6.182266,11.59
6.180432,11.44
6.178599,11.29
6.176767,11.16
6.174898,11.06
6.173068,11.00
6.171240,10.99
6.169412,11.02
6.167548,11.11
6.165722,11.23
6.163898,11.37
6.162075,11.48
6.160253,11.53
6.158394,11.49
6.156574,11.41
6.154755,11.31
6.152937,11.22
6.151121,11.17
6.149267,11.14
6.147453,11.14
6.145639,11.13
6.143827,11.10
6.141978,11.03
6.140168,10.94
6.138359,10.83
6.136551,10.73
6.134744,10.65
6.132900,10.60
6.131095,10.58
6.129291,10.59
6.127489,10.63
6.125687,10.70
6.123849,10.82
6.122049,10.98
6.120251,11.20
6.118453,11.51
6.116619,11.91
6.114824,12.33
6.113030,12.63
6.111237,12.67
6.109445,12.48
6.107616,12.19
6.105826,11.90
6.104037,11.66
6.102249,11.46
6.100462,11.30
6.098639,11.17
6.096855,11.07
6.095071,11.00
6.093288,10.95
6.091507,10.92
6.089689,10.92
6.087909,10.94
6.086131,10.99
6.084353,11.07
6.082540,11.19
6.080765,11.37
6.078990,11.63
6.077217,12.00
6.075445,12.45
6.073637,12.91
6.071867,13.17
6.070097,13.14
6.068329,12.88
6.066562,12.57
6.064760,12.32
6.062995,12.13
6.061231,12.02
6.059468,11.97
6.057669,11.97
6.055908,12.04
6.054148,12.18
6.052389,12.39
6.050632,12.61
6.048838,12.70
6.047083,12.53
6.045328,12.22
6.043574,11.92
6.041821,11.67
6.040033,11.47
6.038283,11.29
6.036533,11.15
6.034784,11.02
6.033037,10.92
6.031254,10.84
6.029508,10.78
6.027764,10.76
6.026020,10.78
6.024242,10.83
6.022500,10.93
6.020760,11.07
6.019020,11.22
6.017282,11.37
6.015508,11.45
6.013772,11.44
6.012036,11.34
6.010302,11.20
6.008568,11.06
6.006800,10.94
6.005068,10.88
6.003338,10.86
6.001608,10.89
5.999844,10.98
5.998117,11.12
5.996390,11.33
5.994665,11.60
5.992940,11.92
5.991181,12.25
5.989459,12.49
5.987737,12.58
5.986017,12.51
5.984297,12.34
5.982543,12.15
5.980825,11.98
5.979109,11.85
5.977393,11.77
5.975679,11.74
5.973930,11.75
5.972217,11.76
5.970506,11.75
5.968795,11.68
5.967050,11.58
5.965341,11.46
5.963634,11.35
5.961927,11.27
5.960221,11.24
5.958481,11.24
5.956778,11.29
5.955075,11.37
5.953373,11.46
5.951672,11.57
5.949937,11.67
5.948238,11.77
5.946541,11.86
5.944844,11.98
5.943113,12.15
5.941418,12.40
5.939724,12.68
5.938031,12.90
5.936339,12.93
5.934612,12.78
5.932922,12.55
5.931233,12.34
5.929545,12.16
5.927858,12.02
5.926137,11.91
5.924451,11.82
5.922767,11.74
5.921084,11.66
5.919366,11.58
5.917685,11.49
5.916005,11.41
5.914325,11.34
5.912647,11.29
5.910934,11.27
5.909257,11.28
5.907582,11.33
5.905907,11.41
5.904233,11.54
5.902526,11.72
5.900854,11.98
5.899183,12.30
5.897513,12.68
5.895844,13.04
5.894141,13.31
5.892474,13.46
5.890808,13.52
5.889143,13.52
5.887444,13.48
5.885781,13.39
5.884118,13.24
5.882457,13.02
5.880796,12.76
5.879102,12.52
5.877444,12.33
5.875786,12.20
5.874129,12.12
5.872473,12.08
5.870784,12.08
5.869130,12.10
5.867477,12.14
5.865825,12.17
5.864140,12.16
5.862489,12.08
5.860840,11.95
5.859192,11.78
5.857545,11.62
5.855864,11.48
5.854218,11.37
5.852574,11.29
5.850930,11.24
5.849287,11.22
5.847611,11.21
5.845970,11.21
5.844330,11.22
5.842691,11.25
5.841053,11.30
5.839382,11.39
5.837746,11.53
5.836110,11.72
5.834476,11.97
5.832808,12.26
5.831176,12.57
5.829544,12.87
5.827913,13.11
5.826284,13.24
5.824621,13.20
5.822993,12.98
5.821366,12.63
5.819739,12.24
5.818114,11.89
5.816456,11.62
5.814832,11.41
5.813210,11.26
5.811588,11.16
5.809934,11.08
5.808314,11.04
5.806695,11.00
5.805077,10.98
5.803460,10.95
5.801810,10.92
5.800195,10.88
5.798581,10.84
5.796967,10.81
5.795354,10.79
5.793709,10.78
5.792098,10.80
5.790489,10.85
5.788880,10.91
5.787238,11.00
5.785631,11.10
5.784025,11.21
5.782419,11.33
5.780815,11.45
5.779178,11.57
5.777575,11.70
5.775973,11.83
5.774372,11.97
5.772772,12.14
5.771140,12.32
5.769541,12.48
5.767944,12.54
5.766348,12.44
5.764752,12.23
5.763124,12.01
5.761530,11.82
5.759937,11.70
5.758345,11.64
5.756721,11.63
5.755131,11.66
5.753541,11.72
5.751953,11.80
5.750365,11.87
5.748745,11.91
5.747159,11.91
5.745574,11.87
5.743990,11.83
5.742407,11.79
5.740792,11.78
5.739210,11.79
5.737630,11.82
5.736050,11.85
5.734438,11.88
5.732860,11.90
5.731283,11.92
5.729707,11.94
5.728131,11.99
5.726524,12.06
5.724950,12.15
5.723378,12.25
5.721806,12.34
5.720235,12.38
5.718632,12.38
5.717063,12.31
5.715494,12.20
5.713927,12.07
5.712360,11.92
5.710761,11.77
5.709196,11.61
5.707632,11.47
5.706069,11.35
5.704474,11.25
5.702912,11.17
5.701352,11.13
5.699792,11.12
5.698233,11.14
5.696642,11.19
5.695085,11.24
5.693529,11.29
5.691973,11.32
5.690418,11.32
5.688832,11.30
5.687279,11.27
5.685727,11.25
5.684176,11.24
5.682593,11.25
5.681043,11.29
5.679495,11.33
5.677947,11.37
5.676400,11.38
5.674821,11.35
5.673276,11.28
5.671732,11.18
5.670188,11.08
5.668645,10.99
5.667071,10.91
5.665530,10.87
5.663989,10.85
5.662450,10.86
5.660911,10.90
5.659342,10.97
5.657805,11.05
5.656269,11.16
5.654733,11.26
5.653167,11.38
5.651633,11.51
5.650101,11.66
5.648569,11.84
5.647038,12.04
5.645475,12.25
5.643946,12.39
5.642417,12.41
5.640890,12.31
5.639363,12.13
5.637805,11.93
5.636280,11.74
5.634755,11.56
5.633232,11.41
5.631677,11.28
5.630155,11.18
5.628634,11.11
5.627114,11.07
5.625594,11.06
5.624044,11.09
5.622526,11.14
5.621009,11.21
5.619493,11.27
5.617978,11.30
5.616431,11.31
5.614918,11.28
5.613405,11.22
5.611893,11.17
5.610350,11.12
5.608840,11.08
5.607330,11.05
5.605821,11.04
5.604313,11.02
5.602774,11.00
5.601268,10.98
5.599763,10.95
5.598258,10.92
5.596754,10.90
5.595219,10.90
5.593717,10.92
5.592216,10.96
5.590715,11.03
5.589215,11.14
5.587685,11.28
5.586186,11.45
5.584689,11.64
5.583192,11.83
5.581665,11.97
5.580170,12.04
5.578676,12.01
5.577183,11.93
5.575690,11.82
5.574167,11.72
5.572676,11.63
5.571186,11.56
5.569696,11.50
5.568208,11.45
5.566689,11.40
5.565202,11.35
5.563716,11.32
5.562230,11.29
5.560715,11.29
5.559231,11.30
5.557748,11.31
5.556266,11.33
5.554784,11.33
5.553273,11.32
5.551793,11.28
5.550314,11.23
5.548835,11.17
5.547358,11.11
5.545850,11.07
5.544374,11.03
5.542899,11.00
5.541425,10.98
5.539951,10.96
5.538448,10.96
5.536976,10.96
5.535505,10.96
5.534034,10.98
5.532534,11.01
5.531065,11.04
5.529597,11.09
5.528130,11.15
5.526663,11.21
5.525167,11.27
5.523702,11.30
5.522238,11.31
5.520775,11.28
5.519312,11.23
5.517820,11.16
5.516359,11.08
5.514898,11.01
5.513439,10.95
5.511950,10.90
5.510492,10.86
5.509035,10.84
5.507578,10.84
5.506123,10.84
5.504638,10.84
5.503184,10.85
5.501730,10.86
5.500278,10.86
5.498826,10.86
5.497345,10.87
5.495895,10.87
5.494445,10.88
5.492996,10.90
5.491518,10.92
5.490071,10.96
5.488625,11.00
5.487179,11.06
5.485734,11.12
5.484260,11.18
5.482817,11.24
5.481374,11.28
5.479932,11.30
5.478491,11.30
5.477021,11.29
5.475582,11.30
5.474143,11.32
5.472705,11.37
5.471268,11.46
5.469801,11.57
5.468366,11.70
5.466931,11.79
5.465496,11.82
5.464033,11.76
5.462600,11.63
5.461168,11.47
5.459737,11.31
5.458307,11.17
5.456847,11.07
5.455418,11.01
5.453990,10.97
5.452563,10.95
5.451136,10.95
5.449680,10.96
5.448255,10.98
5.446831,11.00
5.445407,11.02
5.443954,11.03
5.442532,11.02
5.441111,11.01
5.439690,10.99
5.438270,10.96
5.436821,10.95
5.435403,10.96
5.433985,10.99
5.432568,11.04
5.431152,11.11
5.429707,11.22
5.428292,11.34
5.426878,11.48
5.425465,11.61
5.424052,11.72
5.422611,11.77
5.421200,11.76
5.419790,11.71
5.418380,11.62
5.416942,11.52
5.415534,11.43
5.414127,11.34
5.412720,11.27
5.411314,11.19
5.409880,11.13
5.408475,11.06
5.407071,11.01
5.405668,10.96
5.404266,10.92
5.402835,10.89
5.401435,10.86
5.400035,10.85
5.398635,10.84
5.397207,10.83
5.395810,10.82
5.394412,10.82
5.393016,10.81
5.391620,10.82
5.390196,10.83
5.388802,10.85
5.387409,10.87
5.386016,10.90
5.384624,10.93
5.383203,10.96
5.381813,10.98
5.380423,11.00
5.379034,11.01
5.377645,11.00
5.376228,11.00
5.374841,10.98
5.373455,10.96
5.372070,10.94
5.370656,10.92
5.369272,10.91
5.367888,10.92
5.366505,10.93
5.365123,10.97
5.363713,11.03
5.362333,11.11
5.360953,11.22
5.359574,11.34
5.358195,11.49
5.356789,11.66
5.355412,11.82
5.354036,11.97
5.352660,12.05
5.351256,12.05
5.349882,11.96
5.348509,11.81
5.347136,11.64
5.345764,11.47
5.344364,11.33
5.342993,11.20
5.341624,11.11
5.340254,11.04
5.338886,10.98
5.337489,10.94
5.336122,10.91
5.334756,10.90
5.333390,10.89
5.331997,10.88
5.330632,10.88
5.329269,10.88
5.327906,10.88
5.326544,10.88
5.325154,10.89
5.323793,10.90
5.322433,10.92
5.321074,10.93
5.319715,10.94
5.318329,10.94
5.316971,10.94
5.315615,10.94
5.314259,10.94
5.312903,10.95
5.311521,10.98
5.310167,11.00
5.308814,11.04
5.307461,11.07
5.306081,11.08
5.304730,11.09
5.303380,11.09
5.302030,11.09
5.300681,11.09
5.299305,11.11
5.297957,11.14
5.296610,11.19
5.295264,11.24
5.293918,11.29
5.292545,11.31
5.291201,11.30
5.289858,11.26
5.288515,11.21
5.287145,11.16
5.285803,11.12
5.284463,11.10
5.283123,11.10
5.281783,11.12
5.280417,11.15
5.279078,11.19
5.277741,11.21
5.276404,11.21
5.275068,11.20
5.273705,11.16
5.272371,11.12
5.271037,11.07
5.269703,11.03
5.268343,11.00
5.267011,10.98
5.265680,10.98
5.264349,10.98
5.263019,11.00
5.261662,11.01
5.260334,11.03
5.259006,11.04
5.257679,11.05
5.256352,11.05
5.254999,11.05
5.253674,11.05
5.252349,11.05
5.251025,11.05
5.249702,11.05
5.248352,11.05
5.247030,11.06
5.245709,11.08
5.244389,11.11
5.243041,11.14
5.241722,11.18
5.240404,11.22
5.239086,11.24
5.237769,11.26
5.236425,11.25
5.235109,11.23
5.233794,11.19
5.232479,11.15
5.231165,11.11
5.229825,11.07
5.228512,11.04
5.227200,11.02
5.225889,11.01
5.224551,11.01
5.223241,11.02
5.221932,11.04
5.220624,11.08
5.219316,11.14
5.217981,11.20
5.216675,11.26
5.215369,11.31
5.214063,11.34
5.212759,11.34
5.211428,11.32
5.210124,11.30
5.208822,11.29
5.207520,11.29
5.206218,11.32
5.204891,11.35
5.203590,11.40
5.202291,11.43
5.200992,11.44
5.199667,11.41
5.198370,11.35
5.197073,11.28
5.195777,11.21
5.194481,11.14
5.193160,11.09
5.191865,11.06
5.190572,11.04
5.189279,11.03
5.187987,11.03
5.186668,11.03
5.185377,11.04
5.184087,11.04
5.182797,11.05
5.181481,11.06
5.180193,11.07
5.178905,11.07
5.177618,11.08
5.176332,11.08
5.175019,11.09
5.173734,11.09
5.172449,11.10
5.171166,11.09
5.169882,11.09
5.168573,11.08
5.167291,11.07
5.166010,11.06
5.164729,11.05
5.163449,11.04
5.162143,11.03
5.160864,11.03
5.159586,11.03
5.158308,11.04
5.157005,11.06
5.155729,11.09
5.154453,11.13
5.153178,11.19
5.151904,11.26
5.150604,11.33
5.149331,11.38
5.148058,11.41
5.146786,11.42
5.145515,11.40
5.144218,11.38
5.142948,11.35
5.141679,11.33
5.140410,11.31
5.139116,11.29
5.137848,11.27
5.136582,11.24
5.135316,11.22
5.134050,11.20
5.132759,11.18
5.131495,11.18
5.130231,11.17
5.128968,11.17
5.127706,11.17
5.126417,11.17
5.125156,11.16
5.123896,11.15
5.122636,11.15
5.121377,11.15
5.120092,11.16
5.118834,11.17
5.117576,11.18
5.116320,11.20
5.115037,11.21
5.113782,11.21
5.112527,11.21
5.111272,11.21
5.110019,11.20
5.108740,11.19
5.107487,11.18
5.106235,11.18
5.104984,11.18
5.103733,11.19
5.102457,11.19
5.101208,11.20
5.099959,11.20
5.098711,11.20
5.097438,11.19
5.096191,11.18
5.094944,11.17
5.093699,11.16
5.092453,11.16
5.091183,11.16
5.089939,11.19
5.088696,11.22
5.087453,11.25
5.086211,11.29
5.084944,11.31
5.083703,11.32
5.082463,11.32
5.081223,11.30
5.079959,11.28
5.078720,11.25
5.077482,11.22
5.076245,11.20
5.075009,11.19
5.073747,11.18
5.072512,11.18
5.071277,11.18
5.070043,11.19
5.068809,11.18
5.067550,11.18
5.066318,11.18
5.065086,11.17
5.063855,11.16
5.062625,11.16
5.061369,11.15
5.060140,11.15
5.058911,11.14
5.057683,11.14
5.056430,11.13
5.055203,11.12
5.053976,11.12
5.052751,11.12
5.051526,11.13
5.050275,11.14
5.049052,11.14
5.047828,11.15
5.046605,11.16
5.045383,11.16
5.044136,11.16
5.042915,11.16
5.041695,11.16
5.040475,11.17
5.039230,11.17
5.038012,11.17
5.036794,11.18
5.035576,11.19
5.034360,11.21
5.033118,11.23
5.031902,11.26
5.030687,11.28
5.029473,11.31
5.028259,11.33
5.027020,11.36
5.025808,11.38
5.024595,11.42
5.023384,11.45
5.022148,11.48
5.020937,11.49
5.019728,11.49
5.018518,11.47
5.017310,11.42
5.016077,11.37
5.014869,11.31
5.013662,11.27
5.012456,11.23
5.011250,11.21
5.010020,11.20
5.008816,11.20
5.007612,11.21
5.006408,11.21
5.005205,11.21
5.003978,11.21
5.002777,11.20
5.001575,11.20
5.000375,11.19
4.999150,11.17
4.997951,11.16
4.996752,11.15
4.995554,11.15
4.994356,11.15
4.993134,11.15
4.991938,11.16
4.990742,11.18
4.989547,11.19
4.988352,11.19
4.987133,11.19
4.985940,11.19
4.984747,11.19
4.983554,11.20
4.982338,11.20
4.981146,11.22
4.979956,11.23
4.978766,11.24
4.977576,11.26
4.976362,11.26
4.975174,11.27
4.973986,11.26
4.972799,11.26
4.971612,11.25
4.970401,11.25
4.969216,11.24
4.968031,11.24
4.966846,11.24
4.965662,11.25
4.964455,11.27
4.963272,11.29
4.962090,11.32
4.960908,11.35
4.959702,11.38
4.958522,11.40
4.957342,11.41
4.956163,11.40
4.954984,11.38
4.953781,11.35
4.952604,11.32
4.951427,11.29
4.950250,11.27
4.949074,11.25
4.947874,11.24
4.946699,11.24
4.945525,11.25
4.944351,11.27
4.943154,11.28
4.941981,11.30
4.940809,11.31
4.939638,11.31
4.938467,11.31
4.937272,11.31
4.936102,11.30
4.934933,11.29
4.933764,11.28
4.932596,11.28
4.931404,11.27
4.930237,11.27
4.929071,11.26
4.927905,11.26
4.926739,11.26
4.925550,11.26
4.924386,11.26
4.923222,11.27
4.922059,11.27
4.920872,11.27
4.919710,11.26
4.918549,11.26
4.917388,11.25
4.916227,11.26
4.915043,11.26
4.913884,11.27
4.912725,11.28
4.911567,11.29
4.910410,11.30
4.909228,11.30
4.908072,11.30
4.906916,11.30
4.905760,11.30
4.904581,11.30
4.903427,11.31
4.902273,11.33
4.901120,11.35
4.899967,11.37
4.898791,11.39
4.897639,11.40
4.896488,11.40
4.895338,11.40
4.894188,11.39
4.893014,11.38
4.891865,11.36
4.890717,11.35
4.889569,11.34
4.888398,11.34
4.887251,11.34
4.886105,11.34
4.884959,11.34
4.883814,11.35
4.882646,11.36
4.881502,11.37
4.880358,11.38
4.879215,11.38
4.878073,11.39
4.876907,11.39
4.875765,11.40
4.874625,11.40
4.873484,11.40
4.872345,11.39
4.871182,11.39
4.870043,11.39
4.868905,11.38
4.867767,11.38
4.866606,11.37
4.865470,11.36
4.864334,11.35
4.863198,11.34
4.862063,11.33
4.860905,11.32
4.859771,11.32
4.858638,11.32
4.857505,11.32
4.856373,11.33
4.855217,11.34
4.854086,11.35
4.852955,11.37
4.851825,11.37
4.850672,11.38
4.849543,11.38
4.848414,11.39
4.847286,11.39
4.846159,11.40
4.845008,11.40
4.843882,11.41
4.842756,11.42
4.841630,11.43
4.840505,11.43
4.839358,11.43
4.838234,11.43
4.837110,11.44
4.835987,11.44
4.834865,11.45
4.833720,11.45
4.832599,11.46
4.831478,11.46
4.830358,11.46
4.829215,11.46
4.828096,11.45
4.826977,11.44
4.825859,11.43
4.824741,11.43
4.823601,11.42
4.822484,11.42
4.821368,11.43
4.820253,11.44
4.819138,11.45
4.818000,11.46
4.816886,11.47
4.815773,11.47
4.814660,11.47
4.813524,11.47
4.812412,11.47
4.811301,11.47
4.810190,11.46
4.809080,11.46
4.807947,11.46
4.806837,11.47
4.805728,11.47
4.804620,11.46
4.803512,11.46
4.802382,11.46
4.801275,11.46
4.800169,11.46
4.799063,11.47
4.797935,11.48
4.796830,11.50
4.795726,11.51
4.794622,11.52
4.793519,11.53
4.792394,11.53
4.791291,11.54
4.790190,11.54
4.789089,11.54
4.787988,11.54
4.786865,11.54
4.785765,11.53
4.784666,11.51
4.783567,11.50
4.782469,11.48
4.781349,11.46
4.780252,11.44
4.779155,11.42
4.778059,11.41
4.776941,11.41
4.775846,11.41
4.774751,11.41
4.773657,11.42
4.772563,11.44
4.771448,11.45
4.770355,11.47
4.769263,11.49
4.768172,11.50
4.767080,11.50
4.765967,11.50
4.764877,11.50
4.763788,11.49
4.762699,11.48
4.761587,11.46
4.760499,11.45
4.759412,11.43
4.758325,11.41
4.757238,11.40
4.756129,11.38
4.755044,11.38
4.753959,11.38
4.752874,11.39
4.751790,11.41
4.750684,11.43
4.749601,11.45
4.748518,11.47
4.747436,11.48
4.746332,11.50
4.745251,11.50
4.744171,11.51
4.743091,11.51
4.742011,11.51
4.740909,11.50
4.739831,11.49
4.738753,11.49
4.737675,11.48
4.736598,11.48
4.735499,11.48
4.734423,11.48
4.733347,11.48
4.732272,11.48
4.731197,11.49
4.730100,11.49
4.729027,11.49
4.727954,11.49
4.726881,11.50
4.725786,11.51
4.724715,11.52
4.723643,11.54
4.722572,11.55
4.721502,11.56
4.720410,11.56
4.719341,11.56
4.718272,11.55
4.717204,11.54
4.716136,11.53
4.715046,11.52
4.713979,11.52
4.712913,11.52
4.711847,11.52
4.710782,11.53
4.709694,11.54
4.708630,11.55
4.707566,11.55
4.706503,11.54
4.705417,11.53
4.704355,11.52
4.703293,11.50
4.702231,11.50
4.701170,11.50
4.700087,11.50
4.699027,11.52
4.697968,11.53
4.696908,11.55
4.695850,11.56
4.694770,11.57
4.693712,11.58
4.692655,11.58
4.691598,11.58
4.690520,11.58
4.689464,11.58
4.688408,11.58
4.687354,11.58
4.686299,11.58
4.685223,11.57
4.684170,11.57
4.683117,11.56
4.682064,11.55
4.681012,11.54
4.679939,11.53
4.678888,11.52
4.677837,11.52
4.676787,11.52
4.675716,11.52
4.674667,11.53
4.673618,11.54
4.672570,11.55
4.671522,11.57
4.670453,11.57
4.669406,11.58
4.668360,11.58
4.667314,11.57
4.666268,11.57
4.665202,11.57
4.664157,11.57
4.663113,11.58
4.662070,11.59
4.661027,11.60
4.659963,11.61
4.658920,11.62
4.657879,11.63
4.656838,11.64
4.655775,11.65
4.654735,11.66
4.653695,11.67
4.652656,11.68
4.651617,11.68
4.650557,11.67
4.649519,11.66
4.648482,11.64
4.647445,11.62
4.646408,11.59
4.645351,11.57
4.644315,11.55
4.643280,11.54
4.642245,11.54
4.641190,11.54
4.640156,11.55
4.639123,11.57
4.638090,11.58
4.637058,11.60
4.636004,11.61
4.634973,11.62
4.633942,11.63
4.632911,11.65
4.631881,11.65
4.630830,11.66
4.629801,11.67
4.628772,11.67
4.627744,11.67
4.626695,11.67
4.625668,11.67
4.624641,11.66
4.623615,11.66
4.622589,11.65
4.621542,11.65
4.620517,11.66
4.619492,11.66
4.618468,11.66
4.617445,11.66
4.616400,11.66
4.615378,11.66
4.614355,11.66
4.613333,11.67
4.612312,11.67
4.611270,11.67
4.610250,11.68
4.609230,11.68
4.608210,11.68
4.607170,11.68
4.606151,11.67
4.605133,11.67
4.604115,11.66
4.603098,11.66
4.602060,11.66
4.601044,11.67
4.600028,11.67
4.599012,11.68
4.597997,11.69
4.596961,11.69
4.595947,11.70
4.594934,11.70
4.593920,11.70
4.592887,11.70
4.591874,11.69
4.590862,11.69
4.589851,11.69
4.588840,11.68
4.587808,11.68
4.586798,11.68
4.585789,11.67
4.584779,11.67
4.583771,11.67
4.582741,11.66
4.581734,11.66
4.580726,11.66
4.579719,11.66
4.578713,11.66
4.577686,11.65
4.576680,11.65
4.575675,11.65
4.574670,11.64
4.573645,11.64
4.572641,11.64
4.571638,11.64
4.570635,11.65
4.569632,11.65
4.568609,11.64
4.567607,11.64
4.566606,11.63
4.565605,11.62
4.564605,11.62
4.563584,11.61
4.562585,11.62
4.561586,11.62
4.560587,11.63
4.559568,11.64
4.558571,11.65
4.557574,11.66
4.556577,11.68
4.555580,11.69
4.554564,11.70
4.553568,11.72
4.552573,11.73
4.551578,11.73
4.550584,11.73
4.549570,11.72
4.548577,11.70
4.547584,11.69
4.546591,11.67
4.545579,11.67
4.544587,11.67
4.543596,11.68
4.542605,11.69
4.541615,11.70
4.540604,11.72
4.539615,11.72
4.538626,11.73
4.537637,11.73
4.536649,11.73
4.535641,11.73
4.534654,11.74
4.533667,11.75
4.532681,11.76
4.531695,11.78
4.530689,11.79
4.529704,11.80
4.528719,11.80
4.527735,11.80
4.526730,11.79
4.525747,11.78
4.524764,11.77
4.523782,11.76
4.522799,11.76
4.521797,11.76
4.520816,11.76
4.519835,11.77
4.518855,11.77
4.517875,11.78
4.516875,11.78
4.515896,11.78
4.514917,11.78
4.513939,11.78
4.512961,11.78
4.511963,11.79
4.510987,11.79
4.510010,11.79
4.509034,11.80
4.508038,11.80
4.507063,11.81
4.506088,11.82
4.505113,11.83
4.504139,11.84
4.503145,11.84
4.502172,11.85
4.501200,11.84
4.500227,11.84
4.499255,11.83
4.498264,11.82
4.497293,11.81
4.496322,11.80
4.495352,11.79
4.494362,11.79
4.493392,11.79
4.492424,11.79
4.491455,11.81
4.490487,11.82
4.489499,11.84
4.488532,11.85
4.487565,11.86
4.486599,11.87
4.485633,11.87
4.484647,11.87
4.483682,11.87
4.482717,11.86
4.481753,11.86
4.480769,11.85
4.479805,11.85
4.478842,11.85
4.477879,11.85
4.476917,11.84
4.475935,11.84
4.474974,11.84
4.474013,11.83
4.473052,11.83
4.472092,11.83
4.471112,11.82
4.470153,11.82
4.469194,11.82
4.468235,11.82
4.467277,11.81
4.466300,11.81
4.465342,11.81
4.464385,11.81
4.463429,11.81
4.462453,11.82
4.461497,11.82
4.460542,11.83
4.459587,11.84
4.458633,11.85
4.457659,11.86
4.456705,11.87
4.455752,11.88
4.454799,11.89
4.453847,11.89
4.452875,11.90
4.451924,11.91
4.450973,11.92
4.450022,11.93
4.449052,11.94
4.448102,11.94
4.447152,11.95
4.446203,11.95
4.445254,11.95
4.444286,11.95
4.443339,11.94
4.442391,11.94
4.441444,11.93
4.440497,11.93
4.439531,11.92
4.438586,11.92
4.437640,11.93
4.436695,11.94
4.435731,11.96
4.434786,11.98
4.433843,12.00
4.432899,12.02
4.431956,12.03
4.430994,12.03
4.430052,12.03
4.429110,12.03
4.428168,12.02
4.427227,12.02
4.426267,12.02
4.425327,12.03
4.424387,12.04
4.423448,12.06
4.422509,12.07
4.421551,12.09
4.420612,12.10
4.419675,12.11
4.418737,12.13
4.417781,12.14
4.416844,12.16
4.415908,12.17
4.414972,12.19
4.414037,12.21
4.413082,12.23
4.412148,12.25
4.411213,12.26
4.410279,12.26
4.409346,12.25
4.408394,12.24
4.407461,12.23
4.406529,12.22
4.405597,12.21
4.404646,12.21
4.403715,12.21
4.402784,12.21
4.401854,12.22
4.400924,12.22
4.399975,12.22
4.399046,12.22
4.398118,12.22
4.397189,12.22
4.396261,12.22
4.395315,12.22
4.394387,12.22
4.393461,12.22
4.392534,12.21
4.391609,12.21
4.390664,12.20
4.389739,12.20
4.388814,12.19
4.387889,12.17
4.386946,12.17
4.386023,12.16
4.385099,12.15
4.384177,12.15
4.383254,12.14
4.382313,12.14
4.381391,12.14
4.380470,12.14
4.379549,12.14
4.378629,12.14
4.377690,12.15
4.376770,12.16
4.375851,12.17
4.374932,12.19
4.373994,12.21
4.373076,12.24
4.372158,12.27
4.371241,12.30
4.370324,12.34
4.369388,12.37
4.368472,12.41
4.367556,12.45
4.366641,12.49
4.365726,12.53
4.364792,12.57
4.363878,12.60
4.362964,12.64
4.362050,12.68
4.361118,12.71
4.360205,12.74
4.359293,12.77
4.358381,12.80
4.357469,12.82
4.356539,12.84
4.355628,12.86
4.354718,12.87
4.353808,12.89
4.352898,12.91
4.351970,12.94
4.351061,12.99
4.350152,13.05
4.349244,13.12
4.348337,13.20
4.347410,13.28
4.346503,13.35
4.345597,13.41
4.344690,13.46
4.343766,13.51
4.342860,13.54
4.341955,13.58
4.341050,13.62
4.340146,13.66
4.339223,13.72
4.338320,13.78
4.337416,13.86
4.336513,13.94
4.335611,14.03
4.334690,14.11
4.333788,14.19
4.332887,14.26
4.331986,14.33
4.331067,14.39
4.330167,14.45
4.329267,14.51
4.328367,14.57
4.327468,14.64
4.326551,14.71
4.325652,14.78
4.324754,14.85
4.323857,14.92
4.322960,14.99
4.322044,15.07
4.321148,15.16
4.320252,15.25
4.319356,15.35
4.318461,15.45
4.317547,15.55
4.316652,15.65
4.315758,15.74
4.314864,15.82
4.313952,15.90
4.313059,15.99
4.312166,16.08
4.311274,16.20
4.310382,16.32
4.309472,16.46
4.308581,16.61
4.307690,16.76
4.306799,16.92
4.305909,17.07
4.305001,17.22
4.304111,17.36
4.303222,17.49
4.302334,17.60
4.301427,17.71
4.300539,17.82
4.299651,17.93
4.298764,18.04
4.297877,18.16
4.296972,18.28
4.296086,18.39
4.295201,18.49
4.294315,18.56
4.293430,18.61
4.292527,18.64
4.291643,18.67
4.290759,18.70
4.289875,18.75
4.288992,18.83
4.288091,18.93
4.287209,19.05
4.286327,19.17
4.285445,19.30
4.284545,19.41
4.283664,19.50
4.282784,19.59
4.281903,19.65
4.281024,19.68
4.280126,19.70
4.279247,19.70
4.278368,19.70
4.277489,19.69
4.276611,19.70
4.275715,19.72
4.274838,19.75
4.273961,19.80
4.273084,19.86
4.272190,19.91
4.271314,19.96
4.270438,20.00
4.269563,20.01
4.268688,20.00
4.267796,19.93
4.266922,19.81
4.266048,19.61
4.265174,19.34
4.264301,18.99
4.263411,18.60
4.262538,18.20
4.261666,17.81
4.260795,17.48
4.259905,17.21
4.259034,17.01
4.258164,16.89
4.257294,16.86
4.256424,16.92
4.255536,17.07
4.254667,17.32
4.253799,17.66
4.252930,18.06
4.252062,18.50
4.251177,18.94
4.250309,19.35
4.249442,19.72
4.248576,20.04
4.247709,20.34
4.246825,20.62
4.245960,20.89
4.245095,21.17
4.244230,21.43
4.243347,21.67
4.242483,21.90
4.241620,22.11
4.240756,22.30
4.239893,22.45
4.239012,22.55
4.238150,22.60
4.237288,22.58
4.236426,22.53
4.235565,22.45
4.234686,22.38
4.233826,22.33
4.232965,22.28
4.232106,22.24
4.231228,22.18
4.230369,22.08
4.229510,21.94
4.228652,21.76
4.227794,21.54
4.226918,21.29
4.226060,21.04
4.225203,20.77
4.224347,20.50
4.223490,20.22
4.222616,19.94
4.221761,19.66
4.220905,19.37
4.220050,19.08
4.219178,18.79
4.218324,18.48
4.217470,18.18
4.216616,17.88
4.215763,17.58
4.214892,17.29
4.214039,17.02
4.213187,16.76
4.212335,16.51
4.211484,16.27
4.210615,16.03
4.209764,15.80
4.208914,15.58
4.208063,15.36
4.207214,15.16
4.206347,14.96
4.205497,14.76
4.204649,14.58
4.203800,14.39
4.202934,14.21
4.202087,14.03
4.201239,13.86
4.200392,13.68
4.199546,13.51
4.198682,13.35
4.197836,13.19
4.196990,13.05
4.196145,12.92
4.195300,12.80
4.194437,12.70
4.193593,12.61
4.192749,12.54
4.191905,12.48
4.191062,12.43
4.190202,12.39
4.189359,12.35
4.188517,12.33
4.187675,12.31
4.186816,12.30
4.185974,12.29
4.185134,12.29
4.184293,12.28
4.183453,12.28
4.182595,12.26
4.181756,12.25
4.180917,12.24
4.180078,12.23
4.179239,12.22
4.178384,12.22
4.177546,12.23
4.176708,12.25
4.175871,12.27
4.175017,12.29
4.174180,12.30
4.173344,12.31
4.172508,12.31
4.171673,12.31
4.170820,12.31
4.169985,12.30
4.169151,12.29
4.168317,12.28
4.167483,12.28
4.166632,12.27
4.165799,12.26
4.164966,12.25
4.164133,12.24
4.163284,12.24
4.162452,12.23
4.161621,12.23
4.160790,12.22
4.159959,12.22
4.159111,12.21
4.158281,12.21
4.157451,12.21
4.156621,12.21
4.155792,12.21
4.154946,12.22
4.154118,12.23
4.153290,12.25
4.152462,12.26
4.151634,12.26
4.150790,12.27
4.149963,12.27
4.149137,12.27
4.148310,12.28
4.147467,12.28
4.146642,12.28
4.145817,12.28
4.144992,12.28
4.144167,12.28
4.143326,12.27
4.142502,12.26
4.141679,12.26
4.140855,12.26
4.140032,12.26
4.139193,12.27
4.138371,12.28
4.137549,12.28
4.136727,12.29
4.135889,12.29
4.135068,12.29
4.134247,12.29
4.133427,12.29
4.132607,12.29
4.131770,12.29
4.130951,12.29
4.130132,12.29
4.129314,12.30
4.128495,12.30
4.127660,12.31
4.126843,12.31
4.126025,12.32
4.125208,12.33
4.124392,12.33
4.123558,12.33
4.122742,12.32
4.121927,12.31
4.121111,12.30
4.120279,12.29
4.119464,12.29
4.118650,12.28
4.117836,12.29
4.117022,12.29
4.116192,12.30
4.115379,12.31
4.114566,12.32
4.113754,12.33
4.112941,12.34
4.112113,12.34
4.111301,12.35
4.110490,12.35
4.109679,12.35
4.108852,12.35
4.108041,12.36
4.107232,12.37
4.106422,12.38
4.105613,12.39
4.104787,12.40
4.103978,12.40
4.103170,12.40
4.102362,12.39
4.101554,12.38
4.100730,12.37
4.099923,12.36
4.099117,12.35
4.098310,12.35
4.097487,12.34
4.096682,12.34
4.095876,12.33
4.095071,12.32
4.094266,12.32
4.093445,12.31
4.092641,12.31
4.091837,12.32
4.091034,12.33
4.090230,12.34
4.089411,12.36
4.088608,12.37
4.087806,12.38
4.087004,12.38
4.086203,12.37
4.085385,12.36
4.084584,12.35
4.083783,12.34
4.082983,12.34
4.082166,12.34
4.081366,12.34
4.080567,12.36
4.079768,12.37
4.078969,12.39
4.078154,12.41
4.077356,12.43
4.076558,12.43
4.075760,12.44
4.074963,12.44
4.074150,12.44
4.073353,12.44
4.072557,12.44
4.071761,12.44
4.070948,12.44
4.070153,12.44
4.069358,12.44
4.068563,12.44
4.067769,12.43
4.066958,12.42
4.066165,12.42
4.065371,12.41
4.064578,12.41
4.063785,12.41
4.062976,12.42
4.062184,12.42
4.061392,12.42
4.060600,12.42
4.059793,12.41
4.059002,12.40
4.058211,12.39
4.057421,12.37
4.056631,12.36
4.055824,12.35
4.055035,12.35
4.054246,12.35
4.053457,12.36
4.052668,12.37
4.051864,12.37
4.051076,12.37
4.050288,12.37
4.049501,12.36
4.048714,12.35
4.047911,12.34
4.047125,12.34
4.046339,12.35
4.045553,12.36
4.044751,12.38
4.043966,12.40
4.043181,12.41
4.042397,12.42
4.041612,12.42
4.040812,12.42
4.040029,12.42
4.039245,12.42
4.038462,12.42
4.037680,12.41
4.036881,12.42
4.036099,12.42
4.035317,12.42
4.034536,12.43
4.033754,12.44
4.032957,12.46
4.032177,12.47
4.031397,12.49
4.030617,12.51
4.029821,12.51
4.029041,12.51
4.028262,12.51
4.027484,12.49
4.026705,12.47
4.025911,12.45
4.025133,12.43
4.024355,12.42
4.023578,12.41
4.022801,12.40
4.022008,12.40
4.021232,12.40
4.020456,12.41
4.019680,12.42
4.018889,12.43
4.018114,12.44
4.017339,12.45
4.016564,12.47
4.015790,12.48
4.015000,12.50
4.014226,12.51
4.013453,12.52
4.012680,12.53
4.011907,12.53
4.011119,12.53
4.010347,12.53
4.009575,12.52
4.008803,12.52
4.008016,12.52
4.007245,12.52
4.006474,12.52
4.005704,12.52
4.004934,12.51
4.004148,12.51
4.003379,12.51
4.002610,12.51
4.001841,12.51
4.001072,12.51
4.000288,12.52
3.999520,12.52
3.998752,12.52
3.997985,12.52
3.997218,12.52
3.996435,12.51
3.995669,12.51
3.994903,12.50
3.994137,12.50
3.993355,12.51
3.992590,12.51
3.991825,12.51
3.991060,12.52
3.990296,12.52
3.989516,12.53
3.988752,12.53
3.987988,12.54
3.987225,12.54
3.986462,12.55
3.985683,12.55
3.984921,12.56
3.984159,12.56
3.983397,12.55
3.982620,12.55
3.981859,12.54
3.981098,12.53
3.980337,12.52
3.979577,12.51
3.978801,12.51
3.978041,12.50
3.977282,12.48
3.976523,12.47
3.975764,12.46
3.974989,12.45
3.974231,12.44
3.973473,12.43
3.972715,12.44
3.971942,12.44
3.971185,12.45
3.970428,12.47
3.969672,12.48
3.968915,12.50
3.968144,12.51
3.967388,12.52
3.966633,12.53
3.965878,12.54
3.965123,12.55
3.964353,12.55
3.963598,12.56
3.962844,12.57
3.962091,12.57
3.961337,12.58
3.960569,12.59
3.959816,12.59
3.959063,12.60
3.958311,12.60
3.957543,12.59
3.956792,12.58
3.956040,12.56
3.955289,12.54
3.954539,12.53
3.953772,12.51
3.953022,12.50
3.952272,12.49
3.951523,12.49
3.950773,12.50
3.950009,12.51
3.949260,12.52
3.948511,12.53
3.947763,12.53
3.947000,12.54
3.946252,12.54
3.945505,12.55
3.944758,12.56
3.944011,12.57
3.943249,12.58
3.942503,12.59
3.941757,12.60
3.941011,12.61
3.940266,12.61
3.939505,12.62
3.938760,12.62
3.938016,12.62
3.937271,12.63
3.936527,12.64
3.935768,12.64
3.935025,12.65
3.934282,12.66
3.933539,12.66
3.932781,12.66
3.932039,12.65
3.931297,12.64
3.930555,12.62
3.929814,12.62
3.929057,12.61
3.928316,12.62
3.927576,12.62
3.926835,12.63
3.926095,12.64
3.925340,12.64
3.924601,12.62
3.923861,12.60
3.923122,12.57
3.922368,12.55
3.921630,12.53
3.920892,12.53
3.920154,12.54
3.919417,12.55
3.918664,12.58
3.917927,12.60
3.917191,12.62
3.916454,12.62
3.915718,12.62
3.914967,12.62
3.914231,12.61
3.913496,12.61
3.912761,12.60
3.912011,12.60
3.911277,12.61
3.910542,12.62
3.909809,12.62
3.909075,12.63
3.908326,12.64
3.907593,12.65
3.906860,12.66
3.906128,12.67
3.905396,12.68
3.904648,12.68
3.903917,12.69
3.903185,12.69
3.902454,12.69
3.901723,12.68
3.900978,12.68
3.900247,12.67
3.899517,12.66
3.898787,12.65
3.898043,12.64
3.897314,12.63
3.896585,12.63
3.895856,12.63
3.895128,12.63
3.894384,12.64
3.893656,12.65
3.892929,12.66
3.892202,12.66
3.891475,12.67
3.890733,12.67
3.890006,12.66
3.889280,12.66
3.888554,12.66
3.887813,12.66
3.887088,12.67
3.886363,12.67
3.885638,12.67
3.884913,12.68
3.884174,12.67
3.883450,12.67
3.882726,12.66
3.882003,12.65
3.881279,12.64
3.880541,12.64
3.879819,12.64
3.879096,12.64
3.878374,12.65
3.877652,12.66
3.876916,12.67
3.876194,12.68
3.875473,12.69
3.874753,12.70
3.874017,12.71
3.873297,12.71
3.872577,12.71
3.871857,12.71
3.871138,12.71
3.870403,12.70
3.869685,12.70
3.868966,12.69
3.868247,12.69
3.867529,12.70
3.866797,12.71
3.866079,12.72
3.865362,12.73
3.864645,12.75
3.863913,12.76
3.863196,12.77
3.862480,12.77
3.861764,12.78
3.861049,12.78
3.860318,12.78
3.859603,12.78
3.858888,12.77
3.858174,12.77
3.857459,12.76
3.856730,12.75
3.856016,12.74
3.855303,12.73
3.854589,12.72
3.853876,12.72
3.853149,12.71
3.852436,12.71
3.851724,12.71
3.851012,12.72
3.850285,12.72
3.849574,12.73
3.848863,12.73
3.848152,12.73
3.847441,12.73
3.846716,12.73
3.846006,12.73
3.845296,12.73
3.844586,12.73
3.843877,12.73
3.843153,12.74
3.842444,12.74
3.841736,12.75
3.841028,12.75
3.840305,12.75
3.839597,12.75
3.838889,12.76
3.838182,12.76
3.837475,12.77
3.836754,12.78
3.836047,12.78
3.835341,12.78
3.834635,12.78
3.833930,12.78
3.833209,12.79
3.832504,12.79
3.831799,12.79
3.831095,12.79
3.830376,12.79
3.829672,12.79
3.828968,12.79
3.828264,12.80
3.827561,12.80
3.826843,12.81
3.826140,12.81
3.825438,12.82
3.824735,12.82
3.824033,12.82
3.823317,12.82
3.822615,12.82
3.821914,12.81
3.821213,12.81
3.820512,12.80
3.819797,12.79
3.819097,12.78
3.818397,12.77
3.817697,12.76
3.816983,12.76
3.816284,12.76
3.815585,12.76
3.814886,12.77
3.814188,12.78
3.813475,12.80
3.812777,12.80
3.812080,12.81
3.811382,12.81
3.810685,12.80
3.809974,12.81
3.809277,12.81
3.808581,12.82
3.807885,12.83
3.807174,12.84
3.806479,12.84
3.805783,12.84
3.805088,12.84
3.804393,12.84
3.803684,12.83
3.802990,12.82
3.802296,12.81
3.801602,12.81
3.800908,12.80
3.800201,12.80
3.799508,12.80
3.798815,12.80
3.798122,12.80
3.797415,12.81
3.796723,12.82
3.796032,12.83
3.795340,12.84
3.794649,12.86
3.793943,12.87
3.793253,12.87
3.792562,12.88
3.791872,12.88
3.791182,12.87
3.790478,12.86
3.789788,12.85
3.789099,12.84
3.788410,12.83
3.787721,12.83
3.787018,12.83
3.786330,12.84
3.785642,12.85
3.784954,12.86
3.784252,12.86
3.783565,12.87
3.782878,12.87
3.782191,12.87
3.781505,12.87
3.780804,12.87
3.780118,12.88
3.779432,12.89
3.778747,12.89
3.778062,12.90
3.777362,12.90
3.776678,12.90
3.775993,12.90
3.775309,12.90
3.774625,12.89
3.773927,12.89
3.773243,12.88
3.772560,12.88
3.771877,12.88
3.771180,12.87
3.770497,12.87
3.769815,12.87
3.769133,12.87
3.768451,12.87
3.767756,12.87
3.767074,12.87
3.766393,12.87
3.765712,12.88
3.765032,12.89
3.764337,12.90
3.763657,12.91
3.762978,12.91
3.762298,12.91
3.761605,12.90
3.760925,12.89
3.760247,12.88
3.759568,12.87
3.758890,12.86
3.758198,12.85
3.757520,12.85
3.756842,12.85
3.756165,12.85
3.755488,12.84
3.754797,12.84
3.754120,12.85
3.753444,12.85
3.752768,12.85
3.752078,12.86
3.751402,12.86
3.750727,12.86
3.750052,12.86
3.749377,12.85
3.748688,12.84
3.748014,12.83
3.747339,12.83
3.746665,12.83
3.745992,12.84
3.745304,12.84
3.744631,12.85
3.743958,12.86
3.743285,12.87
3.742613,12.87
3.741927,12.88
3.741255,12.89
3.740583,12.89
3.739912,12.90
3.739226,12.91
3.738555,12.92
3.737885,12.93
3.737214,12.94
3.736544,12.95
3.735860,12.96
3.735190,12.96
3.734520,12.97
3.733851,12.96
3.733182,12.96
3.732499,12.95
3.731831,12.95
3.731162,12.94
3.730494,12.93
3.729812,12.92
3.729145,12.92
3.728477,12.92
3.727810,12.93
3.727143,12.93
3.726463,12.94
3.725796,12.95
3.725130,12.96
3.724464,12.97
3.723798,12.97
3.723119,12.97
3.722454,12.97
3.721789,12.96
3.721124,12.96
3.720460,12.95
3.719781,12.94
3.719117,12.94
3.718454,12.94
3.717790,12.94
3.717113,12.95
3.716450,12.95
3.715787,12.95
3.715124,12.95
3.714462,12.95
3.713786,12.94
3.713124,12.93
3.712462,12.92
3.711801,12.91
3.711140,12.91
3.710465,12.92
3.709804,12.92
3.709144,12.93
3.708484,12.94
3.707810,12.94
3.707150,12.94
3.706490,12.93
3.705831,12.93
3.705172,12.93
3.704499,12.94
3.703841,12.95
3.703183,12.96
3.702524,12.98
3.701866,12.99
3.701195,13.01
3.700538,13.02
3.699880,13.03
3.699224,13.03
3.698553,13.04
3.697897,13.05
3.697240,13.06
3.696584,13.07
3.695929,13.08
3.695259,13.09
3.694604,13.10
3.693949,13.10
3.693294,13.10
3.692639,13.09
3.691971,13.08
3.691317,13.08
3.690663,13.08
3.690010,13.08
3.689356,13.09
3.688689,13.09
3.688036,13.10
3.687384,13.10
3.686731,13.10
3.686065,13.10
3.685413,13.10
3.684761,13.10
3.684110,13.10
3.683458,13.09
3.682794,13.08
3.682143,13.07
3.681492,13.06
3.680842,13.06
3.680191,13.06
3.679528,13.06
3.678878,13.07
3.678229,13.09
3.677579,13.10
3.676917,13.11
3.676268,13.12
3.675619,13.12
3.674971,13.13
3.674323,13.13
3.673661,13.13
3.673014,13.13
3.672366,13.13
3.671719,13.14
3.671072,13.13
3.670412,13.13
3.669765,13.13
3.669119,13.12
3.668473,13.12
3.667827,13.11
3.667168,13.11
3.666522,13.11
3.665877,13.10
3.665232,13.10
3.664574,13.09
3.663930,13.08
3.663285,13.07
3.662641,13.06
3.661998,13.05
3.661341,13.04
3.660697,13.03
3.660054,13.03
3.659411,13.03
3.658769,13.03
3.658113,13.04
3.657471,13.05
3.656829,13.06
3.656187,13.07
3.655532,13.08
3.654891,13.09
3.654250,13.10
3.653609,13.10
3.652968,13.10
3.652314,13.10
3.651674,13.10
3.651034,13.09
3.650394,13.08
3.649755,13.08
3.649102,13.07
3.648463,13.07
3.647824,13.07
3.647186,13.06
3.646547,13.07
3.645896,13.07
3.645258,13.07
3.644620,13.07
3.643983,13.07
3.643332,13.07
3.642695,13.07
3.642058,13.07
3.641422,13.08
3.640786,13.08
3.640136,13.08
3.639500,13.08
3.638865,13.08
3.638229,13.08
3.637594,13.08
3.636946,13.08
3.636311,13.09
3.635676,13.10
3.635042,13.11
3.634394,13.12
3.633761,13.13
3.633127,13.14
3.632493,13.14
3.631860,13.14
3.631214,13.13
3.630581,13.12
3.629949,13.11
3.629316,13.10
3.628684,13.10
3.628039,13.09
3.627407,13.09
3.626776,13.10
3.626145,13.10
3.625500,13.10
3.624870,13.09
3.624239,13.09
3.623609,13.08
3.622978,13.07
3.622335,13.06
3.621706,13.04
3.621076,13.03
3.620447,13.02
3.619818,13.01
3.619176,13.02
3.618547,13.03
3.617919,13.05
3.617291,13.07
3.616663,13.09
3.616022,13.11
3.615394,13.13
3.614767,13.14
3.614140,13.14
3.613500,13.15
3.612873,13.15
3.612247,13.16
3.611621,13.17
3.610995,13.19
3.610356,13.21
3.609730,13.22
3.609105,13.23
3.608480,13.24
3.607855,13.24
3.607217,13.24
3.606593,13.22
3.605969,13.21
3.605345,13.20
3.604708,13.18
3.604084,13.18
3.603461,13.18
3.602838,13.19
3.602215,13.20
3.601579,13.22
3.600956,13.24
3.600334,13.25
3.599712,13.27
3.599090,13.28
3.598456,13.29
3.597834,13.30
3.597213,13.31
3.596592,13.31
3.595958,13.32
3.595338,13.31
3.594717,13.30
3.594097,13.29
3.593477,13.27
3.592844,13.26
3.592225,13.24
3.591606,13.23
3.590987,13.22
3.590368,13.22
3.589736,13.23
3.589118,13.24
3.588500,13.24
3.587882,13.24
3.587264,13.24
3.586633,13.24
3.586016,13.23
3.585399,13.23
3.584782,13.23
3.584152,13.23
3.583536,13.25
3.582920,13.26
3.582303,13.27
3.581688,13.28
3.581059,13.28
3.580444,13.27
3.579828,13.26
3.579213,13.25
3.578599,13.24
3.577971,13.24
3.577357,13.24
3.576743,13.25
3.576129,13.25
3.575502,13.26
3.574889,13.25
3.574275,13.25
3.573662,13.24
3.573049,13.22
3.572424,13.21
3.571811,13.20
3.571199,13.20
3.570587,13.20
3.569975,13.20
3.569351,13.20
3.568739,13.21
3.568128,13.21
3.567517,13.22
3.566906,13.22
3.566283,13.22
3.565673,13.21
3.565062,13.21
3.564452,13.21
3.563830,13.21
3.563220,13.21
3.562611,13.22
3.562002,13.23
3.561393,13.24
3.560772,13.25
3.560163,13.25
3.559555,13.25
3.558947,13.24
3.558339,13.23
3.557719,13.22
3.557111,13.22
3.556504,13.21
3.555897,13.20
3.555277,13.19
3.554671,13.18
3.554064,13.17
3.553458,13.16
3.552852,13.16
3.552234,13.16
3.551628,13.16
3.551023,13.17
3.550418,13.18
3.549813,13.20
3.549195,13.22
3.548591,13.24
3.547987,13.26
3.547382,13.28
3.546778,13.29
3.546162,13.30
3.545559,13.30
3.544955,13.30
3.544352,13.31
3.543737,13.31
3.543134,13.32
3.542532,13.34
3.541929,13.35
3.541327,13.35
3.540713,13.35
3.540111,13.34
3.539510,13.33
3.538909,13.31
3.538307,13.30
3.537694,13.29
3.537093,13.28
3.536493,13.27
3.535893,13.26
3.535280,13.26
3.534681,13.25
3.534081,13.25
3.533482,13.25
3.532882,13.26
3.532271,13.26
3.531672,13.26
3.531073,13.25
3.530475,13.25
3.529877,13.25
3.529266,13.25
3.528669,13.26
3.528071,13.27
3.527474,13.29
3.526864,13.30
3.526267,13.31
3.525670,13.31
3.525074,13.29
3.524477,13.28
3.523869,13.25
3.523273,13.23
3.522677,13.21
3.522082,13.20
3.521486,13.19
3.520879,13.19
3.520284,13.20
3.519689,13.21
3.519095,13.23
3.518500,13.25
3.517894,13.27
3.517300,13.29
3.516706,13.30
3.516113,13.31
3.515507,13.30
3.514914,13.29
3.514321,13.28
3.513728,13.26
3.513136,13.25
3.512531,13.23
3.511939,13.22
3.511347,13.21
3.510755,13.20
3.510164,13.19
3.509560,13.18
3.508969,13.17
3.508378,13.15
3.507787,13.13
3.507184,13.10
3.506594,13.08
3.506004,13.06
3.505414,13.05
3.504824,13.05
3.504223,13.05
3.503633,13.06
3.503044,13.08
3.502455,13.09
3.501866,13.10
3.501266,13.10
3.500677,13.09
3.500089,13.08
3.499501,13.06
3.498914,13.06
3.498314,13.05
3.497726,13.06
3.497139,13.07
3.496552,13.09
3.495953,13.11
3.495367,13.14
3.494781,13.16
3.494194,13.19
3.493608,13.22
3.493010,13.24
3.492425,13.26
3.491840,13.27
3.491254,13.29
3.490669,13.30
3.490072,13.31
3.489488,13.32
3.488904,13.34
3.488319,13.34
3.487723,13.35
3.487139,13.34
3.486556,13.33
3.485972,13.31
3.485389,13.29
3.484794,13.28
3.484211,13.26
3.483629,13.26
3.483046,13.26
3.482464,13.26
3.481870,13.27
3.481288,13.28
3.480706,13.28
3.480125,13.29
3.479532,13.29
3.478951,13.30
3.478370,13.31
3.477789,13.32
3.477209,13.32
3.476616,13.32
3.476036,13.32
3.475456,13.32
3.474877,13.31
3.474297,13.31
3.473706,13.31
3.473127,13.32
3.472548,13.32
3.471969,13.32
3.471391,13.32
3.470800,13.32
3.470222,13.31
3.469644,13.31
3.469066,13.31
3.468477,13.31
3.467899,13.32
3.467322,13.32
3.466745,13.33
3.466168,13.33
3.465580,13.33
3.465003,13.31
3.464427,13.29
3.463851,13.27
3.463275,13.26
3.462688,13.24
3.462112,13.24
3.461537,13.24
3.460962,13.24
3.460375,13.25
3.459801,13.26
3.459226,13.27
3.458652,13.27
3.458078,13.28
3.457492,13.29
3.456918,13.29
3.456345,13.30
3.455771,13.30
3.455198,13.30
3.454613,13.30
3.454041,13.31
3.453468,13.32
3.452896,13.33
3.452323,13.34
3.451740,13.35
3.451168,13.36
3.450596,13.36
3.450025,13.36
3.449442,13.36
3.448870,13.35
3.448300,13.34
3.447729,13.34
3.447159,13.33
3.446576,13.33
3.446006,13.33
3.445436,13.33
3.444867,13.33
3.444297,13.33
3.443716,13.33
3.443147,13.33
3.442578,13.32
3.442009,13.32
3.441429,13.32
3.440860,13.32
3.440292,13.31
3.439724,13.31
3.439156,13.31
3.438577,13.30
3.438009,13.29
3.437442,13.28
3.436875,13.27
3.436308,13.27
3.435730,13.26
3.435163,13.25
3.434597,13.25
3.434031,13.24
3.433465,13.23
3.432887,13.21
3.432321,13.20
3.431756,13.18
3.431191,13.17
3.430614,13.16
3.430049,13.17
3.429485,13.18
3.428920,13.19
3.428356,13.21
3.427780,13.23
3.427216,13.24
3.426653,13.24
3.426089,13.24
3.425526,13.23
3.424951,13.22
3.424388,13.21
3.423825,13.20
3.423262,13.20
3.422688,13.20
3.422126,13.21
3.421564,13.22
3.421002,13.23
3.420441,13.24
3.419867,13.25
3.419306,13.25
3.418745,13.25
3.418184,13.25
3.417623,13.25
3.417051,13.24
3.416491,13.24
3.415931,13.24
3.415371,13.24
3.414799,13.24
3.414239,13.24
3.413680,13.25
3.413121,13.25
3.412562,13.25
3.411991,13.24
3.411432,13.24
3.410874,13.23
3.410316,13.22
3.409757,13.21
3.409188,13.19
3.408630,13.19
3.408072,13.18
3.407515,13.18
3.406958,13.18
3.406389,13.19
3.405832,13.21
3.405275,13.23
3.404719,13.25
3.404151,13.27
3.403595,13.30
3.403039,13.32
3.402483,13.33
3.401928,13.34
3.401361,13.34
3.400805,13.33
3.400250,13.32
3.399695,13.31
3.399141,13.29
3.398575,13.28
3.398020,13.26
3.397466,13.25
3.396912,13.24
3.396347,13.24
3.395793,13.26
3.395240,13.29
3.394687,13.33
3.394134,13.37
3.393569,13.42
3.393016,13.46
3.392464,13.49
3.391912,13.51
3.391359,13.51
3.390796,13.50
3.390244,13.48
3.389693,13.45
3.389141,13.43
3.388590,13.41
3.388027,13.39
3.387476,13.37
3.386926,13.36
3.386375,13.35
3.385813,13.35
3.385263,13.34
3.384713,13.34
3.384163,13.33
3.383614,13.33
3.383053,13.33
3.382504,13.33
3.381955,13.34
3.381406,13.36
3.380857,13.37
3.380297,13.40
3.379749,13.42
3.379200,13.45
3.378652,13.46
3.378093,13.48
3.377545,13.48
3.376998,13.48
3.376451,13.48
3.375903,13.48
3.375345,13.48
3.374798,13.48
3.374252,13.49
3.373705,13.50
3.373159,13.51
3.372602,13.51
3.372056,13.51
3.371510,13.50
3.370965,13.48
3.370408,13.47
3.369863,13.46
3.369318,13.46
3.368773,13.46
3.368228,13.48
3.367672,13.51
3.367128,13.54
3.366584,13.57
3.366040,13.59
3.365496,13.60
3.364941,13.61
3.364398,13.61
3.363855,13.60
3.363312,13.59
3.362769,13.58
3.362215,13.58
3.361672,13.58
3.361130,13.59
3.360588,13.60
3.360034,13.61
3.359493,13.63
3.358951,13.65
3.358409,13.67
3.357868,13.69
3.357316,13.71
3.356775,13.72
3.356234,13.74
3.355693,13.75
3.355153,13.76
3.354602,13.77
3.354061,13.77
3.353522,13.76
3.352982,13.75
3.352431,13.74
3.351892,13.73
3.351352,13.71
3.350813,13.70
3.350275,13.69
3.349725,13.69
3.349186,13.69
3.348648,13.70
3.348110,13.70
3.347572,13.71
3.347023,13.71
3.346485,13.72
3.345948,13.73
3.345410,13.74
3.344862,13.76
3.344325,13.77
3.343788,13.78
3.343252,13.80
3.342715,13.82
3.342168,13.84
3.341632,13.85
3.341096,13.86
3.340560,13.86
3.340025,13.85
3.339478,13.84
3.338943,13.82
3.338408,13.80
3.337873,13.79
3.337338,13.79
3.336792,13.80
3.336258,13.81
3.335724,13.83
3.335190,13.84
3.334645,13.85
3.334111,13.86
3.333578,13.86
3.333044,13.86
3.332511,13.85
3.331967,13.84
3.331434,13.83
3.330902,13.83
3.330369,13.82
3.329837,13.82
3.329294,13.82
3.328762,13.83
3.328230,13.83
3.327698,13.83
3.327167,13.83
3.326625,13.83
3.326094,13.83
3.325563,13.83
3.325032,13.84
3.324490,13.85
3.323960,13.86
3.323430,13.87
3.322899,13.89
3.322370,13.91
3.321829,13.93
3.321299,13.95
3.320770,13.96
3.320241,13.98
3.319711,13.99
3.319172,14.00
3.318643,13.99
3.318114,13.98
3.317586,13.97
3.317047,13.95
3.316519,13.94
3.315991,13.93
3.315463,13.92
3.314935,13.93
3.314397,13.94
3.313870,13.95
3.313343,13.96
3.312816,13.96
3.312289,13.97
3.311752,13.96
3.311225,13.96
3.310699,13.95
3.310173,13.95
3.309636,13.94
3.309111,13.95
3.308585,13.95
3.308060,13.96
3.307535,13.97
3.306999,13.98
3.306474,13.98
3.305949,13.99
3.305425,13.99
3.304900,13.99
3.304365,13.99
3.303841,13.98
3.303317,13.97
3.302794,13.97
3.302270,13.96
3.301736,13.96
3.301213,13.96
3.300690,13.97
3.300167,13.97
3.299633,13.98
3.299111,13.98
3.298588,13.98
3.298066,13.98
3.297544,13.98
3.297011,13.98
3.296490,13.99
3.295968,14.00
3.295447,14.01
3.294925,14.02
3.294394,14.02
3.293873,14.02
3.293352,14.02
3.292832,14.00
3.292300,13.99
3.291780,13.97
3.291260,13.96
3.290740,13.95
3.290220,13.95
3.289690,13.94
3.289171,13.95
3.288652,13.95
3.288132,13.96
3.287614,13.97
3.287084,13.98
3.286566,13.99
3.286047,14.01
3.285529,14.02
3.285000,14.02
3.284482,14.03
3.283964,14.02
3.283447,14.01
3.282929,14.00
3.282401,13.99
3.281884,13.98
3.281367,13.97
3.280851,13.96
3.280334,13.95
3.279807,13.94
3.279291,13.94
3.278775,13.94
3.278259,13.96
3.277743,13.98
3.277216,14.00
3.276701,14.03
3.276186,14.06
3.275671,14.08
3.275145,14.10
3.274630,14.12
3.274115,14.13
3.273601,14.13
3.273087,14.12
3.272562,14.11
3.272048,14.09
3.271534,14.07
3.271020,14.05
3.270507,14.03
3.269983,14.02
3.269470,14.02
3.268957,14.02
3.268444,14.04
3.267920,14.05
3.267408,14.06
3.266896,14.07
3.266383,14.08
3.265871,14.09
3.265349,14.10
3.264837,14.12
3.264325,14.13
3.263814,14.14
3.263303,14.14
3.262781,14.14
3.262270,14.13
3.261759,14.12
3.261249,14.11
3.260738,14.10
3.260218,14.09
3.259707,14.08
3.259197,14.07
3.258688,14.06
3.258167,14.06
3.257658,14.06
3.257149,14.06
3.256639,14.05
3.256130,14.05
3.255611,14.05
3.255102,14.04
3.254594,14.03
3.254086,14.03
3.253577,14.03
3.253059,14.03
3.252551,14.05
3.252043,14.06
3.251536,14.09
3.251018,14.12
3.250510,14.15
3.250003,14.17
3.249496,14.19
3.248990,14.21
3.248472,14.22
3.247966,14.22
3.247460,14.21
3.246954,14.20
3.246448,14.18
3.245931,14.17
3.245426,14.16
3.244920,14.15
3.244415,14.15
3.243899,14.15
3.243394,14.15
3.242889,14.15
3.242384,14.15
3.241880,14.14
3.241365,14.14
3.240861,14.14
3.240357,14.14
3.239853,14.14
3.239349,14.14
3.238835,14.15
3.238331,14.15
3.237828,14.15
3.237325,14.15
3.236822,14.15
3.236309,14.14
3.235806,14.13
3.235304,14.11
3.234801,14.09
3.234289,14.07
3.233787,14.06
3.233285,14.06
3.232783,14.08
3.232281,14.10
3.231770,14.13
3.231268,14.17
3.230767,14.21
3.230266,14.24
3.229766,14.26
3.229254,14.27
3.228754,14.28
3.228254,14.27
3.227754,14.27
3.227243,14.26
3.226743,14.25
3.226244,14.23
3.225744,14.22
3.225245,14.20
3.224735,14.19
3.224236,14.17
3.223737,14.16
3.223238,14.15
3.222740,14.14
3.222231,14.14
3.221733,14.15
3.221234,14.16
3.220736,14.17
3.220239,14.19
3.219731,14.20
3.219233,14.20
3.218736,14.21
3.218238,14.20
3.217731,14.19
3.217234,14.18
3.216737,14.17
3.216241,14.16
3.215744,14.16
3.215238,14.16
3.214742,14.16
3.214246,14.17
3.213750,14.18
3.213254,14.20
3.212748,14.22
3.212253,14.24
3.211758,14.27
3.211263,14.29
3.210757,14.31
3.210263,14.33
3.209768,14.34
3.209274,14.35
3.208779,14.35
3.208275,14.35
3.207781,14.35
3.207287,14.34
3.206793,14.33
3.206300,14.31
3.205796,14.30
3.205303,14.29
3.204810,14.28
3.204317,14.28
3.203824,14.28
3.203321,14.28
3.202829,14.28
3.202336,14.28
3.201844,14.27
3.201342,14.26
3.200850,14.25
3.200358,14.24
3.199867,14.23
3.199375,14.22
3.198874,14.22
3.198383,14.23
3.197892,14.24
3.197401,14.25
3.196911,14.26
3.196410,14.27
3.195919,14.28
3.195429,14.29
3.194939,14.30
3.194439,14.31
3.193949,14.32
3.193460,14.33
3.192970,14.33
3.192481,14.32
3.191982,14.31
3.191493,14.29
3.191004,14.28
3.190515,14.26
3.190027,14.25
3.189528,14.25
3.189040,14.25
3.188552,14.26
3.188064,14.28
3.187566,14.30
3.187078,14.32
3.186591,14.34
3.186103,14.36
3.185616,14.37
3.185119,14.36
3.184632,14.35
3.184146,14.33
3.183659,14.31
3.183172,14.29
3.182676,14.27
3.182190,14.26
3.181704,14.26
3.181218,14.26
3.180732,14.27
3.180237,14.28
3.179751,14.29
3.179266,14.30
3.178781,14.31
3.178286,14.32
3.177801,14.33
3.177317,14.33
3.176832,14.34
3.176348,14.34
3.175853,14.34
3.175369,14.33
3.174885,14.32
3.174402,14.31
3.173918,14.30
3.173424,14.30
3.172941,14.31
3.172458,14.33
3.171975,14.35
3.171482,14.37
3.170999,14.39
3.170517,14.40
3.170034,14.39
3.169552,14.38
3.169060,14.36
3.168578,14.34
3.168096,14.32
3.167614,14.32
3.167133,14.32
3.166641,14.34
3.166160,14.36
3.165679,14.39
3.165198,14.42
3.164717,14.43
3.164227,14.45
3.163746,14.45
3.163266,14.46
3.162785,14.46
3.162295,14.46
3.161815,14.46
3.161336,14.45
3.160856,14.44
3.160376,14.42
3.159887,14.40
3.159408,14.38
3.158929,14.36
3.158450,14.35
3.157971,14.34
3.157483,14.35
3.157004,14.36
3.156526,14.38
3.156048,14.39
3.155560,14.41
3.155082,14.42
3.154604,14.42
3.154126,14.42
3.153649,14.41
3.153162,14.40
3.152685,14.39
3.152207,14.39
3.151731,14.39
3.151254,14.39
3.150767,14.40
3.150291,14.42
3.149815,14.43
3.149338,14.45
3.148853,14.47
3.148377,14.49
3.147901,14.50
3.147425,14.52
3.146950,14.53
3.146465,14.53
3.145990,14.52
3.145515,14.51
3.145040,14.50
3.144565,14.48
3.144081,14.46
3.143606,14.45
3.143132,14.45
3.142658,14.45
3.142184,14.46
3.141700,14.48
3.141226,14.50
3.140753,14.51
3.140279,14.51
3.139796,14.50
3.139323,14.48
3.138850,14.46
3.138377,14.45
3.137905,14.43
3.137422,14.43
3.136950,14.42
3.136478,14.42
3.136005,14.42
3.135533,14.41
3.135052,14.41
3.134580,14.41
3.134109,14.41
3.133637,14.41
3.133156,14.41
3.132685,14.41
3.132214,14.41
3.131743,14.41
3.131272,14.41
3.130792,14.41
3.130322,14.41
3.129851,14.42
3.129381,14.43
3.128911,14.45
3.128431,14.46
3.127962,14.47
3.127492,14.48
3.127023,14.48
3.126554,14.47
3.126075,14.45
3.125606,14.44
3.125137,14.43
3.124668,14.42
3.124190,14.42
3.123721,14.42
3.123253,14.42
3.122785,14.43
3.122317,14.43
3.121839,14.43
3.121371,14.44
3.120904,14.44
3.120436,14.44
3.119969,14.43
3.119492,14.43
3.119025,14.42
3.118558,14.42
3.118091,14.41
3.117615,14.41
3.117149,14.42
3.116682,14.44
3.116216,14.46
3.115750,14.49
3.115275,14.52
3.114809,14.54
3.114343,14.56
3.113878,14.57
3.113412,14.58
3.112937,14.58
3.112472,14.58
3.112007,14.58
3.111543,14.57
3.111078,14.56
3.110604,14.55
3.110139,14.54
3.109675,14.54
3.109211,14.53
3.108737,14.54
3.108274,14.55
3.107810,14.57
3.107346,14.59
3.106883,14.61
3.106410,14.64
3.105947,14.66
3.105484,14.68
3.105021,14.69
3.104558,14.69
3.104086,14.68
3.103624,14.66
3.103162,14.63
3.102699,14.61
3.102228,14.58
3.101766,14.57
3.101304,14.56
3.100842,14.56
3.100381,14.56
3.099910,14.57
3.099449,14.58
3.098988,14.59
3.098527,14.60
3.098066,14.61
3.097596,14.62
3.097135,14.63
3.096675,14.63
3.096215,14.63
3.095745,14.62
3.095285,14.61
3.094825,14.60
3.094366,14.59
3.093906,14.59
3.093437,14.59
3.092978,14.59
3.092519,14.60
3.092060,14.61
3.091601,14.61
3.091133,14.61
3.090674,14.60
3.090216,14.59
3.089757,14.59
3.089299,14.58
3.088832,14.58
3.088374,14.58
3.087916,14.58
3.087458,14.60
3.086991,14.61
3.086534,14.63
3.086077,14.65
3.085620,14.66
3.085163,14.68
3.084697,14.69
3.084240,14.70
3.083783,14.71
3.083327,14.72
3.082871,14.74
3.082405,14.75
3.081949,14.77
3.081493,14.78
3.081037,14.77
3.080572,14.76
3.080117,14.74
3.079662,14.72
3.079206,14.69
3.078751,14.66
3.078287,14.64
3.077832,14.62
3.077378,14.60
3.076923,14.59
3.076469,14.59
3.076005,14.59
3.075551,14.60
3.075097,14.61
3.074643,14.63
3.074180,14.65
3.073726,14.68
3.073273,14.70
3.072820,14.71
3.072367,14.72
3.071904,14.72
3.071451,14.72
3.070998,14.71
3.070546,14.70
3.070093,14.70
3.069632,14.69
3.069179,14.69
3.068727,14.69
3.068275,14.68
3.067823,14.67
3.067362,14.65
3.066911,14.63
3.066459,14.61
3.066008,14.59
3.065548,14.59
3.065097,14.60
3.064646,14.62
3.064195,14.65
3.063744,14.68
3.063284,14.70
3.062834,14.71
3.062384,14.71
3.061934,14.69
3.061484,14.67
3.061025,14.65
3.060575,14.64
3.060125,14.64
3.059676,14.65
3.059227,14.68
3.058768,14.71
3.058319,14.75
3.057870,14.78
3.057421,14.81
3.056963,14.84
3.056515,14.87
3.056067,14.89
3.055618,14.90
3.055170,14.90
3.054713,14.89
3.054265,14.88
3.053817,14.85
3.053370,14.81
3.052922,14.77
3.052466,14.73
3.052019,14.70
3.051572,14.68
3.051125,14.67
3.050669,14.67
3.050222,14.69
3.049775,14.70
3.049329,14.71
3.048883,14.71
3.048427,14.71
3.047981,14.70
3.047535,14.70
3.047090,14.69
3.046644,14.69
3.046189,14.70
3.045744,14.71
3.045299,14.72
3.044854,14.72
3.044400,14.72
3.043955,14.72
3.043510,14.71
3.043065,14.71
3.042621,14.71
3.042167,14.73
3.041723,14.74
3.041279,14.76
3.040835,14.78
3.040392,14.80
3.039939,14.80
3.039495,14.80
3.039052,14.79
3.038609,14.78
3.038165,14.77
3.037713,14.75
3.037270,14.74
3.036828,14.73
3.036385,14.73
3.035933,14.73
3.035491,14.74
3.035049,14.75
3.034607,14.75
3.034165,14.76
3.033714,14.77
3.033272,14.78
3.032830,14.79
3.032389,14.79
3.031948,14.80
3.031497,14.80
3.031056,14.80
3.030615,14.78
3.030174,14.76
3.029725,14.73
3.029284,14.70
3.028844,14.69
3.028403,14.69
3.027963,14.70
3.027514,14.73
3.027074,14.76
3.026634,14.79
3.026195,14.82
3.025755,14.84
3.025307,14.85
3.024867,14.86
3.024428,14.86
3.023989,14.87
3.023541,14.88
3.023103,14.88
3.022664,14.89
3.022225,14.89
3.021787,14.89
3.021340,14.88
3.020902,14.87
3.020464,14.86
3.020026,14.85
3.019588,14.84
3.019141,14.83
3.018704,14.81
3.018267,14.80
3.017829,14.79
3.017392,14.78
3.016946,14.78
3.016509,14.78
3.016073,14.78
3.015636,14.79
3.015191,14.79
3.014754,14.79
3.014318,14.78
3.013882,14.78
3.013446,14.77
3.013001,14.77
3.012565,14.77
3.012130,14.77
3.011694,14.78
3.011259,14.78
3.010815,14.79
3.010380,14.80
3.009945,14.81
3.009510,14.82
3.009066,14.83
3.008632,14.85
3.008197,14.86
3.007763,14.86
3.007329,14.86
3.006886,14.85
3.006452,14.84
3.006018,14.83
3.005584,14.82
3.005151,14.82
3.004708,14.82
3.004275,14.82
3.003842,14.83
3.003409,14.84
3.002976,14.85
3.002534,14.86
3.002101,14.86
3.001669,14.87
3.001237,14.88
3.000795,14.88
3.000363,14.89
2.999931,14.89
2.999499,14.89
2.999067,14.89
2.998627,14.89
2.998195,14.88
2.997764,14.87
2.997332,14.86
2.996901,14.85
2.996461,14.84
2.996030,14.84
2.995599,14.83
2.995169,14.84
2.994729,14.85
2.994299,14.86
2.993869,14.87
2.993438,14.88
2.993008,14.90
2.992569,14.91
2.992140,14.92
2.991710,14.92
2.991280,14.92
2.990851,14.90
2.990413,14.89
2.989984,14.87
2.989554,14.85
2.989126,14.83
2.988688,14.83
2.988259,14.83
2.987831,14.85
2.987402,14.87
2.986974,14.90
2.986537,14.92
2.986109,14.94
2.985681,14.96
2.985253,14.96
2.984825,14.96
2.984389,14.96
2.983961,14.96
2.983534,14.97
2.983107,14.97
2.982680,14.98
2.982244,15.00
2.981817,15.01
2.981390,15.02
2.980964,15.03
2.980528,15.03
2.980102,15.03
2.979676,15.03
2.979250,15.03
2.978824,15.03
2.978389,15.04
2.977963,15.05
2.977537,15.07
2.977112,15.09
2.976687,15.11
2.976252,15.13
2.975827,15.14
2.975402,15.15
2.974977,15.16
2.974553,15.16
2.974119,15.15
2.973695,15.15
2.973270,15.15
2.972846,15.14
2.972413,15.14
2.971989,15.13
2.971565,15.13
2.971141,15.14
2.970718,15.15
2.970285,15.16
2.969862,15.17
2.969439,15.19
2.969015,15.20
2.968592,15.20
2.968161,15.20
2.967738,15.20
2.967315,15.19
2.966892,15.18
2.966461,15.17
2.966039,15.16
2.965617,15.15
2.965195,15.14
2.964773,15.13
2.964342,15.12
2.963920,15.12
2.963499,15.12
2.963077,15.13
2.962656,15.14
2.962226,15.14
2.961805,15.15
2.961384,15.15
2.960963,15.15
2.960533,15.15
2.960112,15.15
2.959692,15.14
2.959272,15.14
2.958851,15.15
2.958422,15.15
2.958002,15.14
2.957582,15.14
2.957163,15.13
2.956743,15.13
2.956315,15.13
2.955895,15.13
2.955476,15.14
2.955057,15.15
2.954637,15.17
2.954210,15.18
2.953791,15.19
2.953372,15.19
2.952954,15.18
2.952526,15.17
2.952108,15.16
2.951690,15.15
2.951272,15.15
2.950854,15.16
2.950427,15.18
2.950009,15.20
2.949591,15.24
2.949174,15.28
2.948757,15.31
2.948331,15.35
2.947913,15.37
2.947496,15.39
2.947079,15.39
2.946654,15.38
2.946237,15.37
2.945820,15.36
2.945404,15.34
2.944988,15.32
2.944563,15.31
2.944147,15.30
2.943731,15.29
2.943315,15.28
2.942899,15.28
2.942475,15.27
2.942059,15.27
2.941644,15.27
2.941228,15.27
2.940805,15.27
2.940389,15.27
2.939975,15.27
2.939560,15.27
2.939145,15.27
2.938722,15.27
2.938307,15.27
2.937893,15.26
2.937479,15.25
2.937065,15.25
2.936642,15.24
2.936228,15.23
2.935814,15.22
2.935401,15.22
2.934987,15.20
2.934565,15.19
2.934152,15.17
2.933739,15.16
2.933326,15.15
2.932904,15.16
2.932491,15.17
2.932078,15.20
2.931666,15.23
2.931253,15.27
2.930832,15.30
2.930420,15.32
2.930008,15.33
2.929596,15.33
2.929184,15.33
2.928764,15.32
2.928352,15.31
2.927940,15.30
2.927529,15.30
2.927109,15.30
2.926698,15.30
2.926287,15.30
2.925876,15.30
2.925465,15.31
2.925046,15.32
2.924635,15.33
2.924225,15.35
2.923814,15.38
2.923404,15.40
2.922985,15.42
2.922575,15.43
2.922165,15.44
2.921755,15.45
2.921346,15.45
2.920928,15.45
2.920518,15.44
2.920109,15.43
2.919700,15.42
2.919282,15.40
2.918873,15.39
2.918464,15.38
2.918055,15.37
2.917647,15.37
2.917229,15.38
2.916821,15.40
2.916413,15.41
2.916004,15.43
2.915596,15.45
2.915180,15.47
2.914772,15.49
2.914364,15.50
2.913957,15.50
2.913541,15.49
2.913133,15.48
2.912726,15.45
2.912319,15.42
2.911912,15.38
2.911496,15.35
2.911090,15.33
2.910683,15.32
2.910276,15.31
2.909870,15.30
2.909455,15.29
2.909049,15.29
2.908642,15.28
2.908236,15.28
2.907822,15.28
2.907416,15.29
2.907011,15.32
2.906605,15.36
2.906200,15.41
2.905786,15.46
2.905380,15.51
2.904975,15.54
2.904570,15.55
2.904165,15.56
2.903752,15.56
2.903348,15.56
2.902943,15.56
2.902539,15.58
2.902134,15.60
2.901722,15.61
2.901317,15.62
2.900913,15.61
2.900510,15.59
2.900097,15.55
2.899694,15.51
2.899290,15.47
2.898887,15.43
2.898484,15.41
2.898072,15.39
2.897669,15.39
2.897266,15.40
2.896863,15.41
2.896460,15.42
2.896049,15.43
2.895647,15.42
2.895244,15.42
2.894842,15.40
2.894431,15.39
2.894029,15.38
2.893627,15.38
2.893226,15.38
2.892824,15.39
2.892414,15.41
2.892012,15.43
2.891611,15.45
2.891210,15.47
2.890808,15.49
2.890399,15.51
2.889998,15.53
2.889597,15.54
2.889196,15.55
2.888796,15.56
2.888387,15.56
2.887987,15.56
2.887586,15.56
2.887186,15.55
2.886778,15.54
2.886378,15.53
2.885978,15.53
2.885578,15.53
2.885179,15.54
2.884771,15.55
2.884371,15.55
2.883972,15.56
2.883573,15.55
2.883174,15.55
2.882767,15.54
2.882368,15.53
2.881969,15.51
2.881570,15.50
2.881164,15.50
2.880765,15.49
2.880367,15.48
2.879969,15.47
2.879571,15.47
2.879164,15.46
2.878767,15.45
2.878369,15.45
2.877971,15.45
2.877574,15.46
2.877168,15.46
2.876771,15.47
2.876373,15.47
2.875976,15.47
2.875579,15.47
2.875174,15.48
2.874778,15.49
2.874381,15.52
2.873984,15.56
2.873580,15.62
2.873183,15.67
2.872787,15.72
2.872391,15.76
2.871995,15.78
2.871591,15.77
2.871195,15.75
2.870800,15.71
2.870404,15.67
2.870009,15.64
2.869605,15.63
2.869210,15.62
2.868815,15.62
2.868420,15.63
2.868017,15.64
2.867622,15.64
2.867227,15.63
2.866833,15.62
2.866438,15.60
2.866036,15.59
2.865642,15.57
2.865247,15.56
2.864853,15.55
2.864460,15.54
2.864058,15.53
2.863664,15.51
2.863270,15.50
2.862877,15.50
2.862475,15.51
2.862082,15.52
2.861689,15.55
2.861296,15.58
2.860903,15.61
2.860502,15.62
2.860109,15.63
2.859717,15.62
2.859324,15.60
2.858932,15.58
2.858531,15.57
2.858139,15.57
2.857747,15.59
2.857355,15.62
2.856963,15.67
2.856563,15.74
2.856172,15.82
2.855780,15.89
2.855389,15.95
2.854989,15.99
2.854598,16.00
2.854207,15.99
2.853816,15.95
2.853425,15.89
2.853026,15.84
2.852636,15.80
2.852245,15.77
2.851855,15.75
2.851464,15.74
2.851066,15.75
2.850676,15.77
2.850286,15.79
2.849896,15.81
2.849498,15.82
2.849108,15.83
2.848719,15.82
2.848329,15.80
2.847940,15.77
2.847543,15.74
2.847153,15.71
2.846764,15.67
2.846375,15.63
2.845987,15.60
2.845590,15.56
2.845201,15.54
2.844813,15.53
2.844424,15.53
2.844028,15.54
2.843640,15.57
2.843252,15.61
2.842864,15.65
2.842476,15.69
2.842080,15.72
2.841692,15.74
2.841305,15.76
2.840917,15.77
2.840530,15.80
2.840135,15.83
2.839747,15.88
2.839360,15.93
2.838973,15.97
2.838587,16.01
2.838192,16.02
2.837805,16.02
2.837419,16.00
2.837032,15.99
2.836638,15.99
2.836252,15.99
2.835866,16.02
2.835480,16.05
2.835094,16.08
2.834700,16.11
2.834314,16.13
2.833929,16.13
2.833543,16.11
2.833158,16.07
2.832765,16.02
2.832380,15.96
2.831995,15.89
2.831610,15.82
2.831217,15.76
2.830832,15.70
2.830448,15.67
2.830063,15.65
2.829679,15.65
2.829287,15.66
2.828902,15.68
2.828518,15.71
2.828134,15.72
2.827750,15.72
2.827359,15.71
2.826975,15.68
2.826591,15.65
2.826208,15.62
2.825825,15.61
2.825433,15.61
2.825050,15.63
2.824667,15.66
2.824284,15.70
2.823894,15.76
2.823511,15.82
2.823128,15.88
2.822746,15.94
2.822363,16.00
2.821973,16.05
2.821591,16.10
2.821209,16.13
2.820827,16.15
2.820445,16.15
2.820055,16.14
2.819673,16.12
2.819292,16.08
2.818910,16.05
2.818521,16.02
2.818140,16.00
2.817759,16.00
2.817378,16.02
2.816997,16.05
2.816608,16.09
2.816227,16.13
2.815846,16.16
2.815466,16.17
2.815085,16.14
2.814697,16.09
2.814317,16.03
2.813937,15.96
2.813557,15.90
2.813177,15.85
2.812789,15.82
2.812409,15.81
2.812030,15.81
2.811650,15.82
2.811263,15.84
2.810884,15.85
2.810505,15.87
2.810125,15.89
2.809746,15.91
2.809360,15.94
2.808981,15.98
2.808602,16.02
2.808224,16.06
2.807845,16.11
2.807459,16.16
2.807081,16.20
2.806702,16.25
2.806324,16.29
2.805938,16.33
2.805561,16.38
2.805183,16.43
2.804805,16.47
2.804428,16.52
2.804042,16.54
2.803665,16.53
2.803288,16.47
2.802911,16.38
2.802533,16.26
2.802149,16.15
2.801772,16.05
2.801395,15.97
2.801018,15.91
2.800634,15.88
2.800258,15.87
2.799881,15.89
2.799505,15.92
2.799129,15.98
2.798745,16.04
2.798369,16.10
2.797993,16.14
2.797618,16.17
2.797242,16.17
2.796859,16.17
2.796483,16.15
2.796108,16.14
2.795733,16.13
2.795357,16.14
2.794975,16.17
2.794600,16.20
2.794225,16.23
2.793850,16.26
2.793468,16.29
2.793093,16.31
2.792719,16.32
2.792345,16.34
2.791970,16.37
2.791588,16.40
2.791214,16.44
2.790840,16.48
2.790467,16.53
2.790093,16.59
2.789712,16.66
2.789338,16.74
2.788965,16.84
2.788591,16.95
2.788210,17.05
2.787837,17.10
2.787464,17.06
2.787091,16.96
2.786718,16.83
2.786338,16.70
2.785965,16.60
2.785593,16.53
2.785221,16.50
2.784848,16.50
2.784468,16.52
2.784096,16.56
2.783724,16.62
2.783352,16.68
2.782980,16.74
2.782601,16.80
2.782229,16.84
2.781858,16.86
2.781486,16.86
2.781107,16.85
2.780736,16.84
2.780365,16.82
2.779994,16.81
2.779623,16.82
2.779245,16.83
2.778874,16.85
2.778503,16.87
2.778133,16.88
2.777762,16.87
2.777384,16.84
2.777014,16.78
2.776644,16.70
2.776274,16.62
2.775896,16.54
2.775527,16.47
2.775157,16.42
2.774787,16.40
2.774418,16.39
2.774041,16.41
2.773671,16.46
2.773302,16.53
2.772933,16.61
2.772564,16.71
2.772187,16.80
2.771818,16.86
2.771450,16.88
2.771081,16.85
2.770705,16.81
2.770336,16.76
2.769968,16.72
2.769600,16.72
2.769232,16.75
2.768856,16.81
2.768488,16.91
2.768120,17.02
2.767752,17.11
2.767385,17.16
2.767009,17.16
2.766642,17.13
2.766275,17.08
2.765907,17.05
2.765540,17.04
2.765166,17.06
2.764799,17.12
2.764432,17.21
2.764065,17.31
2.763691,17.38
2.763324,17.41
2.762958,17.38
2.762591,17.28
2.762225,17.16
2.761851,17.03
2.761485,16.91
2.761119,16.82
2.760753,16.75
2.760387,16.70
2.760014,16.69
2.759648,16.71
2.759283,16.75
2.758918,16.82
2.758545,16.91
2.758179,17.01
2.757814,17.12
2.757449,17.23
2.757084,17.35
2.756712,17.48
2.756347,17.61
2.755983,17.71
2.755618,17.71
2.755254,17.63
2.754882,17.49
2.754517,17.35
2.754153,17.22
2.753789,17.11
2.753425,17.01
2.753054,16.92
2.752690,16.83
2.752326,16.74
2.751963,16.65
2.751592,16.56
2.751228,16.48
2.750865,16.42
2.750502,16.37
2.750139,16.35
2.749768,16.34
2.749405,16.36
2.749043,16.38
2.748680,16.41
2.748317,16.43
2.747947,16.46
2.747585,16.48
2.747223,16.50
2.746860,16.52
2.746491,16.55
2.746129,16.57
2.745767,16.59
2.745405,16.61
2.745043,16.62
2.744674,16.65
2.744312,16.70
2.743951,16.77
2.743590,16.88
2.743228,17.03
2.742860,17.24
2.742499,17.50
2.742138,17.81
2.741777,18.15
2.741416,18.45
2.741048,18.65
2.740687,18.67
2.740327,18.49
2.739966,18.15
2.739598,17.75
2.739238,17.38
2.738878,17.09
2.738518,16.87
2.738158,16.72
2.737791,16.62
2.737431,16.55
2.737071,16.52
2.736712,16.51
2.736352,16.52
2.735986,16.56
2.735626,16.59
2.735267,16.62
2.734908,16.62
2.734542,16.58
2.734183,16.53
2.733824,16.47
2.733465,16.41
2.733107,16.36
2.732741,16.32
2.732382,16.29
2.732024,16.27
2.731666,16.26
2.731308,16.25
2.730942,16.24
2.730584,16.23
2.730226,16.22
2.729869,16.22
2.729503,16.22
2.729146,16.23
2.728788,16.25
2.728431,16.27
2.728074,16.31
2.727709,16.37
2.727352,16.44
2.726995,16.55
2.726638,16.70
2.726281,16.89
2.725917,17.14
2.725561,17.41
2.725204,17.63
2.724848,17.74
2.724491,17.71
2.724128,17.59
2.723771,17.46
2.723415,17.36
2.723059,17.30
2.722696,17.29
2.722340,17.34
2.721985,17.46
2.721629,17.63
2.721274,17.85
2.720911,18.02
2.720555,18.06
2.720200,17.96
2.719845,17.79
2.719490,17.62
2.719128,17.46
2.718773,17.32
2.718418,17.18
2.718063,17.05
2.717701,16.92
2.717347,16.79
2.716993,16.69
2.716638,16.60
2.716284,16.55
2.715923,16.51
2.715569,16.51
2.715215,16.53
2.714861,16.57
2.714507,16.63
2.714146,16.70
2.713793,16.78
2.713439,16.87
2.713086,16.97
2.712732,17.10
2.712372,17.26
2.712019,17.46
2.711666,17.71
2.711313,18.00
2.710953,18.26
2.710600,18.43
2.710247,18.45
2.709895,18.32
2.709542,18.09
2.709183,17.82
2.708831,17.56
2.708478,17.33
2.708126,17.14
2.707774,17.00
2.707415,16.89
2.707063,16.81
2.706712,16.75
2.706360,16.72
2.706001,16.71
2.705650,16.71
2.705298,16.72
2.704947,16.74
2.704596,16.77
2.704238,16.79
2.703887,16.83
2.703536,16.86
2.703185,16.90
2.702834,16.94
2.702476,16.99
2.702126,17.02
2.701775,17.05
2.701425,17.06
2.701067,17.05
2.700717,17.02
2.700367,16.99
2.700017,16.96
2.699667,16.94
2.699310,16.93
2.698961,16.94
2.698611,16.96
2.698262,17.01
2.697912,17.08
2.697555,17.17
2.697206,17.28
2.696857,17.42
2.696508,17.57
2.696159,17.73
2.695803,17.90
2.695454,18.04
2.695105,18.11
2.694757,18.07
2.694401,17.92
2.694053,17.69
2.693704,17.44
2.693356,17.20
2.693008,17.01
2.692653,16.85
2.692305,16.74
2.691957,16.66
2.691609,16.62
2.691261,16.61
2.690906,16.63
2.690559,16.68
2.690211,16.76
2.689864,16.86
2.689510,16.95
2.689162,17.05
2.688815,17.13
2.688468,17.20
2.688121,17.26
2.687767,17.32
2.687421,17.39
2.687074,17.46
2.686728,17.53
2.686381,17.59
2.686028,17.63
2.685681,17.66
2.685335,17.69
2.684989,17.71
2.684643,17.73
2.684290,17.75
2.683944,17.75
2.683598,17.73
2.683253,17.68
2.682900,17.62
2.682555,17.57
2.682209,17.54
2.681864,17.53
2.681519,17.57
2.681166,17.64
2.680821,17.75
2.680476,17.90
2.680132,18.07
2.679787,18.26
2.679435,18.44
2.679091,18.61
2.678746,18.77
2.678402,18.94
2.678050,19.10
2.677706,19.23
2.677362,19.27
2.677018,19.17
2.676674,18.95
2.676323,18.67
2.675979,18.41
2.675635,18.20
2.675292,18.05
2.674948,17.95
2.674598,17.90
2.674254,17.87
2.673911,17.86
2.673568,17.84
2.673225,17.83
2.672875,17.80
2.672532,17.76
2.672189,17.71
2.671846,17.67
2.671497,17.66
2.671154,17.69
2.670812,17.78
2.670469,17.90
2.670127,18.02
2.669778,18.11
2.669436,18.16
2.669094,18.20
2.668752,18.24
2.668410,18.32
2.668061,18.46
2.667720,18.66
2.667378,18.93
2.667036,19.24
2.666688,19.48
2.666347,19.52
2.666005,19.30
2.665664,18.89
2.665323,18.42
2.664975,18.01
2.664634,17.70
2.664294,17.49
2.663953,17.36
2.663612,17.28
2.663265,17.25
2.662924,17.24
2.662584,17.25
2.662244,17.27
2.661897,17.30
2.661556,17.33
2.661216,17.35
2.660877,17.35
2.660537,17.33
2.660190,17.27
2.659850,17.19
2.659511,17.10
2.659171,17.00
2.658832,16.92
2.658486,16.85
2.658146,16.80
2.657807,16.77
2.657468,16.76
2.657129,16.77
2.656783,16.80
2.656445,16.85
2.656106,16.91
2.655767,16.96
2.655422,17.01
2.655083,17.04
2.654745,17.07
2.654407,17.10
2.654069,17.14
2.653724,17.20
2.653386,17.25
2.653048,17.27
2.652710,17.25
2.652372,17.18
2.652027,17.06
2.651690,16.93
2.651352,16.80
2.651015,16.69
2.650671,16.61
2.650334,16.55
2.649996,16.51
2.649659,16.49
2.649322,16.47
2.648979,16.47
2.648642,16.48
2.648305,16.51
2.647968,16.54
2.647632,16.59
2.647289,16.65
2.646952,16.72
2.646616,16.80
2.646280,16.86
2.645937,16.89
2.645601,16.88
2.645265,16.85
2.644929,16.81
2.644593,16.77
2.644250,16.74
2.643915,16.73
2.643579,16.74
2.643244,16.76
2.642909,16.79
2.642566,16.82
2.642231,16.83
2.641896,16.81
2.641561,16.78
2.641226,16.73
2.640885,16.68
2.640550,16.65
2.640215,16.63
2.639881,16.62
2.639539,16.62
2.639205,16.63
2.638871,16.64
2.638536,16.64
2.638202,16.64
2.637861,16.62
2.637527,16.61
2.637193,16.60
2.636860,16.60
2.636526,16.62
2.636185,16.66
2.635852,16.72
2.635518,16.80
2.635185,16.90
2.634845,17.02
2.634512,17.14
2.634178,17.24
2.633845,17.32
2.633512,17.37
2.633173,17.39
2.632840,17.41
2.632507,17.43
2.632175,17.48
2.631842,17.56
2.631503,17.69
2.631170,17.84
2.630838,17.97
2.630506,18.01
2.630174,17.95
2.629835,17.83
2.629503,17.69
2.629171,17.58
2.628839,17.51
2.628501,17.48
2.628169,17.49
2.627838,17.54
2.627506,17.61
2.627175,17.66
2.626837,17.66
2.626506,17.58
2.626175,17.43
2.625844,17.27
2.625513,17.11
2.625175,16.97
2.624844,16.86
2.624513,16.79
2.624183,16.75
2.623846,16.73
2.623515,16.74
2.623185,16.77
2.622855,16.82
2.622524,16.90
2.622187,17.00
2.621857,17.13
2.621527,17.29
2.621198,17.48
2.620868,17.67
2.620531,17.82
2.620202,17.91
2.619872,17.95
2.619543,17.97
2.619214,17.99
2.618877,18.03
2.618548,18.10
2.618219,18.19
2.617890,18.28
2.617554,18.33
2.617226,18.30
2.616897,18.19
2.616568,18.03
2.616240,17.87
2.615904,17.73
2.615576,17.62
2.615247,17.54
2.614919,17.48
2.614591,17.43
2.614256,17.40
2.613928,17.39
2.613600,17.38
2.613272,17.36
2.612938,17.32
2.612610,17.26
2.612282,17.20
2.611955,17.14
2.611627,17.10
2.611293,17.08
2.610966,17.09
2.610639,17.13
2.610312,17.21
2.609985,17.30
2.609651,17.39
2.609324,17.47
2.608997,17.55
2.608671,17.62
2.608344,17.69
2.608011,17.78
2.607684,17.87
2.607358,17.97
2.607032,18.08
2.606699,18.20
2.606373,18.32
2.606047,18.46
2.605721,18.60
2.605395,18.70
2.605062,18.73
2.604736,18.66
2.604411,18.50
2.604085,18.29
2.603760,18.09
2.603428,17.92
2.603102,17.78
2.602777,17.69
2.602452,17.63
2.602120,17.57
2.601795,17.50
2.601470,17.40
2.601146,17.29
2.600821,17.17
2.600489,17.06
2.600165,16.97
2.599840,16.92
2.599516,16.89
2.599192,16.89
2.598861,16.93
2.598537,17.00
2.598212,17.09
2.597888,17.20
2.597558,17.33
2.597234,17.47
2.596910,17.64
2.596587,17.83
2.596263,18.08
2.595933,18.38
2.595609,18.69
2.595286,18.91
2.594963,18.94
2.594639,18.80
2.594310,18.60
2.593987,18.38
2.593664,18.17
2.593341,17.97
2.593018,17.78
2.592689,17.61
2.592366,17.46
2.592043,17.35
2.591721,17.27
2.591392,17.23
2.591070,17.22
2.590747,17.26
2.590425,17.33
2.590103,17.44
2.589775,17.56
2.589453,17.69
2.589131,17.81
2.588809,17.89
2.588487,17.93
2.588159,17.92
2.587838,17.86
2.587516,17.77
2.587195,17.67
2.586867,17.57
2.586546,17.50
2.586225,17.45
2.585904,17.42
2.585583,17.42
2.585255,17.46
2.584934,17.54
2.584614,17.66
2.584293,17.78
2.583973,17.86
2.583646,17.89
2.583325,17.87
2.583005,17.84
2.582685,17.80
2.582358,17.77
2.582038,17.75
2.581718,17.71
2.581398,17.64
2.581078,17.54
2.580752,17.43
2.580432,17.31
2.580112,17.21
2.579793,17.13
2.579474,17.08
2.579148,17.06
2.578828,17.07
2.578509,17.11
2.578190,17.17
2.577871,17.26
2.577545,17.35
2.577227,17.44
2.576908,17.49
2.576589,17.52
2.576264,17.52
2.575945,17.52
2.575627,17.52
2.575308,17.54
2.574990,17.57
2.574665,17.62
2.574347,17.67
2.574029,17.70
2.573711,17.69
2.573393,17.63
2.573069,17.55
2.572751,17.47
2.572433,17.41
2.572116,17.39
2.571792,17.39
2.571474,17.43
2.571157,17.49
2.570839,17.57
2.570522,17.64
2.570199,17.69
2.569882,17.70
2.569565,17.64
2.569248,17.55
2.568931,17.45
2.568608,17.35
2.568291,17.28
2.567974,17.23
2.567658,17.21
2.567341,17.22
2.567018,17.24
2.566702,17.28
2.566386,17.33
2.566070,17.40
2.565747,17.49
2.565431,17.57
2.565115,17.66
2.564800,17.75
2.564484,17.83
2.564162,17.89
2.563846,17.96
2.563531,18.02
2.563215,18.09
2.562900,18.18
2.562578,18.27
2.562263,18.36
2.561948,18.41
2.561633,18.39
2.561311,18.29
2.560997,18.12
2.560682,17.90
2.560367,17.68
2.560052,17.48
2.559731,17.31
2.559417,17.18
2.559102,17.09
2.558788,17.02
2.558474,16.98
2.558153,16.96
2.557839,16.95
2.557525,16.93
2.557211,16.92
2.556897,16.91
2.556577,16.89
2.556263,16.87
2.555950,16.86
2.555636,16.85
2.555316,16.85
2.555003,16.85
2.554690,16.87
2.554376,16.89
2.554063,16.93
2.553744,16.97
2.553431,17.01
2.553118,17.04
2.552805,17.06
2.552492,17.07
2.552173,17.08
2.551860,17.08
2.551548,17.08
2.551235,17.07
2.550916,17.08
2.550604,17.08
2.550292,17.10
2.549980,17.12
2.549668,17.15
2.549349,17.19
2.549037,17.23
2.548725,17.27
2.548413,17.30
2.548102,17.29
2.547784,17.27
2.547472,17.23
2.547161,17.19
2.546849,17.16
2.546531,17.15
2.546220,17.15
2.545909,17.16
2.545598,17.18
2.545287,17.21
2.544970,17.22
2.544659,17.23
2.544348,17.23
2.544037,17.21
2.543727,17.19
2.543410,17.17
2.543099,17.14
2.542789,17.12
2.542478,17.09
2.542168,17.07
2.541852,17.05
2.541541,17.04
2.541231,17.03
2.540922,17.04
2.540605,17.05
2.540295,17.07
2.539986,17.09
2.539676,17.11
2.539367,17.13
2.539051,17.13
2.538741,17.13
2.538432,17.12
2.538123,17.12
2.537813,17.11
2.537498,17.11
2.537189,17.13
2.536880,17.15
2.536571,17.18
2.536256,17.19
2.535947,17.20
2.535638,17.18
2.535330,17.16
2.535021,17.13
2.534706,17.11
2.534398,17.10
2.534090,17.11
2.533782,17.12
2.533474,17.15
2.533159,17.18
2.532851,17.20
2.532543,17.22
2.532235,17.24
2.531928,17.25
2.531614,17.25
2.531306,17.25
2.530998,17.25
2.530691,17.23
2.530377,17.20
2.530070,17.16
2.529763,17.12
2.529456,17.08
2.529148,17.04
2.528835,17.02
2.528528,17.01
2.528221,17.01
2.527914,17.01
2.527608,17.02
2.527295,17.02
2.526988,17.02
2.526682,17.02
2.526375,17.02
2.526063,17.03
2.525756,17.04
2.525450,17.07
2.525144,17.09
2.524838,17.12
2.524526,17.14
2.524220,17.16
2.523914,17.17
2.523608,17.17
2.523303,17.16
2.522991,17.15
2.522685,17.14
2.522380,17.13
2.522074,17.10
2.521763,17.08
2.521458,17.05
2.521152,17.02
2.520847,17.00
2.520542,16.99
2.520231,16.99
2.519926,17.01
2.519622,17.03
2.519317,17.07
2.519012,17.10
2.518701,17.12
2.518397,17.15
2.518092,17.17
2.517788,17.19
2.517484,17.21
2.517173,17.23
2.516869,17.24
2.516565,17.24
2.516261,17.24
2.515951,17.22
2.515647,17.19
2.515344,17.16
2.515040,17.14
2.514736,17.12
2.514427,17.11
2.514123,17.10
2.513820,17.10
2.513516,17.10
2.513213,17.09
2.512904,17.08
2.512601,17.07
2.512298,17.05
2.511995,17.03
2.511686,17.02
2.511383,17.01
2.511080,17.01
2.510778,17.01
2.510475,17.03
2.510166,17.05
2.509864,17.08
2.509561,17.11
2.509259,17.14
2.508957,17.16
2.508649,17.18
2.508347,17.18
2.508045,17.17
2.507743,17.16
2.507435,17.15
2.507133,17.14
2.506831,17.13
2.506530,17.14
2.506228,17.14
2.505920,17.15
2.505619,17.16
2.505318,17.16
2.505016,17.15
2.504715,17.13
2.504408,17.11
2.504107,17.09
2.503806,17.07
2.503505,17.05
2.503204,17.05
2.502897,17.06
2.502596,17.07
2.502296,17.08
2.501995,17.10
2.501689,17.12
2.501388,17.13
2.501088,17.14
2.500788,17.15
2.500488,17.16
2.500181,17.17
2.499881,17.18
