17.241379,8.38
17.227122,8.57
17.212889,8.72
17.198679,8.86
17.184493,9.00
17.170035,9.14
17.155896,9.27
17.141780,9.36
17.127687,9.39
17.113324,9.35
17.099278,9.24
17.085255,9.06
17.071255,8.86
17.057278,8.67
17.043034,8.53
17.029103,8.46
17.015195,8.46
17.001309,8.53
16.987446,8.65
16.973318,8.79
16.959501,8.90
16.945706,8.96
16.931934,8.93
16.918184,8.78
16.904170,8.51
16.890465,8.14
16.876783,7.70
16.863122,7.26
16.849200,6.86
16.835584,6.54
16.821990,6.32
16.808418,6.21
16.794867,6.21
16.781058,6.29
16.767551,6.42
16.754067,6.59
16.740604,6.79
16.727163,7.01
16.713464,7.27
16.700067,7.56
16.686691,7.89
16.673336,8.23
16.659725,8.56
16.646414,8.83
16.633123,9.01
16.619854,9.08
16.606606,9.03
16.593104,8.89
16.579899,8.68
16.566714,8.42
16.553551,8.15
16.540408,7.89
16.527013,7.68
16.513913,7.52
16.500833,7.43
16.487774,7.40
16.474736,7.43
16.461447,7.49
16.448451,7.58
16.435474,7.66
16.422519,7.71
16.409314,7.74
16.396399,7.72
16.383505,7.66
16.370631,7.58
16.357777,7.49
16.344677,7.42
16.331863,7.38
16.319070,7.39
16.306297,7.48
16.293544,7.66
16.280546,7.92
16.267834,8.25
16.255141,8.63
16.242468,9.00
16.229551,9.31
16.216917,9.50
16.204304,9.54
16.191710,9.41
16.179135,9.17
16.166319,8.85
16.153784,8.52
16.141268,8.24
16.128772,8.03
16.116295,7.91
16.103578,7.86
16.091140,7.84
16.078721,7.83
16.066322,7.81
16.053684,7.78
16.041322,7.76
16.028980,7.77
16.016657,7.84
16.004353,7.96
15.991812,8.11
15.979546,8.27
15.967299,8.41
15.955071,8.49
15.942861,8.51
15.930416,8.47
15.918244,8.41
15.906090,8.34
15.893956,8.26
15.881839,8.20
15.869489,8.14
15.857410,8.08
15.845349,8.02
15.833307,7.96
15.821032,7.92
15.809027,7.92
15.797040,7.98
15.785070,8.10
15.773119,8.28
15.760938,8.49
15.749024,8.72
15.737127,8.93
15.725248,9.07
15.713388,9.14
15.701298,9.12
15.689474,9.02
15.677667,8.85
15.665878,8.65
15.653862,8.43
15.642109,8.24
15.630373,8.10
15.618655,8.03
15.606954,8.04
15.595028,8.10
15.583363,8.22
15.571716,8.35
15.560085,8.49
15.548472,8.63
15.536635,8.75
15.525057,8.86
15.513497,8.95
15.501953,9.03
15.490427,9.09
15.478678,9.14
15.467186,9.16
15.455712,9.18
15.444254,9.20
15.432575,9.23
15.421152,9.28
15.409745,9.35
15.398355,9.43
15.386983,9.50
15.375390,9.55
15.364051,9.56
15.352729,9.53
15.341423,9.50
15.330134,9.46
15.318627,9.44
15.307372,9.45
15.296133,9.48
15.284911,9.54
15.273472,9.60
15.262282,9.67
15.251110,9.73
15.239953,9.79
15.228813,9.85
15.217457,9.93
15.206350,10.02
15.195259,10.12
15.184184,10.21
15.173125,10.28
15.161853,10.33
15.150826,10.36
15.139816,10.37
15.128822,10.35
15.117615,10.32
15.106653,10.26
15.095707,10.17
15.084776,10.04
15.073862,9.88
15.062736,9.72
15.051854,9.57
15.040987,9.46
15.030135,9.41
15.019300,9.45
15.008255,9.59
14.997450,9.85
14.986662,10.20
14.975889,10.58
14.965131,10.88
14.954165,10.97
14.943439,10.86
14.932728,10.64
14.922032,10.41
14.911130,10.19
14.900465,10.01
14.889815,9.85
14.879181,9.73
14.868562,9.62
14.857737,9.53
14.847149,9.47
14.836575,9.42
14.826017,9.40
14.815473,9.39
14.804726,9.38
14.794213,9.38
14.783714,9.38
14.773231,9.38
14.762544,9.36
14.752091,9.34
14.741653,9.31
14.731229,9.29
14.720820,9.26
14.710209,9.25
14.699829,9.25
14.689465,9.28
14.679115,9.34
14.668779,9.41
14.658243,9.50
14.647937,9.58
14.637645,9.65
14.627368,9.68
14.617105,9.69
14.606643,9.66
14.596409,9.62
14.586190,9.58
14.575985,9.54
14.565582,9.52
14.555405,9.52
14.545243,9.53
14.535095,9.54
14.524961,9.54
14.514631,9.54
14.504525,9.52
14.494434,9.50
14.484357,9.48
14.474294,9.45
14.464035,9.44
14.454000,9.43
14.443979,9.41
14.433972,9.39
14.423770,9.33
14.413791,9.25
14.403826,9.14
14.393874,9.01
14.383936,8.88
14.373805,8.76
14.363895,8.67
14.353998,8.62
14.344115,8.60
14.334246,8.61
14.324185,8.62
14.314343,8.62
14.304515,8.60
14.294700,8.56
14.284898,8.52
14.274906,8.48
14.265132,8.46
14.255371,8.47
14.245623,8.51
14.235686,8.58
14.225965,8.68
14.216258,8.78
14.206563,8.89
14.196882,8.99
14.187013,9.08
14.177359,9.15
14.167717,9.20
14.158089,9.22
14.148474,9.22
14.138672,9.19
14.129083,9.14
14.119508,9.07
14.109945,8.99
14.100196,8.90
14.090659,8.83
14.081136,8.76
14.071625,8.71
14.062126,8.68
14.052444,8.66
14.042971,8.66
14.033512,8.66
14.024065,8.66
14.014631,8.66
14.005014,8.66
13.995605,8.66
13.986210,8.65
13.976826,8.65
13.967261,8.65
13.957903,8.66
13.948558,8.67
13.939225,8.69
13.929905,8.72
13.920403,8.77
13.911108,8.83
13.901825,8.90
13.892555,8.97
13.883297,9.04
13.873859,9.08
13.864626,9.09
13.855405,9.05
13.846196,8.98
13.837000,8.88
13.827625,8.77
13.818453,8.68
13.809294,8.61
13.800146,8.58
13.790821,8.59
13.781698,8.63
13.772587,8.68
13.763488,8.74
13.754401,8.80
13.745138,8.85
13.736075,8.88
13.727024,8.91
13.717986,8.92
13.708959,8.92
13.699756,8.90
13.690753,8.86
13.681762,8.81
13.672783,8.75
13.663629,8.68
13.654673,8.62
13.645730,8.57
13.636798,8.54
13.627877,8.52
13.618783,8.52
13.609886,8.52
13.601001,8.54
13.592127,8.56
13.583265,8.58
13.574231,8.60
13.565392,8.63
13.556565,8.66
13.547749,8.69
13.538945,8.72
13.529969,8.75
13.521188,8.79
13.512418,8.83
13.503659,8.86
13.494730,8.89
13.485995,8.89
13.477271,8.88
13.468558,8.84
13.459856,8.78
13.450985,8.72
13.442306,8.67
13.433638,8.65
13.424981,8.66
13.416336,8.70
13.407522,8.76
13.398899,8.82
13.390287,8.88
13.381686,8.92
13.372917,8.93
13.364339,8.93
13.355771,8.91
13.347214,8.90
13.338669,8.88
13.329956,8.88
13.321433,8.88
13.312920,8.88
13.304418,8.87
13.295927,8.84
13.287271,8.80
13.278802,8.73
13.270343,8.67
13.261896,8.60
13.253284,8.57
13.244858,8.56
13.236443,8.59
13.228038,8.64
13.219644,8.72
13.211087,8.79
13.202714,8.85
13.194353,8.90
13.186002,8.91
13.177661,8.91
13.169158,8.91
13.160839,8.90
13.152530,8.89
13.144232,8.90
13.135944,8.92
13.127494,8.95
13.119228,8.99
13.110971,9.04
13.102725,9.08
13.094318,9.13
13.086093,9.16
13.077879,9.18
13.069674,9.19
13.061480,9.19
13.053126,9.17
13.044953,9.16
13.036790,9.14
13.028637,9.13
13.020494,9.13
13.012192,9.12
13.004070,9.11
12.995958,9.08
12.987856,9.05
12.979596,9.01
12.971515,8.98
12.963443,8.95
12.955382,8.93
12.947330,8.93
12.939121,8.93
12.931090,8.94
12.923069,8.95
12.915058,8.97
12.907056,9.00
12.898898,9.03
12.890917,9.07
12.882946,9.11
12.874984,9.14
12.867032,9.16
12.858925,9.15
12.850993,9.11
12.843071,9.05
12.835158,8.98
12.827091,8.90
12.819198,8.83
12.811315,8.77
12.803442,8.73
12.795578,8.70
12.787560,8.70
12.779716,8.71
12.771881,8.73
12.764056,8.75
12.756241,8.77
12.748273,8.79
12.740476,8.80
12.732690,8.80
12.724913,8.80
12.716984,8.79
12.709226,8.77
12.701477,8.75
12.693738,8.73
12.686009,8.70
12.678128,8.68
12.670417,8.66
12.662716,8.64
12.655024,8.64
12.647342,8.66
12.639509,8.70
12.631845,8.75
12.624190,8.80
12.616545,8.85
12.608750,8.87
12.601124,8.87
12.593507,8.85
12.585899,8.82
12.578300,8.81
12.570552,8.80
12.562972,8.83
12.555401,8.87
12.547839,8.93
12.540286,8.99
12.532585,9.04
12.525050,9.08
12.517525,9.08
12.510008,9.07
12.502501,9.03
12.494846,8.99
12.487357,8.95
12.479876,8.93
12.472405,8.94
12.464787,8.98
12.457334,9.03
12.449889,9.10
12.442454,9.15
12.435027,9.18
12.427455,9.18
12.420046,9.14
12.412646,9.09
12.405255,9.02
12.397873,8.96
12.390345,8.90
12.382981,8.85
12.375625,8.81
12.368278,8.78
12.360787,8.75
12.353457,8.73
12.346136,8.72
12.338824,8.74
12.331521,8.78
12.324074,8.84
12.316788,8.90
12.309510,8.96
12.302241,9.01
12.294981,9.04
12.287578,9.04
12.280335,9.03
12.273101,9.00
12.265875,8.97
12.258658,8.94
12.251299,8.91
12.244098,8.90
12.236907,8.89
12.229723,8.90
12.222399,8.93
12.215232,8.97
12.208074,9.01
12.200925,9.06
12.193784,9.11
12.186502,9.15
12.179378,9.17
12.172262,9.19
12.165154,9.20
12.158055,9.21
12.150816,9.20
12.143733,9.19
12.136659,9.16
12.129593,9.12
12.122388,9.07
12.115338,9.02
12.108297,8.98
12.101263,8.96
12.094238,8.96
12.087075,8.99
12.080067,9.04
12.073066,9.10
12.066074,9.17
12.059090,9.23
12.051968,9.29
12.045000,9.34
12.038040,9.38
12.031088,9.40
12.024144,9.40
12.017064,9.39
12.010137,9.38
12.003217,9.35
11.996305,9.33
11.989258,9.30
11.982362,9.27
11.975474,9.25
11.968594,9.21
11.961722,9.18
11.954716,9.14
11.947860,9.10
11.941011,9.07
11.934171,9.04
11.927339,9.03
11.920372,9.02
11.913555,9.03
11.906746,9.04
11.899945,9.07
11.893010,9.09
11.886225,9.13
11.879447,9.16
11.872677,9.20
11.865915,9.23
11.859020,9.26
11.852273,9.27
11.845534,9.27
11.838803,9.26
11.832079,9.25
11.825223,9.23
11.818515,9.20
11.811814,9.18
11.805121,9.15
11.798296,9.12
11.791619,9.08
11.784948,9.04
11.778286,9.01
11.771630,8.98
11.764844,8.97
11.758204,8.97
11.751572,8.99
11.744947,9.03
11.738329,9.08
11.731581,9.13
11.724979,9.20
11.718384,9.27
11.711796,9.34
11.705216,9.40
11.698506,9.45
11.691941,9.50
11.685383,9.53
11.678832,9.55
11.672153,9.56
11.665617,9.56
11.659088,9.55
11.652567,9.54
11.646053,9.53
11.639411,9.51
11.632912,9.49
11.626420,9.46
11.619935,9.42
11.613458,9.37
11.606853,9.32
11.600390,9.27
11.593934,9.22
11.587486,9.17
11.580910,9.12
11.574476,9.09
11.568049,9.06
11.561629,9.03
11.555217,9.02
11.548678,9.01
11.542279,8.99
11.535888,8.98
11.529504,8.96
11.523127,8.95
11.516624,8.96
11.510261,8.98
11.503906,9.02
11.497557,9.08
11.491215,9.17
11.484748,9.26
11.478421,9.36
11.472100,9.44
11.465786,9.50
11.459348,9.53
11.453048,9.54
11.446755,9.52
11.440470,9.50
11.434191,9.46
11.427788,9.43
11.421523,9.40
11.415264,9.39
11.409013,9.39
11.402769,9.40
11.396401,9.42
11.390170,9.45
11.383946,9.47
11.377729,9.48
11.371390,9.49
11.365186,9.49
11.358990,9.48
11.352800,9.47
11.346616,9.47
11.340311,9.46
11.334142,9.46
11.327979,9.46
11.321823,9.46
11.315673,9.45
11.309403,9.44
11.303267,9.42
11.297137,9.39
11.291015,9.37
11.284771,9.35
11.278662,9.34
11.272559,9.33
11.266463,9.33
11.260374,9.33
11.254164,9.34
11.248088,9.34
11.242018,9.34
11.235955,9.33
11.229898,9.33
11.223722,9.33
11.217679,9.33
11.211642,9.34
11.205612,9.36
11.199588,9.39
11.193445,9.42
11.187434,9.46
11.181430,9.50
11.175432,9.54
11.169316,9.58
11.163331,9.61
11.157352,9.63
11.151380,9.63
11.145414,9.63
11.139331,9.61
11.133378,9.58
11.127431,9.55
11.121491,9.53
11.115557,9.51
11.109506,9.50
11.103585,9.50
11.097671,9.50
11.091762,9.50
11.085737,9.50
11.079841,9.49
11.073952,9.47
11.068069,9.45
11.062192,9.42
11.056199,9.40
11.050334,9.38
11.044476,9.38
11.038624,9.38
11.032778,9.41
11.026817,9.45
11.020984,9.49
11.015157,9.54
11.009336,9.59
11.003521,9.63
10.997592,9.65
10.991789,9.66
10.985993,9.65
10.980203,9.63
10.974298,9.60
10.968520,9.57
10.962749,9.54
10.956983,9.51
10.951223,9.48
10.945350,9.45
10.939602,9.43
10.933861,9.40
10.928126,9.38
10.922396,9.35
10.916554,9.34
10.910837,9.34
10.905125,9.35
10.899420,9.37
10.893602,9.41
10.887909,9.44
10.882222,9.48
10.876540,9.51
10.870865,9.53
10.865077,9.54
10.859414,9.55
10.853756,9.55
10.848105,9.57
10.842459,9.58
10.836702,9.60
10.831068,9.60
10.825440,9.59
10.819818,9.57
10.814084,9.53
10.808474,9.48
10.802869,9.45
10.797270,9.44
10.791677,9.45
10.785974,9.49
10.780393,9.54
10.774817,9.60
10.769247,9.65
10.763683,9.69
10.758009,9.71
10.752457,9.71
10.746910,9.69
10.741369,9.66
10.735834,9.63
10.730189,9.59
10.724666,9.56
10.719148,9.53
10.713635,9.51
10.708014,9.49
10.702513,9.47
10.697018,9.45
10.691528,9.43
10.686044,9.42
10.680452,9.41
10.674979,9.42
10.669512,9.43
10.664050,9.46
10.658595,9.49
10.653031,9.51
10.647586,9.53
10.642147,9.53
10.636714,9.52
10.631173,9.50
10.625750,9.49
10.620334,9.48
10.614922,9.49
10.609517,9.50
10.604004,9.52
10.598609,9.53
10.593220,9.55
10.587837,9.56
10.582459,9.57
10.576974,9.58
10.571607,9.60
10.566245,9.62
10.560889,9.63
10.555538,9.65
10.550081,9.65
10.544741,9.65
10.539407,9.63
10.534078,9.61
10.528643,9.59
10.523325,9.57
10.518012,9.56
10.512705,9.56
10.507402,9.56
10.501995,9.56
10.496704,9.57
10.491418,9.57
10.486137,9.58
10.480862,9.57
10.475482,9.56
10.470217,9.55
10.464958,9.55
10.459704,9.55
10.454346,9.57
10.449102,9.60
10.443864,9.63
10.438631,9.67
10.433404,9.71
10.428072,9.73
10.422855,9.73
10.417643,9.72
10.412437,9.69
10.407235,9.66
10.401931,9.64
10.396740,9.62
10.391554,9.61
10.386373,9.61
10.381198,9.60
10.375920,9.60
10.370754,9.59
10.365595,9.58
10.360440,9.56
10.355183,9.55
10.350038,9.54
10.344899,9.53
10.339765,9.54
10.334635,9.55
10.329405,9.57
10.324286,9.60
10.319172,9.62
10.314063,9.64
10.308960,9.64
10.303755,9.63
10.298661,9.61
10.293573,9.58
10.288489,9.56
10.283305,9.55
10.278232,9.55
10.273163,9.57
10.268100,9.59
10.263042,9.61
10.257883,9.62
10.252835,9.62
10.247792,9.61
10.242753,9.59
10.237720,9.58
10.232587,9.58
10.227563,9.58
10.222545,9.59
10.217531,9.59
10.212418,9.59
10.207415,9.58
10.202416,9.57
10.197422,9.55
10.192433,9.54
10.187345,9.55
10.182366,9.57
10.177392,9.60
10.172423,9.63
10.167458,9.67
10.162395,9.70
10.157440,9.72
10.152490,9.72
10.147545,9.71
10.142605,9.68
10.137567,9.66
10.132636,9.63
10.127710,9.61
10.122789,9.59
10.117771,9.59
10.112860,9.61
10.107953,9.62
10.103051,9.64
10.098154,9.66
10.093160,9.67
10.088272,9.67
10.083390,9.67
10.078512,9.67
10.073638,9.66
10.068668,9.66
10.063805,9.64
10.058945,9.63
10.054091,9.61
10.049140,9.59
10.044295,9.56
10.039455,9.55
10.034619,9.54
10.029788,9.53
10.024862,9.53
10.020040,9.52
10.015223,9.51
10.010411,9.50
10.005603,9.48
10.000700,9.46
9.995902,9.44
9.991108,9.43
9.986319,9.42
9.981435,9.41
9.976655,9.41
9.971879,9.40
9.967109,9.39
9.962342,9.39
9.957482,9.38
9.952725,9.38
9.947972,9.39
9.943224,9.41
9.938481,9.43
9.933643,9.45
9.928909,9.47
9.924179,9.49
9.919454,9.50
9.914635,9.51
9.909919,9.51
9.905207,9.50
9.900500,9.48
9.895797,9.46
9.891001,9.44
9.886307,9.42
9.881618,9.41
9.876933,9.39
9.872253,9.38
9.867480,9.36
9.862808,9.34
9.858141,9.31
9.853479,9.29
9.848821,9.27
9.844070,9.27
9.839421,9.28
9.834776,9.31
9.830135,9.34
9.825403,9.38
9.820771,9.41
9.816144,9.43
9.811521,9.43
9.806902,9.43
9.802192,9.42
9.797582,9.42
9.792976,9.42
9.788375,9.43
9.783778,9.46
9.779090,9.49
9.774502,9.53
9.769918,9.57
9.765339,9.60
9.760668,9.62
9.756098,9.61
9.751531,9.59
9.746969,9.55
9.742411,9.49
9.737762,9.42
9.733213,9.36
9.728667,9.30
9.724127,9.26
9.719590,9.25
9.714963,9.25
9.710435,9.27
9.705911,9.29
9.701391,9.32
9.696782,9.35
9.692270,9.36
9.687763,9.38
9.683261,9.39
9.678762,9.40
9.674174,9.41
9.669684,9.43
9.665198,9.45
9.660716,9.48
9.656238,9.51
9.651671,9.53
9.647202,9.55
9.642737,9.55
9.638276,9.56
9.633819,9.56
9.629273,9.55
9.624824,9.54
9.620380,9.53
9.615939,9.52
9.611411,9.49
9.606979,9.47
9.602550,9.43
9.598126,9.40
9.593707,9.36
9.589199,9.34
9.584787,9.33
9.580379,9.32
9.575976,9.33
9.571576,9.33
9.567089,9.33
9.562698,9.33
9.558310,9.33
9.553927,9.32
9.549457,9.32
9.545081,9.32
9.540710,9.33
9.536343,9.35
9.531980,9.37
9.527530,9.40
9.523175,9.42
9.518823,9.43
9.514476,9.44
9.510133,9.43
9.505703,9.42
9.501368,9.41
9.497037,9.39
9.492710,9.37
9.488386,9.36
9.483977,9.35
9.479661,9.35
9.475350,9.35
9.471042,9.36
9.466649,9.37
9.462349,9.38
9.458054,9.39
9.453762,9.39
9.449474,9.39
9.445100,9.39
9.440820,9.38
9.436544,9.36
9.432272,9.35
9.428003,9.34
9.423650,9.32
9.419389,9.30
9.415132,9.29
9.410879,9.26
9.406541,9.24
9.402296,9.22
9.398055,9.21
9.393817,9.20
9.389583,9.21
9.385265,9.24
9.381039,9.27
9.376817,9.30
9.372598,9.32
9.368384,9.34
9.364085,9.35
9.359878,9.35
9.355675,9.34
9.351475,9.34
9.347279,9.33
9.343000,9.32
9.338812,9.32
9.334628,9.32
9.330447,9.33
9.326183,9.35
9.322010,9.38
9.317841,9.41
9.313675,9.44
9.309513,9.47
9.305269,9.49
9.301114,9.49
9.296964,9.48
9.292817,9.47
9.288673,9.45
9.284448,9.44
9.280312,9.43
9.276180,9.42
9.272051,9.42
9.267841,9.42
9.263720,9.42
9.259602,9.41
9.255489,9.41
9.251378,9.41
9.247187,9.41
9.243084,9.41
9.238985,9.42
9.234889,9.43
9.230798,9.43
9.226624,9.44
9.222540,9.46
9.218459,9.48
9.214382,9.50
9.210223,9.53
9.206153,9.55
9.202087,9.56
9.198024,9.55
9.193965,9.54
9.189825,9.51
9.185773,9.48
9.181725,9.45
9.177680,9.43
9.173639,9.42
9.169517,9.43
9.165483,9.45
9.161452,9.48
9.157425,9.51
9.153402,9.53
9.149298,9.55
9.145282,9.56
9.141269,9.55
9.137260,9.54
9.133171,9.52
9.129169,9.50
9.125170,9.48
9.121175,9.46
9.117183,9.45
9.113112,9.44
9.109127,9.45
9.105146,9.47
9.101169,9.50
9.097194,9.54
9.093141,9.59
9.089174,9.64
9.085210,9.68
9.081250,9.72
9.077211,9.73
9.073257,9.72
9.069308,9.70
9.065361,9.67
9.061418,9.64
9.057397,9.61
9.053461,9.59
9.049528,9.57
9.045599,9.56
9.041673,9.55
9.037669,9.53
9.033750,9.51
9.029835,9.49
9.025922,9.47
9.022014,9.46
9.018027,9.45
9.014125,9.46
9.010227,9.48
9.006331,9.50
9.002359,9.53
8.998470,9.56
8.994585,9.60
8.990704,9.62
8.986825,9.64
8.982870,9.65
8.978998,9.66
8.975130,9.65
8.971265,9.65
8.967403,9.65
8.963465,9.67
8.959610,9.69
8.955759,9.72
8.951910,9.76
8.947985,9.80
8.944144,9.83
8.940306,9.86
8.936471,9.87
8.932639,9.88
8.928731,9.88
8.924906,9.87
8.921084,9.86
8.917266,9.84
8.913450,9.83
8.909559,9.82
8.905750,9.81
8.901945,9.81
8.898143,9.81
8.894265,9.83
8.890469,9.85
8.886677,9.87
8.882888,9.89
8.879102,9.90
8.875241,9.90
8.871461,9.91
8.867685,9.91
8.863912,9.92
8.860143,9.94
8.856298,9.96
8.852534,9.98
8.848774,10.01
8.845018,10.02
8.841264,10.04
8.837435,10.04
8.833688,10.05
8.829944,10.05
8.826203,10.06
8.822388,10.06
8.818653,10.06
8.814922,10.06
8.811194,10.06
8.807469,10.06
8.803669,10.06
8.799951,10.05
8.796235,10.05
8.792523,10.04
8.788814,10.03
8.785030,10.02
8.781327,10.00
8.777628,9.98
8.773931,9.96
8.770160,9.94
8.766470,9.93
8.762783,9.91
8.759099,9.91
8.755417,9.91
8.751663,9.92
8.747988,9.94
8.744316,9.97
8.740648,9.99
8.736982,10.01
8.733243,10.04
8.729584,10.05
8.725927,10.06
8.722274,10.07
8.718624,10.06
8.714901,10.05
8.711257,10.04
8.707616,10.02
8.703978,10.01
8.700267,10.00
8.696635,9.99
8.693006,9.99
8.689381,10.01
8.685758,10.03
8.682063,10.05
8.678446,10.08
8.674833,10.11
8.671222,10.13
8.667614,10.15
8.663935,10.16
8.660333,10.17
8.656735,10.17
8.653139,10.17
8.649472,10.17
8.645882,10.17
8.642295,10.17
8.638712,10.17
8.635131,10.16
8.631479,10.14
8.627904,10.12
8.624333,10.10
8.620764,10.07
8.617198,10.04
8.613561,10.02
8.610001,10.01
8.606445,10.01
8.602891,10.02
8.599266,10.04
8.595718,10.06
8.592173,10.08
8.588630,10.10
8.585091,10.11
8.581481,10.12
8.577948,10.12
8.574417,10.13
8.570890,10.14
8.567365,10.15
8.563770,10.16
8.560251,10.18
8.556735,10.19
8.553222,10.20
8.549712,10.22
8.546132,10.23
8.542628,10.25
8.539126,10.26
8.535628,10.27
8.532059,10.28
8.528566,10.28
8.525077,10.28
8.521589,10.27
8.518105,10.27
8.514551,10.27
8.511073,10.28
8.507597,10.30
8.504125,10.32
8.500655,10.34
8.497115,10.36
8.493651,10.37
8.490190,10.37
8.486731,10.36
8.483203,10.35
8.479750,10.33
8.476300,10.32
8.472853,10.31
8.469408,10.30
8.465895,10.29
8.462456,10.29
8.459020,10.29
8.455587,10.29
8.452157,10.30
8.448658,10.31
8.445233,10.32
8.441811,10.33
8.438391,10.32
8.434975,10.30
8.431490,10.27
8.428079,10.23
8.424671,10.19
8.421265,10.16
8.417792,10.14
8.414392,10.14
8.410995,10.15
8.407600,10.17
8.404209,10.21
8.400749,10.24
8.397363,10.27
8.393980,10.29
8.390599,10.31
8.387221,10.32
8.383776,10.33
8.380403,10.34
8.377034,10.34
8.373666,10.35
8.370232,10.34
8.366871,10.34
8.363512,10.33
8.360155,10.32
8.356802,10.32
8.353381,10.31
8.350033,10.31
8.346688,10.31
8.343345,10.30
8.340005,10.30
8.336599,10.30
8.333264,10.30
8.329932,10.30
8.326603,10.30
8.323276,10.30
8.319883,10.31
8.316562,10.31
8.313243,10.32
8.309927,10.33
8.306545,10.34
8.303234,10.34
8.299926,10.35
8.296621,10.35
8.293318,10.35
8.289949,10.35
8.286652,10.33
8.283357,10.32
8.280065,10.31
8.276775,10.30
8.273420,10.29
8.270136,10.29
8.266854,10.30
8.263575,10.31
8.260230,10.32
8.256956,10.34
8.253685,10.37
8.250417,10.40
8.247151,10.43
8.243819,10.45
8.240558,10.47
8.237300,10.47
8.234044,10.47
8.230791,10.45
8.227473,10.43
8.224225,10.42
8.220980,10.41
8.217737,10.41
8.214429,10.41
8.211192,10.42
8.207957,10.43
8.204724,10.43
8.201494,10.44
8.198200,10.44
8.194975,10.46
8.191753,10.47
8.188533,10.49
8.185316,10.51
8.182034,10.52
8.178822,10.52
8.175612,10.51
8.172405,10.49
8.169200,10.47
8.165932,10.45
8.162732,10.44
8.159535,10.44
8.156341,10.44
8.153082,10.45
8.149893,10.46
8.146706,10.46
8.143521,10.45
8.140339,10.44
8.137094,10.42
8.133917,10.40
8.130742,10.38
8.127570,10.36
8.124401,10.35
8.121168,10.34
8.118003,10.34
8.114841,10.35
8.111682,10.36
8.108459,10.37
8.105304,10.38
8.102152,10.40
8.099002,10.41
8.095855,10.43
8.092645,10.44
8.089502,10.45
8.086362,10.45
8.083225,10.45
8.080090,10.44
8.076892,10.42
8.073762,10.40
8.070634,10.37
8.067509,10.34
8.064386,10.31
8.061201,10.29
8.058083,10.28
8.054967,10.28
8.051854,10.29
8.048678,10.30
8.045570,10.33
8.042464,10.36
8.039361,10.39
8.036260,10.43
8.033096,10.46
8.030000,10.48
8.026906,10.50
8.023815,10.51
8.020726,10.51
8.017575,10.51
8.014490,10.50
8.011408,10.50
8.008329,10.49
8.005187,10.49
8.002113,10.50
7.999040,10.51
7.995970,10.51
7.992902,10.52
7.989773,10.52
7.986710,10.52
7.983649,10.51
7.980591,10.51
7.977535,10.51
7.974418,10.51
7.971367,10.51
7.968318,10.51
7.965271,10.51
7.962164,10.51
7.959122,10.51
7.956082,10.50
7.953045,10.50
7.950010,10.50
7.946915,10.49
7.943884,10.49
7.940857,10.48
7.937831,10.47
7.934808,10.46
7.931724,10.44
7.928705,10.41
7.925689,10.39
7.922675,10.38
7.919663,10.37
7.916591,10.36
7.913584,10.36
7.910579,10.37
7.907576,10.37
7.904513,10.36
7.901516,10.36
7.898520,10.35
7.895526,10.34
7.892535,10.34
7.889484,10.34
7.886498,10.35
7.883513,10.37
7.880531,10.39
7.877551,10.42
7.874512,10.45
7.871537,10.47
7.868564,10.50
7.865593,10.52
7.862562,10.55
7.859596,10.57
7.856632,10.60
7.853670,10.62
7.850711,10.64
7.847692,10.65
7.844737,10.65
7.841784,10.65
7.838834,10.64
7.835885,10.64
7.832878,10.63
7.829934,10.64
7.826992,10.65
7.824053,10.66
7.821115,10.68
7.818119,10.69
7.815186,10.70
7.812256,10.70
7.809327,10.69
7.806340,10.69
7.803416,10.69
7.800495,10.70
7.797575,10.71
7.794658,10.72
7.791682,10.73
7.788769,10.73
7.785858,10.73
7.782949,10.73
7.780043,10.72
7.777078,10.71
7.774176,10.70
7.771276,10.69
7.768378,10.68
7.765422,10.68
7.762529,10.67
7.759637,10.67
7.756748,10.67
7.753861,10.67
7.750917,10.68
7.748034,10.68
7.745153,10.69
7.742275,10.70
7.739399,10.72
7.736465,10.73
7.733593,10.75
7.730723,10.77
7.727856,10.78
7.724931,10.79
7.722067,10.79
7.719206,10.79
7.716347,10.79
7.713490,10.79
7.710576,10.80
7.707723,10.81
7.704873,10.83
7.702024,10.84
7.699178,10.84
7.696274,10.84
7.693432,10.83
7.690592,10.82
7.687754,10.80
7.684918,10.78
7.682026,10.78
7.679194,10.78
7.676364,10.79
7.673537,10.82
7.670653,10.84
7.667830,10.86
7.665008,10.88
7.662189,10.89
7.659372,10.88
7.656499,10.88
7.653686,10.86
7.650875,10.85
7.648067,10.83
7.645260,10.82
7.642397,10.82
7.639594,10.81
7.636794,10.82
7.633996,10.83
7.631141,10.85
7.628347,10.86
7.625555,10.89
7.622765,10.91
7.619977,10.93
7.617132,10.95
7.614348,10.97
7.611567,10.98
7.608787,10.99
7.606009,11.00
7.603175,11.01
7.600401,11.03
7.597630,11.05
7.594860,11.08
7.592092,11.11
7.589269,11.15
7.586505,11.18
7.583743,11.21
7.580984,11.21
7.578169,11.20
7.575413,11.18
7.572660,11.14
7.569908,11.09
7.567159,11.04
7.564354,10.99
7.561608,10.94
7.558865,10.90
7.556123,10.87
7.553384,10.84
7.550589,10.83
7.547853,10.82
7.545120,10.82
7.542388,10.83
7.539602,10.84
7.536874,10.85
7.534149,10.86
7.531425,10.87
7.528703,10.88
7.525927,10.88
7.523209,10.88
7.520493,10.88
7.517780,10.88
7.515068,10.88
7.512301,10.88
7.509594,10.88
7.506888,10.89
7.504184,10.90
7.501482,10.92
7.498725,10.93
7.496027,10.96
7.493331,10.99
7.490637,11.02
7.487888,11.06
7.485198,11.11
7.482510,11.16
7.479823,11.22
7.477139,11.29
7.474400,11.36
7.471720,11.43
7.469041,11.47
7.466364,11.47
7.463689,11.43
7.460961,11.35
7.458290,11.26
7.455620,11.16
7.452953,11.08
7.450232,11.02
7.447569,10.98
7.444908,10.95
7.442248,10.93
7.439591,10.92
7.436879,10.92
7.434226,10.91
7.431574,10.90
7.428924,10.90
7.426276,10.91
7.423574,10.92
7.420930,10.94
7.418288,10.97
7.415647,10.99
7.412953,11.00
7.410317,11.01
7.407682,11.00
7.405049,10.99
7.402418,10.98
7.399734,10.97
7.397106,10.97
7.394481,10.98
7.391857,10.99
7.389235,10.99
7.386561,11.00
7.383943,11.00
7.381327,10.99
7.378712,10.99
7.376100,10.98
7.373435,10.99
7.370826,11.00
7.368219,11.01
7.365614,11.03
7.362957,11.06
7.360356,11.09
7.357756,11.12
7.355159,11.16
7.352563,11.21
7.349915,11.28
7.347323,11.35
7.344732,11.42
7.342144,11.48
7.339557,11.51
7.336919,11.51
7.334336,11.46
7.331755,11.39
7.329175,11.31
7.326544,11.24
7.323968,11.19
7.321395,11.15
7.318823,11.13
7.316252,11.13
7.313630,11.14
7.311064,11.15
7.308499,11.16
7.305936,11.15
7.303375,11.14
7.300762,11.13
7.298205,11.12
7.295649,11.13
7.293095,11.16
7.290490,11.21
7.287939,11.29
7.285391,11.39
7.282844,11.50
7.280299,11.60
7.277703,11.66
7.275161,11.68
7.272621,11.64
7.270084,11.57
7.267547,11.49
7.264960,11.41
7.262428,11.33
7.259897,11.27
7.257368,11.22
7.254841,11.18
7.252263,11.15
7.249739,11.12
7.247217,11.10
7.244697,11.08
7.242126,11.07
7.239609,11.06
7.237094,11.06
7.234581,11.06
7.232070,11.08
7.229508,11.10
7.227000,11.14
7.224494,11.18
7.221990,11.25
7.219487,11.33
7.216934,11.43
7.214435,11.52
7.211937,11.61
7.209441,11.67
7.206896,11.68
7.204403,11.64
7.201913,11.58
7.199424,11.51
7.196937,11.44
7.194400,11.38
7.191916,11.33
7.189434,11.31
7.186954,11.30
7.184476,11.32
7.181947,11.36
7.179472,11.43
7.176999,11.53
7.174528,11.64
7.172058,11.76
7.169538,11.86
7.167072,11.92
7.164607,11.95
7.162144,11.95
7.159631,11.95
7.157171,11.93
7.154714,11.92
7.152257,11.89
7.149803,11.84
7.147299,11.75
7.144847,11.65
7.142398,11.54
7.139950,11.44
7.137504,11.37
7.135009,11.33
7.132566,11.33
7.130125,11.35
7.127685,11.39
7.125197,11.44
7.122761,11.48
7.120326,11.51
7.117894,11.52
7.115463,11.50
7.112983,11.46
7.110555,11.41
7.108129,11.36
7.105704,11.32
7.103282,11.29
7.100810,11.28
7.098391,11.28
7.095973,11.30
7.093557,11.32
7.091142,11.35
7.088679,11.37
7.086268,11.38
7.083859,11.39
7.081451,11.37
7.078994,11.36
7.076590,11.34
7.074187,11.34
7.071786,11.34
7.069386,11.36
7.066938,11.40
7.064542,11.45
7.062147,11.53
7.059754,11.61
7.057362,11.72
7.054923,11.83
7.052534,11.94
7.050148,12.01
7.047763,12.02
7.045330,11.98
7.042948,11.90
7.040568,11.82
7.038189,11.76
7.035812,11.73
7.033387,11.73
7.031014,11.75
7.028642,11.77
7.026271,11.79
7.023902,11.80
7.021486,11.77
7.019120,11.72
7.016756,11.66
7.014394,11.61
7.011983,11.57
7.009624,11.56
7.007267,11.57
7.004910,11.61
7.002556,11.65
7.000154,11.70
6.997803,11.74
6.995453,11.74
6.993105,11.72
6.990758,11.67
6.988364,11.62
6.986021,11.56
6.983679,11.53
6.981339,11.52
6.979000,11.54
6.976614,11.59
6.974279,11.66
6.971945,11.76
6.969612,11.87
6.967233,11.98
6.964904,12.08
6.962576,12.13
6.960250,12.10
6.957925,12.01
6.955554,11.88
6.953233,11.75
6.950913,11.63
6.948594,11.54
6.946277,11.47
6.943914,11.42
6.941600,11.38
6.939288,11.36
6.936978,11.36
6.934620,11.36
6.932313,11.36
6.930007,11.37
6.927702,11.38
6.925400,11.39
6.923050,11.41
6.920750,11.44
6.918452,11.48
6.916155,11.54
6.913860,11.60
6.911519,11.66
6.909227,11.71
6.906936,11.73
6.904647,11.73
6.902359,11.70
6.900026,11.66
6.897741,11.62
6.895458,11.59
6.893176,11.58
6.890849,11.58
6.888570,11.59
6.886294,11.61
6.884018,11.64
6.881744,11.69
6.879424,11.76
6.877153,11.86
6.874884,12.01
6.872616,12.23
6.870350,12.55
6.868038,13.00
6.865774,13.51
6.863512,13.90
6.861252,13.91
6.858946,13.57
6.856688,13.11
6.854432,12.69
6.852178,12.36
6.849925,12.11
6.847627,11.94
6.845377,11.82
6.843128,11.75
6.840881,11.73
6.838636,11.74
6.836345,11.79
6.834102,11.87
6.831861,11.97
6.829621,12.06
6.827337,12.11
6.825100,12.10
6.822865,12.03
6.820631,11.93
6.818399,11.83
6.816121,11.74
6.813892,11.67
6.811664,11.63
6.809438,11.62
6.807213,11.65
6.804943,11.71
6.802721,11.81
6.800501,11.97
6.798281,12.20
6.796064,12.50
6.793801,12.84
6.791587,13.14
6.789373,13.31
6.787161,13.29
6.784905,13.15
6.782696,12.95
6.780488,12.74
6.778282,12.54
6.776078,12.35
6.773829,12.18
6.771627,12.03
6.769427,11.90
6.767228,11.81
6.765030,11.75
6.762788,11.73
6.760594,11.73
6.758401,11.75
6.756209,11.79
6.753973,11.83
6.751784,11.85
6.749597,11.86
6.747411,11.85
6.745226,11.83
6.742997,11.80
6.740816,11.78
6.738635,11.78
6.736456,11.81
6.734279,11.86
6.732057,11.95
6.729883,12.07
6.727709,12.23
6.725538,12.41
6.723367,12.60
6.721153,12.79
6.718985,12.95
6.716819,13.05
6.714654,13.06
6.712446,12.96
6.710284,12.77
6.708123,12.55
6.705964,12.35
6.703806,12.20
6.701604,12.09
6.699449,12.02
6.697296,11.99
6.695143,12.01
6.692992,12.06
6.690798,12.17
6.688650,12.31
6.686503,12.50
6.684358,12.71
6.682169,12.91
6.680027,13.05
6.677886,13.11
6.675746,13.09
6.673607,13.01
6.671426,12.91
6.669290,12.79
6.667156,12.68
6.665023,12.59
6.662891,12.52
6.660716,12.47
6.658588,12.44
6.656460,12.43
6.654334,12.45
6.652209,12.47
6.650042,12.51
6.647920,12.56
6.645799,12.64
6.643680,12.77
6.641517,13.00
6.639401,13.39
6.637286,13.96
6.635172,14.43
6.633059,14.50
6.630904,14.26
6.628794,13.94
6.626686,13.65
6.624579,13.40
6.622473,13.20
6.620324,13.03
6.618221,12.89
6.616120,12.76
6.614019,12.66
6.611876,12.58
6.609779,12.54
6.607682,12.53
6.605587,12.55
6.603493,12.62
6.601357,12.72
6.599266,12.86
6.597176,13.01
6.595088,13.14
6.593001,13.21
6.590872,13.22
6.588787,13.18
6.586704,13.14
6.584622,13.13
6.582498,13.18
6.580419,13.30
6.578341,13.49
6.576265,13.76
6.574190,14.04
6.572073,14.23
6.570000,14.24
6.567929,14.13
6.565859,13.98
6.563790,13.84
6.561680,13.74
6.559614,13.67
6.557549,13.62
6.555486,13.56
6.553424,13.49
6.551320,13.39
6.549260,13.25
6.547202,13.10
6.545145,12.93
6.543047,12.77
6.540992,12.63
6.538939,12.53
6.536888,12.47
6.534837,12.44
6.532745,12.46
6.530698,12.53
6.528651,12.63
6.526606,12.77
6.524562,12.92
6.522476,13.02
6.520435,13.05
6.518395,13.01
6.516356,12.94
6.514276,12.86
6.512240,12.82
6.510205,12.80
6.508171,12.81
6.506139,12.85
6.504065,12.93
6.502035,13.06
6.500007,13.27
6.497979,13.61
6.495953,14.13
6.493886,14.81
6.491862,15.39
6.489840,15.58
6.487819,15.39
6.485799,15.05
6.483739,14.71
6.481722,14.41
6.479706,14.13
6.477691,13.84
6.475635,13.53
6.473623,13.23
6.471612,12.95
6.469603,12.73
6.467594,12.56
6.465545,12.45
6.463539,12.38
6.461534,12.36
6.459531,12.37
6.457529,12.41
6.455486,12.47
6.453486,12.53
6.451488,12.58
6.449491,12.60
6.447453,12.62
6.445459,12.62
6.443465,12.64
6.441473,12.69
6.439482,12.76
6.437451,12.86
6.435462,13.00
6.433475,13.15
6.431489,13.29
6.429504,13.42
6.427479,13.54
6.425496,13.65
6.423515,13.77
6.421535,13.95
6.419515,14.21
6.417538,14.52
6.415562,14.68
6.413587,14.44
6.411613,13.98
6.409599,13.56
6.407628,13.27
6.405657,13.07
6.403689,12.93
6.401721,12.83
6.399713,12.77
6.397748,12.73
6.395784,12.70
6.393821,12.68
6.391859,12.66
6.389858,12.64
6.387899,12.60
6.385941,12.57
6.383984,12.55
6.381987,12.55
6.380033,12.58
6.378080,12.65
6.376128,12.74
6.374177,12.84
6.372187,12.91
6.370238,12.91
6.368291,12.84
6.366345,12.73
6.364400,12.63
6.362416,12.55
6.360473,12.51
6.358532,12.50
6.356592,12.53
6.354613,12.59
6.352675,12.69
6.350739,12.84
6.348803,13.03
6.346869,13.23
6.344896,13.36
6.342964,13.37
6.341033,13.26
6.339104,13.07
6.337176,12.87
6.335209,12.69
6.333283,12.54
6.331358,12.41
6.329434,12.32
6.327512,12.24
6.325551,12.19
6.323631,12.16
6.321712,12.13
6.319794,12.12
6.317838,12.10
6.315922,12.08
6.314008,12.05
6.312095,12.02
6.310183,11.98
6.308233,11.94
6.306323,11.91
6.304415,11.89
6.302508,11.89
6.300602,11.90
6.298657,11.94
6.296753,11.99
6.294851,12.05
6.292949,12.11
6.291010,12.17
6.289110,12.21
6.287212,12.24
6.285316,12.26
6.283420,12.27
6.281486,12.28
6.279593,12.30
6.277700,12.32
6.275809,12.35
6.273919,12.37
6.271991,12.39
6.270104,12.39
6.268217,12.38
6.266332,12.36
6.264447,12.33
6.262525,12.29
6.260643,12.25
6.258762,12.22
6.256883,12.19
6.254965,12.18
6.253087,12.19
6.251211,12.20
6.249336,12.23
6.247462,12.27
6.245550,12.30
6.243678,12.33
6.241808,12.35
6.239938,12.35
6.238070,12.33
6.236164,12.30
6.234297,12.28
6.232432,12.27
6.230568,12.26
6.228667,12.28
6.226805,12.31
6.224945,12.36
6.223085,12.42
6.221227,12.47
6.219331,12.52
6.217475,12.55
6.215620,12.56
6.213766,12.54
6.211913,12.51
6.210023,12.46
6.208172,12.41
6.206323,12.36
6.204475,12.33
6.202589,12.32
6.200743,12.32
6.198898,12.34
6.197054,12.38
6.195211,12.44
6.193331,12.53
6.191490,12.65
6.189651,12.78
6.187812,12.92
6.185975,13.01
6.184101,13.03
6.182266,12.97
6.180432,12.88
6.178599,12.77
6.176767,12.68
6.174898,12.61
6.173068,12.58
6.171240,12.58
6.169412,12.62
6.167548,12.71
6.165722,12.83
6.163898,12.96
6.162075,13.07
6.160253,13.12
6.158394,13.10
6.156574,13.03
6.154755,12.95
6.152937,12.88
6.151121,12.84
6.149267,12.82
6.147453,12.82
6.145639,12.82
6.143827,12.81
6.141978,12.77
6.140168,12.71
6.138359,12.64
6.136551,12.57
6.134744,12.52
6.132900,12.49
6.131095,12.48
6.129291,12.50
6.127489,12.54
6.125687,12.61
6.123849,12.71
6.122049,12.85
6.120251,13.04
6.118453,13.29
6.116619,13.59
6.114824,13.89
6.113030,14.07
6.111237,14.05
6.109445,13.86
6.107616,13.61
6.105826,13.37
6.104037,13.16
6.102249,12.99
6.100462,12.86
6.098639,12.75
6.096855,12.66
6.095071,12.60
6.093288,12.56
6.091507,12.54
6.089689,12.53
6.087909,12.54
6.086131,12.57
6.084353,12.62
6.082540,12.69
6.080765,12.81
6.078990,12.99
6.077217,13.25
6.075445,13.59
6.073637,13.94
6.071867,14.16
6.070097,14.16
6.068329,14.00
6.066562,13.80
6.064760,13.62
6.062995,13.50
6.061231,13.42
6.059468,13.39
6.057669,13.41
6.055908,13.48
6.054148,13.62
6.052389,13.83
6.050632,14.07
6.048838,14.20
6.047083,14.10
6.045328,13.86
6.043574,13.60
6.041821,13.38
6.040033,13.20
6.038283,13.05
6.036533,12.92
6.034784,12.82
6.033037,12.73
6.031254,12.67
6.029508,12.62
6.027764,12.61
6.026020,12.62
6.024242,12.67
6.022500,12.75
6.020760,12.86
6.019020,12.98
6.017282,13.09
6.015508,13.15
6.013772,13.14
6.012036,13.06
6.010302,12.96
6.008568,12.85
6.006800,12.77
6.005068,12.72
6.003338,12.70
6.001608,12.71
5.999844,12.76
5.998117,12.85
5.996390,12.99
5.994665,13.18
5.992940,13.42
5.991181,13.67
5.989459,13.87
5.987737,13.96
5.986017,13.93
5.984297,13.82
5.982543,13.68
5.980825,13.57
5.979109,13.49
5.977393,13.45
5.975679,13.45
5.973930,13.48
5.972217,13.51
5.970506,13.51
5.968795,13.46
5.967050,13.35
5.965341,13.23
5.963634,13.11
5.961927,13.03
5.960221,12.97
5.958481,12.95
5.956778,12.97
5.955075,13.02
5.953373,13.11
5.951672,13.20
5.949937,13.30
5.948238,13.38
5.946541,13.46
5.944844,13.54
5.943113,13.64
5.941418,13.78
5.939724,13.96
5.938031,14.12
5.936339,14.18
5.934612,14.13
5.932922,14.00
5.931233,13.86
5.929545,13.74
5.927858,13.63
5.926137,13.54
5.924451,13.46
5.922767,13.39
5.921084,13.33
5.919366,13.25
5.917685,13.18
5.916005,13.11
5.914325,13.04
5.912647,12.99
5.910934,12.97
5.909257,12.97
5.907582,13.00
5.905907,13.07
5.904233,13.18
5.902526,13.33
5.900854,13.54
5.899183,13.80
5.897513,14.09
5.895844,14.35
5.894141,14.54
5.892474,14.64
5.890808,14.68
5.889143,14.69
5.887444,14.70
5.885781,14.70
5.884118,14.66
5.882457,14.54
5.880796,14.36
5.879102,14.16
5.877444,13.97
5.875786,13.83
5.874129,13.74
5.872473,13.69
5.870784,13.68
5.869130,13.70
5.867477,13.73
5.865825,13.77
5.864140,13.76
5.862489,13.70
5.860840,13.58
5.859192,13.44
5.857545,13.29
5.855864,13.17
5.854218,13.07
5.852574,13.01
5.850930,12.97
5.849287,12.95
5.847611,12.94
5.845970,12.94
5.844330,12.95
5.842691,12.97
5.841053,12.99
5.839382,13.04
5.837746,13.13
5.836110,13.24
5.834476,13.40
5.832808,13.58
5.831176,13.79
5.829544,14.00
5.827913,14.18
5.826284,14.31
5.824621,14.34
5.822993,14.24
5.821366,14.04
5.819739,13.79
5.818114,13.54
5.816456,13.34
5.814832,13.17
5.813210,13.04
5.811588,12.94
5.809934,12.87
5.808314,12.82
5.806695,12.79
5.805077,12.77
5.803460,12.76
5.801810,12.74
5.800195,12.73
5.798581,12.71
5.796967,12.69
5.795354,12.68
5.793709,12.69
5.792098,12.70
5.790489,12.74
5.788880,12.79
5.787238,12.85
5.785631,12.93
5.784025,13.01
5.782419,13.08
5.780815,13.16
5.779178,13.24
5.777575,13.32
5.775973,13.41
5.774372,13.53
5.772772,13.67
5.771140,13.82
5.769541,13.95
5.767944,13.99
5.766348,13.89
5.764752,13.70
5.763124,13.49
5.761530,13.33
5.759937,13.22
5.758345,13.16
5.756721,13.15
5.755131,13.17
5.753541,13.22
5.751953,13.30
5.750365,13.37
5.748745,13.42
5.747159,13.44
5.745574,13.42
5.743990,13.40
5.742407,13.37
5.740792,13.35
5.739210,13.36
5.737630,13.37
5.736050,13.39
5.734438,13.42
5.732860,13.45
5.731283,13.47
5.729707,13.51
5.728131,13.56
5.726524,13.63
5.724950,13.71
5.723378,13.79
5.721806,13.86
5.720235,13.89
5.718632,13.87
5.717063,13.80
5.715494,13.70
5.713927,13.58
5.712360,13.47
5.710761,13.37
5.709196,13.27
5.707632,13.19
5.706069,13.12
5.704474,13.06
5.702912,13.02
5.701352,13.00
5.699792,13.00
5.698233,13.01
5.696642,13.04
5.695085,13.08
5.693529,13.11
5.691973,13.11
5.690418,13.10
5.688832,13.06
5.687279,13.03
5.685727,13.00
5.684176,13.00
5.682593,13.01
5.681043,13.04
5.679495,13.08
5.677947,13.12
5.676400,13.13
5.674821,13.11
5.673276,13.06
5.671732,12.99
5.670188,12.92
5.668645,12.86
5.667071,12.81
5.665530,12.78
5.663989,12.78
5.662450,12.78
5.660911,12.81
5.659342,12.84
5.657805,12.89
5.656269,12.95
5.654733,13.02
5.653167,13.10
5.651633,13.21
5.650101,13.35
5.648569,13.51
5.647038,13.70
5.645475,13.88
5.643946,14.00
5.642417,14.01
5.640890,13.91
5.639363,13.75
5.637805,13.58
5.636280,13.42
5.634755,13.28
5.633232,13.17
5.631677,13.07
5.630155,13.00
5.628634,12.94
5.627114,12.90
5.625594,12.89
5.624044,12.91
5.622526,12.94
5.621009,12.98
5.619493,13.02
5.617978,13.05
5.616431,13.05
5.614918,13.03
5.613405,12.99
5.611893,12.94
5.610350,12.90
5.608840,12.86
5.607330,12.84
5.605821,12.82
5.604313,12.80
5.602774,12.79
5.601268,12.77
5.599763,12.76
5.598258,12.75
5.596754,12.75
5.595219,12.76
5.593717,12.78
5.592216,12.81
5.590715,12.87
5.589215,12.94
5.587685,13.04
5.586186,13.17
5.584689,13.32
5.583192,13.48
5.581665,13.60
5.580170,13.67
5.578676,13.66
5.577183,13.60
5.575690,13.50
5.574167,13.40
5.572676,13.31
5.571186,13.23
5.569696,13.16
5.568208,13.10
5.566689,13.05
5.565202,13.01
5.563716,12.98
5.562230,12.97
5.560715,12.97
5.559231,12.97
5.557748,12.98
5.556266,12.98
5.554784,12.98
5.553273,12.96
5.551793,12.92
5.550314,12.88
5.548835,12.84
5.547358,12.80
5.545850,12.78
5.544374,12.76
5.542899,12.76
5.541425,12.77
5.539951,12.79
5.538448,12.81
5.536976,12.83
5.535505,12.86
5.534034,12.88
5.532534,12.91
5.531065,12.93
5.529597,12.96
5.528130,13.00
5.526663,13.03
5.525167,13.06
5.523702,13.08
5.522238,13.09
5.520775,13.07
5.519312,13.03
5.517820,12.98
5.516359,12.93
5.514898,12.88
5.513439,12.84
5.511950,12.81
5.510492,12.80
5.509035,12.79
5.507578,12.80
5.506123,12.80
5.504638,12.81
5.503184,12.81
5.501730,12.81
5.500278,12.81
5.498826,12.81
5.497345,12.81
5.495895,12.81
5.494445,12.82
5.492996,12.83
5.491518,12.85
5.490071,12.88
5.488625,12.91
5.487179,12.95
5.485734,13.01
5.484260,13.07
5.482817,13.13
5.481374,13.18
5.479932,13.22
5.478491,13.24
5.477021,13.25
5.475582,13.24
5.474143,13.25
5.472705,13.27
5.471268,13.31
5.469801,13.37
5.468366,13.44
5.466931,13.50
5.465496,13.51
5.464033,13.47
5.462600,13.38
5.461168,13.26
5.459737,13.14
5.458307,13.03
5.456847,12.95
5.455418,12.89
5.453990,12.85
5.452563,12.84
5.451136,12.85
5.449680,12.87
5.448255,12.90
5.446831,12.92
5.445407,12.93
5.443954,12.92
5.442532,12.90
5.441111,12.88
5.439690,12.85
5.438270,12.84
5.436821,12.84
5.435403,12.86
5.433985,12.91
5.432568,12.97
5.431152,13.04
5.429707,13.13
5.428292,13.23
5.426878,13.33
5.425465,13.42
5.424052,13.48
5.422611,13.50
5.421200,13.48
5.419790,13.43
5.418380,13.37
5.416942,13.30
5.415534,13.23
5.414127,13.17
5.412720,13.11
5.411314,13.06
5.409880,13.01
5.408475,12.97
5.407071,12.93
5.405668,12.90
5.404266,12.88
5.402835,12.87
5.401435,12.86
5.400035,12.85
5.398635,12.85
5.397207,12.84
5.395810,12.82
5.394412,12.81
5.393016,12.80
5.391620,12.79
5.390196,12.80
5.388802,12.81
5.387409,12.83
5.386016,12.84
5.384624,12.86
5.383203,12.87
5.381813,12.88
5.380423,12.88
5.379034,12.88
5.377645,12.88
5.376228,12.88
5.374841,12.88
5.373455,12.88
5.372070,12.88
5.370656,12.88
5.369272,12.88
5.367888,12.89
5.366505,12.90
5.365123,12.92
5.363713,12.96
5.362333,13.01
5.360953,13.09
5.359574,13.18
5.358195,13.30
5.356789,13.44
5.355412,13.59
5.354036,13.72
5.352660,13.81
5.351256,13.82
5.349882,13.76
5.348509,13.64
5.347136,13.50
5.345764,13.36
5.344364,13.23
5.342993,13.13
5.341624,13.05
5.340254,12.99
5.338886,12.95
5.337489,12.93
5.336122,12.92
5.334756,12.92
5.333390,12.93
5.331997,12.94
5.330632,12.95
5.329269,12.95
5.327906,12.95
5.326544,12.95
5.325154,12.94
5.323793,12.94
5.322433,12.94
5.321074,12.94
5.319715,12.94
5.318329,12.94
5.316971,12.94
5.315615,12.94
5.314259,12.94
5.312903,12.94
5.311521,12.95
5.310167,12.95
5.308814,12.95
5.307461,12.95
5.306081,12.95
5.304730,12.94
5.303380,12.94
5.302030,12.95
5.300681,12.96
5.299305,12.99
5.297957,13.03
5.296610,13.09
5.295264,13.14
5.293918,13.18
5.292545,13.21
5.291201,13.21
5.289858,13.19
5.288515,13.16
5.287145,13.13
5.285803,13.10
5.284463,13.09
5.283123,13.09
5.281783,13.10
5.280417,13.12
5.279078,13.14
5.277741,13.14
5.276404,13.14
5.275068,13.13
5.273705,13.10
5.272371,13.07
5.271037,13.05
5.269703,13.02
5.268343,13.00
5.267011,12.99
5.265680,12.98
5.264349,12.97
5.263019,12.98
5.261662,12.98
5.260334,12.99
5.259006,13.01
5.257679,13.02
5.256352,13.03
5.254999,13.04
5.253674,13.04
5.252349,13.03
5.251025,13.02
5.249702,13.01
5.248352,13.01
5.247030,13.01
5.245709,13.02
5.244389,13.04
5.243041,13.06
5.241722,13.09
5.240404,13.12
5.239086,13.14
5.237769,13.15
5.236425,13.15
5.235109,13.14
5.233794,13.11
5.232479,13.08
5.231165,13.05
5.229825,13.02
5.228512,13.00
5.227200,12.98
5.225889,12.97
5.224551,12.97
5.223241,12.98
5.221932,12.99
5.220624,13.02
5.219316,13.05
5.217981,13.09
5.216675,13.13
5.215369,13.17
5.214063,13.20
5.212759,13.21
5.211428,13.21
5.210124,13.20
5.208822,13.19
5.207520,13.18
5.206218,13.19
5.204891,13.20
5.203590,13.21
5.202291,13.23
5.200992,13.24
5.199667,13.23
5.198370,13.21
5.197073,13.18
5.195777,13.15
5.194481,13.13
5.193160,13.11
5.191865,13.10
5.190572,13.08
5.189279,13.08
5.187987,13.07
5.186668,13.06
5.185377,13.06
5.184087,13.05
5.182797,13.05
5.181481,13.05
5.180193,13.05
5.178905,13.06
5.177618,13.06
5.176332,13.06
5.175019,13.07
5.173734,13.08
5.172449,13.09
5.171166,13.09
5.169882,13.10
5.168573,13.10
5.167291,13.10
5.166010,13.09
5.164729,13.08
5.163449,13.07
5.162143,13.07
5.160864,13.06
5.159586,13.06
5.158308,13.07
5.157005,13.08
5.155729,13.11
5.154453,13.15
5.153178,13.19
5.151904,13.24
5.150604,13.29
5.149331,13.32
5.148058,13.34
5.146786,13.35
5.145515,13.34
5.144218,13.34
5.142948,13.33
5.141679,13.32
5.140410,13.31
5.139116,13.31
5.137848,13.29
5.136582,13.28
5.135316,13.26
5.134050,13.24
5.132759,13.23
5.131495,13.22
5.130231,13.21
5.128968,13.21
5.127706,13.20
5.126417,13.20
5.125156,13.19
5.123896,13.18
5.122636,13.18
5.121377,13.17
5.120092,13.17
5.118834,13.17
5.117576,13.17
5.116320,13.17
5.115037,13.17
5.113782,13.16
5.112527,13.16
5.111272,13.15
5.110019,13.15
5.108740,13.14
5.107487,13.14
5.106235,13.13
5.104984,13.13
5.103733,13.12
5.102457,13.12
5.101208,13.12
5.099959,13.12
5.098711,13.12
5.097438,13.12
5.096191,13.11
5.094944,13.11
5.093699,13.11
5.092453,13.11
5.091183,13.13
5.089939,13.16
5.088696,13.20
5.087453,13.24
5.086211,13.27
5.084944,13.30
5.083703,13.32
5.082463,13.31
5.081223,13.30
5.079959,13.27
5.078720,13.24
5.077482,13.21
5.076245,13.18
5.075009,13.15
5.073747,13.13
5.072512,13.11
5.071277,13.10
5.070043,13.09
5.068809,13.09
5.067550,13.08
5.066318,13.08
5.065086,13.08
5.063855,13.08
5.062625,13.09
5.061369,13.09
5.060140,13.10
5.058911,13.11
5.057683,13.12
5.056430,13.13
5.055203,13.13
5.053976,13.14
5.052751,13.14
5.051526,13.15
5.050275,13.15
5.049052,13.15
5.047828,13.15
5.046605,13.15
5.045383,13.15
5.044136,13.15
5.042915,13.15
5.041695,13.16
5.040475,13.17
5.039230,13.18
5.038012,13.20
5.036794,13.21
5.035576,13.23
5.034360,13.24
5.033118,13.26
5.031902,13.27
5.030687,13.29
5.029473,13.30
5.028259,13.32
5.027020,13.34
5.025808,13.36
5.024595,13.37
5.023384,13.39
5.022148,13.39
5.020937,13.39
5.019728,13.37
5.018518,13.34
5.017310,13.30
5.016077,13.25
5.014869,13.21
5.013662,13.18
5.012456,13.16
5.011250,13.16
5.010020,13.16
5.008816,13.18
5.007612,13.20
5.006408,13.21
5.005205,13.23
5.003978,13.23
5.002777,13.23
5.001575,13.22
5.000375,13.21
4.999150,13.20
4.997951,13.19
4.996752,13.19
4.995554,13.19
4.994356,13.18
4.993134,13.18
4.991938,13.18
4.990742,13.18
4.989547,13.18
4.988352,13.17
4.987133,13.17
4.985940,13.18
4.984747,13.19
4.983554,13.20
4.982338,13.22
4.981146,13.23
4.979956,13.24
4.978766,13.25
4.977576,13.26
4.976362,13.26
4.975174,13.27
4.973986,13.27
4.972799,13.28
4.971612,13.29
4.970401,13.30
4.969216,13.31
4.968031,13.31
4.966846,13.31
4.965662,13.31
4.964455,13.31
4.963272,13.32
4.962090,13.32
4.960908,13.33
4.959702,13.34
4.958522,13.35
4.957342,13.36
4.956163,13.36
4.954984,13.35
4.953781,13.34
4.952604,13.33
4.951427,13.32
4.950250,13.31
4.949074,13.29
4.947874,13.28
4.946699,13.28
4.945525,13.28
4.944351,13.28
4.943154,13.29
4.941981,13.30
4.940809,13.32
4.939638,13.33
4.938467,13.34
4.937272,13.35
4.936102,13.35
4.934933,13.35
4.933764,13.35
4.932596,13.35
4.931404,13.34
4.930237,13.32
4.929071,13.31
4.927905,13.29
4.926739,13.28
4.925550,13.27
4.924386,13.26
4.923222,13.26
4.922059,13.26
4.920872,13.26
4.919710,13.27
4.918549,13.27
4.917388,13.28
4.916227,13.29
4.915043,13.30
4.913884,13.31
4.912725,13.32
4.911567,13.33
4.910410,13.33
4.909228,13.34
4.908072,13.34
4.906916,13.35
4.905760,13.36
4.904581,13.37
4.903427,13.38
4.902273,13.40
4.901120,13.40
4.899967,13.41
4.898791,13.41
4.897639,13.41
4.896488,13.40
4.895338,13.39
4.894188,13.37
4.893014,13.35
4.891865,13.32
4.890717,13.30
4.889569,13.28
4.888398,13.26
4.887251,13.26
4.886105,13.26
4.884959,13.26
4.883814,13.27
4.882646,13.29
4.881502,13.30
4.880358,13.32
4.879215,13.33
4.878073,13.34
4.876907,13.35
4.875765,13.36
4.874625,13.37
4.873484,13.37
4.872345,13.38
4.871182,13.38
4.870043,13.38
4.868905,13.37
4.867767,13.37
4.866606,13.36
4.865470,13.35
4.864334,13.34
4.863198,13.32
4.862063,13.31
4.860905,13.29
4.859771,13.28
4.858638,13.28
4.857505,13.28
4.856373,13.29
4.855217,13.31
4.854086,13.32
4.852955,13.34
4.851825,13.36
4.850672,13.37
4.849543,13.38
4.848414,13.39
4.847286,13.40
4.846159,13.40
4.845008,13.41
4.843882,13.41
4.842756,13.41
4.841630,13.41
4.840505,13.41
4.839358,13.40
4.838234,13.40
4.837110,13.40
4.835987,13.40
4.834865,13.40
4.833720,13.40
4.832599,13.40
4.831478,13.40
4.830358,13.40
4.829215,13.41
4.828096,13.42
4.826977,13.43
4.825859,13.44
4.824741,13.45
4.823601,13.46
4.822484,13.47
4.821368,13.47
4.820253,13.47
4.819138,13.47
4.818000,13.46
4.816886,13.45
4.815773,13.44
4.814660,13.44
4.813524,13.43
4.812412,13.43
4.811301,13.44
4.810190,13.44
4.809080,13.45
4.807947,13.46
4.806837,13.48
4.805728,13.49
4.804620,13.49
4.803512,13.50
4.802382,13.50
4.801275,13.51
4.800169,13.51
4.799063,13.51
4.797935,13.52
4.796830,13.52
4.795726,13.53
4.794622,13.54
4.793519,13.55
4.792394,13.56
4.791291,13.56
4.790190,13.57
4.789089,13.56
4.787988,13.56
4.786865,13.54
4.785765,13.53
4.784666,13.51
4.783567,13.49
4.782469,13.47
4.781349,13.46
4.780252,13.46
4.779155,13.46
4.778059,13.46
4.776941,13.47
4.775846,13.47
4.774751,13.48
4.773657,13.48
4.772563,13.48
4.771448,13.48
4.770355,13.48
4.769263,13.49
4.768172,13.49
4.767080,13.50
4.765967,13.50
4.764877,13.50
4.763788,13.51
4.762699,13.51
4.761587,13.51
4.760499,13.51
4.759412,13.51
4.758325,13.50
4.757238,13.49
4.756129,13.47
4.755044,13.46
4.753959,13.45
4.752874,13.44
4.751790,13.44
4.750684,13.45
4.749601,13.45
4.748518,13.46
4.747436,13.47
4.746332,13.48
4.745251,13.48
4.744171,13.48
4.743091,13.48
4.742011,13.48
4.740909,13.48
4.739831,13.47
4.738753,13.46
4.737675,13.46
4.736598,13.45
4.735499,13.44
4.734423,13.44
4.733347,13.44
4.732272,13.44
4.731197,13.44
4.730100,13.45
4.729027,13.46
4.727954,13.47
4.726881,13.49
4.725786,13.51
4.724715,13.53
4.723643,13.55
4.722572,13.57
4.721502,13.59
4.720410,13.59
4.719341,13.60
4.718272,13.60
4.717204,13.60
4.716136,13.59
4.715046,13.59
4.713979,13.58
4.712913,13.58
4.711847,13.57
4.710782,13.56
4.709694,13.56
4.708630,13.55
4.707566,13.54
4.706503,13.54
4.705417,13.54
4.704355,13.54
4.703293,13.54
4.702231,13.54
4.701170,13.54
4.700087,13.55
4.699027,13.56
4.697968,13.57
4.696908,13.58
4.695850,13.59
4.694770,13.60
4.693712,13.60
4.692655,13.60
4.691598,13.60
4.690520,13.60
4.689464,13.59
4.688408,13.59
4.687354,13.58
4.686299,13.57
4.685223,13.57
4.684170,13.56
4.683117,13.55
4.682064,13.54
4.681012,13.53
4.679939,13.53
4.678888,13.53
4.677837,13.54
4.676787,13.55
4.675716,13.56
4.674667,13.57
4.673618,13.58
4.672570,13.59
4.671522,13.59
4.670453,13.58
4.669406,13.57
4.668360,13.57
4.667314,13.56
4.666268,13.56
4.665202,13.56
4.664157,13.58
4.663113,13.59
4.662070,13.61
4.661027,13.62
4.659963,13.63
4.658920,13.63
4.657879,13.63
4.656838,13.63
4.655775,13.63
4.654735,13.63
4.653695,13.63
4.652656,13.63
4.651617,13.63
4.650557,13.62
4.649519,13.62
4.648482,13.61
4.647445,13.60
4.646408,13.60
4.645351,13.60
4.644315,13.60
4.643280,13.60
4.642245,13.61
4.641190,13.61
4.640156,13.62
4.639123,13.62
4.638090,13.61
4.637058,13.61
4.636004,13.61
4.634973,13.61
4.633942,13.61
4.632911,13.61
4.631881,13.61
4.630830,13.61
4.629801,13.61
4.628772,13.60
4.627744,13.59
4.626695,13.58
4.625668,13.58
4.624641,13.58
4.623615,13.58
4.622589,13.59
4.621542,13.60
4.620517,13.61
4.619492,13.61
4.618468,13.62
4.617445,13.62
4.616400,13.62
4.615378,13.62
4.614355,13.62
4.613333,13.62
4.612312,13.62
4.611270,13.62
4.610250,13.61
4.609230,13.61
4.608210,13.60
4.607170,13.60
4.606151,13.60
4.605133,13.61
4.604115,13.61
4.603098,13.62
4.602060,13.63
4.601044,13.63
4.600028,13.63
4.599012,13.63
4.597997,13.64
4.596961,13.64
4.595947,13.65
4.594934,13.66
4.593920,13.68
4.592887,13.69
4.591874,13.71
4.590862,13.72
4.589851,13.73
4.588840,13.73
4.587808,13.73
4.586798,13.72
4.585789,13.71
4.584779,13.70
4.583771,13.69
4.582741,13.69
4.581734,13.69
4.580726,13.70
4.579719,13.71
4.578713,13.71
4.577686,13.72
4.576680,13.72
4.575675,13.72
4.574670,13.72
4.573645,13.72
4.572641,13.71
4.571638,13.71
4.570635,13.71
4.569632,13.70
4.568609,13.70
4.567607,13.69
4.566606,13.68
4.565605,13.68
4.564605,13.67
4.563584,13.67
4.562585,13.67
4.561586,13.67
4.560587,13.67
4.559568,13.67
4.558571,13.68
4.557574,13.69
4.556577,13.70
4.555580,13.72
4.554564,13.73
4.553568,13.75
4.552573,13.75
4.551578,13.76
4.550584,13.76
4.549570,13.76
4.548577,13.75
4.547584,13.74
4.546591,13.73
4.545579,13.72
4.544587,13.72
4.543596,13.72
4.542605,13.72
4.541615,13.73
4.540604,13.74
4.539615,13.74
4.538626,13.75
4.537637,13.75
4.536649,13.75
4.535641,13.76
4.534654,13.76
4.533667,13.77
4.532681,13.78
4.531695,13.79
4.530689,13.80
4.529704,13.80
4.528719,13.80
4.527735,13.79
4.526730,13.77
4.525747,13.76
4.524764,13.75
4.523782,13.75
4.522799,13.75
4.521797,13.76
4.520816,13.77
4.519835,13.79
4.518855,13.81
4.517875,13.83
4.516875,13.84
4.515896,13.85
4.514917,13.86
4.513939,13.86
4.512961,13.86
4.511963,13.86
4.510987,13.85
4.510010,13.84
4.509034,13.83
4.508038,13.83
4.507063,13.82
4.506088,13.82
4.505113,13.82
4.504139,13.82
4.503145,13.82
4.502172,13.83
4.501200,13.83
4.500227,13.84
4.499255,13.84
4.498264,13.84
4.497293,13.84
4.496322,13.84
4.495352,13.83
4.494362,13.82
4.493392,13.80
4.492424,13.79
4.491455,13.77
4.490487,13.76
4.489499,13.75
4.488532,13.75
4.487565,13.74
4.486599,13.75
4.485633,13.76
4.484647,13.77
4.483682,13.79
4.482717,13.80
4.481753,13.82
4.480769,13.83
4.479805,13.85
4.478842,13.86
4.477879,13.87
4.476917,13.87
4.475935,13.88
4.474974,13.88
4.474013,13.88
4.473052,13.88
4.472092,13.88
4.471112,13.88
4.470153,13.88
4.469194,13.88
4.468235,13.88
4.467277,13.89
4.466300,13.89
4.465342,13.89
4.464385,13.89
4.463429,13.88
4.462453,13.87
4.461497,13.87
4.460542,13.87
4.459587,13.88
4.458633,13.89
4.457659,13.91
4.456705,13.92
4.455752,13.94
4.454799,13.95
4.453847,13.96
4.452875,13.98
4.451924,13.98
4.450973,13.99
4.450022,13.98
4.449052,13.98
4.448102,13.97
4.447152,13.95
4.446203,13.93
4.445254,13.91
4.444286,13.90
4.443339,13.88
4.442391,13.87
4.441444,13.86
4.440497,13.87
4.439531,13.87
4.438586,13.88
4.437640,13.90
4.436695,13.92
4.435731,13.94
4.434786,13.96
4.433843,13.97
4.432899,13.99
4.431956,14.00
4.430994,14.01
4.430052,14.02
4.429110,14.02
4.428168,14.03
4.427227,14.03
4.426267,14.04
4.425327,14.04
4.424387,14.05
4.423448,14.06
4.422509,14.07
4.421551,14.07
4.420612,14.07
4.419675,14.07
4.418737,14.07
4.417781,14.07
4.416844,14.07
4.415908,14.08
4.414972,14.09
4.414037,14.11
4.413082,14.13
4.412148,14.14
4.411213,14.15
4.410279,14.15
4.409346,14.15
4.408394,14.14
4.407461,14.13
4.406529,14.13
4.405597,14.13
4.404646,14.13
4.403715,14.14
4.402784,14.14
4.401854,14.15
4.400924,14.15
4.399975,14.15
4.399046,14.15
4.398118,14.14
4.397189,14.14
4.396261,14.14
4.395315,14.14
4.394387,14.14
4.393461,14.14
4.392534,14.13
4.391609,14.12
4.390664,14.11
4.389739,14.10
4.388814,14.09
4.387889,14.07
4.386946,14.07
4.386023,14.07
4.385099,14.07
4.384177,14.09
4.383254,14.10
4.382313,14.12
4.381391,14.13
4.380470,14.13
4.379549,14.13
4.378629,14.13
4.377690,14.12
4.376770,14.12
4.375851,14.12
4.374932,14.13
4.373994,14.14
4.373076,14.15
4.372158,14.16
4.371241,14.17
4.370324,14.18
4.369388,14.20
4.368472,14.22
4.367556,14.25
4.366641,14.29
4.365726,14.33
4.364792,14.37
4.363878,14.41
4.362964,14.45
4.362050,14.48
4.361118,14.50
4.360205,14.52
4.359293,14.54
4.358381,14.56
4.357469,14.58
4.356539,14.59
4.355628,14.62
4.354718,14.64
4.353808,14.66
4.352898,14.69
4.351970,14.73
4.351061,14.76
4.350152,14.81
4.349244,14.86
4.348337,14.91
4.347410,14.96
4.346503,15.01
4.345597,15.05
4.344690,15.08
4.343766,15.11
4.342860,15.14
4.341955,15.17
4.341050,15.19
4.340146,15.22
4.339223,15.25
4.338320,15.28
4.337416,15.31
4.336513,15.35
4.335611,15.39
4.334690,15.43
4.333788,15.48
4.332887,15.53
4.331986,15.58
4.331067,15.64
4.330167,15.69
4.329267,15.74
4.328367,15.79
4.327468,15.84
4.326551,15.88
4.325652,15.93
4.324754,15.97
4.323857,16.02
4.322960,16.06
4.322044,16.12
4.321148,16.18
4.320252,16.26
4.319356,16.35
4.318461,16.45
4.317547,16.56
4.316652,16.67
4.315758,16.77
4.314864,16.87
4.313952,16.96
4.313059,17.05
4.312166,17.13
4.311274,17.21
4.310382,17.29
4.309472,17.38
4.308581,17.47
4.307690,17.57
4.306799,17.67
4.305909,17.78
4.305001,17.89
4.304111,18.00
4.303222,18.12
4.302334,18.23
4.301427,18.34
4.300539,18.44
4.299651,18.55
4.298764,18.65
4.297877,18.76
4.296972,18.86
4.296086,18.95
4.295201,19.02
4.294315,19.08
4.293430,19.12
4.292527,19.14
4.291643,19.17
4.290759,19.20
4.289875,19.23
4.288992,19.26
4.288091,19.29
4.287209,19.30
4.286327,19.31
4.285445,19.30
4.284545,19.29
4.283664,19.30
4.282784,19.32
4.281903,19.36
4.281024,19.43
4.280126,19.52
4.279247,19.61
4.278368,19.69
4.277489,19.77
4.276611,19.83
4.275715,19.89
4.274838,19.93
4.273961,19.96
4.273084,19.98
4.272190,19.98
4.271314,19.96
4.270438,19.92
4.269563,19.86
4.268688,19.79
4.267796,19.70
4.266922,19.59
4.266048,19.46
4.265174,19.29
4.264301,19.07
4.263411,18.83
4.262538,18.57
4.261666,18.32
4.260795,18.10
4.259905,17.92
4.259034,17.80
4.258164,17.74
4.257294,17.75
4.256424,17.81
4.255536,17.93
4.254667,18.12
4.253799,18.36
4.252930,18.64
4.252062,18.96
4.251177,19.30
4.250309,19.65
4.249442,20.00
4.248576,20.34
4.247709,20.69
4.246825,21.02
4.245960,21.33
4.245095,21.61
4.244230,21.83
4.243347,21.98
4.242483,22.07
4.241620,22.10
4.240756,22.07
4.239893,21.99
4.239012,21.89
4.238150,21.77
4.237288,21.66
4.236426,21.57
4.235565,21.54
4.234686,21.54
4.233826,21.59
4.232965,21.66
4.232106,21.74
4.231228,21.81
4.230369,21.84
4.229510,21.83
4.228652,21.77
4.227794,21.65
4.226918,21.46
4.226060,21.21
4.225203,20.91
4.224347,20.58
4.223490,20.25
4.222616,19.93
4.221761,19.66
4.220905,19.42
4.220050,19.21
4.219178,19.02
4.218324,18.83
4.217470,18.64
4.216616,18.44
4.215763,18.23
4.214892,18.03
4.214039,17.83
4.213187,17.63
4.212335,17.44
4.211484,17.25
4.210615,17.06
4.209764,16.86
4.208914,16.67
4.208063,16.48
4.207214,16.30
4.206347,16.12
4.205497,15.96
4.204649,15.81
4.203800,15.66
4.202934,15.53
4.202087,15.41
4.201239,15.29
4.200392,15.17
4.199546,15.06
4.198682,14.96
4.197836,14.86
4.196990,14.76
4.196145,14.67
4.195300,14.58
4.194437,14.50
4.193593,14.44
4.192749,14.38
4.191905,14.33
4.191062,14.30
4.190202,14.27
4.189359,14.24
4.188517,14.22
4.187675,14.21
4.186816,14.19
4.185974,14.18
4.185134,14.17
4.184293,14.17
4.183453,14.16
4.182595,14.17
4.181756,14.17
4.180917,14.18
4.180078,14.19
4.179239,14.20
4.178384,14.21
4.177546,14.22
4.176708,14.23
4.175871,14.24
4.175017,14.25
4.174180,14.25
4.173344,14.25
4.172508,14.25
4.171673,14.25
4.170820,14.25
4.169985,14.25
4.169151,14.24
4.168317,14.24
4.167483,14.24
4.166632,14.24
4.165799,14.24
4.164966,14.23
4.164133,14.23
4.163284,14.22
4.162452,14.21
4.161621,14.21
4.160790,14.21
4.159959,14.21
4.159111,14.21
4.158281,14.21
4.157451,14.22
4.156621,14.22
4.155792,14.22
4.154946,14.22
4.154118,14.21
4.153290,14.20
4.152462,14.20
4.151634,14.19
4.150790,14.19
4.149963,14.20
4.149137,14.20
4.148310,14.21
4.147467,14.22
4.146642,14.23
4.145817,14.23
4.144992,14.23
4.144167,14.23
4.143326,14.23
4.142502,14.23
4.141679,14.23
4.140855,14.23
4.140032,14.24
4.139193,14.26
4.138371,14.27
4.137549,14.28
4.136727,14.29
4.135889,14.29
4.135068,14.28
4.134247,14.27
4.133427,14.26
4.132607,14.25
4.131770,14.23
4.130951,14.22
4.130132,14.21
4.129314,14.21
4.128495,14.21
4.127660,14.21
4.126843,14.22
4.126025,14.23
4.125208,14.25
4.124392,14.25
4.123558,14.25
4.122742,14.25
4.121927,14.24
4.121111,14.23
4.120279,14.21
4.119464,14.20
4.118650,14.19
4.117836,14.18
4.117022,14.18
4.116192,14.19
4.115379,14.20
4.114566,14.21
4.113754,14.22
4.112941,14.23
4.112113,14.23
4.111301,14.23
4.110490,14.24
4.109679,14.24
4.108852,14.25
4.108041,14.26
4.107232,14.27
4.106422,14.28
4.105613,14.29
4.104787,14.30
4.103978,14.30
4.103170,14.29
4.102362,14.27
4.101554,14.25
4.100730,14.24
4.099923,14.23
4.099117,14.22
4.098310,14.22
4.097487,14.23
4.096682,14.23
4.095876,14.24
4.095071,14.24
4.094266,14.24
4.093445,14.25
4.092641,14.25
4.091837,14.25
4.091034,14.26
4.090230,14.27
4.089411,14.27
4.088608,14.28
4.087806,14.28
4.087004,14.28
4.086203,14.28
4.085385,14.27
4.084584,14.27
4.083783,14.27
4.082983,14.27
4.082166,14.28
4.081366,14.29
4.080567,14.31
4.079768,14.32
4.078969,14.34
4.078154,14.35
4.077356,14.36
4.076558,14.37
4.075760,14.37
4.074963,14.36
4.074150,14.35
4.073353,14.34
4.072557,14.34
4.071761,14.33
4.070948,14.32
4.070153,14.31
4.069358,14.30
4.068563,14.29
4.067769,14.28
4.066958,14.28
4.066165,14.27
4.065371,14.28
4.064578,14.28
4.063785,14.30
4.062976,14.32
4.062184,14.33
4.061392,14.35
4.060600,14.36
4.059793,14.36
4.059002,14.36
4.058211,14.35
4.057421,14.33
4.056631,14.32
4.055824,14.31
4.055035,14.31
4.054246,14.31
4.053457,14.32
4.052668,14.33
4.051864,14.35
4.051076,14.36
4.050288,14.37
4.049501,14.37
4.048714,14.37
4.047911,14.37
4.047125,14.36
4.046339,14.36
4.045553,14.37
4.044751,14.38
4.043966,14.39
4.043181,14.40
4.042397,14.40
4.041612,14.40
4.040812,14.40
4.040029,14.40
4.039245,14.39
4.038462,14.39
4.037680,14.38
4.036881,14.37
4.036099,14.37
4.035317,14.36
4.034536,14.36
4.033754,14.36
4.032957,14.36
4.032177,14.36
4.031397,14.36
4.030617,14.36
4.029821,14.37
4.029041,14.37
4.028262,14.38
4.027484,14.38
4.026705,14.38
4.025911,14.38
4.025133,14.37
4.024355,14.37
4.023578,14.36
4.022801,14.35
4.022008,14.35
4.021232,14.34
4.020456,14.35
4.019680,14.36
4.018889,14.37
4.018114,14.40
4.017339,14.42
4.016564,14.44
4.015790,14.45
4.015000,14.46
4.014226,14.47
4.013453,14.47
4.012680,14.47
4.011907,14.46
4.011119,14.46
4.010347,14.45
4.009575,14.45
4.008803,14.45
4.008016,14.46
4.007245,14.46
4.006474,14.47
4.005704,14.48
4.004934,14.50
4.004148,14.51
4.003379,14.52
4.002610,14.52
4.001841,14.52
4.001072,14.52
4.000288,14.51
3.999520,14.50
3.998752,14.48
3.997985,14.46
3.997218,14.44
3.996435,14.42
3.995669,14.41
3.994903,14.40
3.994137,14.39
3.993355,14.39
3.992590,14.40
3.991825,14.41
3.991060,14.42
3.990296,14.43
3.989516,14.44
3.988752,14.45
3.987988,14.46
3.987225,14.47
3.986462,14.49
3.985683,14.51
3.984921,14.53
3.984159,14.55
3.983397,14.55
3.982620,14.55
3.981859,14.54
3.981098,14.52
3.980337,14.49
3.979577,14.47
3.978801,14.44
3.978041,14.42
3.977282,14.41
3.976523,14.40
3.975764,14.41
3.974989,14.41
3.974231,14.42
3.973473,14.43
3.972715,14.44
3.971942,14.44
3.971185,14.45
3.970428,14.46
3.969672,14.48
3.968915,14.49
3.968144,14.50
3.967388,14.51
3.966633,14.52
3.965878,14.52
3.965123,14.51
3.964353,14.51
3.963598,14.51
3.962844,14.51
3.962091,14.51
3.961337,14.51
3.960569,14.51
3.959816,14.51
3.959063,14.50
3.958311,14.50
3.957543,14.49
3.956792,14.48
3.956040,14.47
3.955289,14.47
3.954539,14.46
3.953772,14.47
3.953022,14.47
3.952272,14.48
3.951523,14.48
3.950773,14.49
3.950009,14.49
3.949260,14.49
3.948511,14.48
3.947763,14.48
3.947000,14.47
3.946252,14.47
3.945505,14.48
3.944758,14.48
3.944011,14.49
3.943249,14.50
3.942503,14.50
3.941757,14.51
3.941011,14.51
3.940266,14.50
3.939505,14.50
3.938760,14.49
3.938016,14.48
3.937271,14.47
3.936527,14.47
3.935768,14.46
3.935025,14.46
3.934282,14.46
3.933539,14.46
3.932781,14.47
3.932039,14.48
3.931297,14.49
3.930555,14.50
3.929814,14.51
3.929057,14.52
3.928316,14.53
3.927576,14.54
3.926835,14.54
3.926095,14.55
3.925340,14.55
3.924601,14.55
3.923861,14.54
3.923122,14.53
3.922368,14.51
3.921630,14.49
3.920892,14.48
3.920154,14.48
3.919417,14.48
3.918664,14.50
3.917927,14.51
3.917191,14.53
3.916454,14.54
3.915718,14.56
3.914967,14.56
3.914231,14.57
3.913496,14.57
3.912761,14.57
3.912011,14.56
3.911277,14.56
3.910542,14.56
3.909809,14.56
3.909075,14.56
3.908326,14.56
3.907593,14.56
3.906860,14.56
3.906128,14.56
3.905396,14.56
3.904648,14.56
3.903917,14.56
3.903185,14.56
3.902454,14.55
3.901723,14.55
3.900978,14.53
3.900247,14.52
3.899517,14.51
3.898787,14.50
3.898043,14.49
3.897314,14.49
3.896585,14.49
3.895856,14.49
3.895128,14.50
3.894384,14.51
3.893656,14.53
3.892929,14.55
3.892202,14.57
3.891475,14.59
3.890733,14.62
3.890006,14.64
3.889280,14.66
3.888554,14.67
3.887813,14.66
3.887088,14.66
3.886363,14.64
3.885638,14.62
3.884913,14.61
3.884174,14.59
3.883450,14.58
3.882726,14.58
3.882003,14.58
3.881279,14.58
3.880541,14.58
3.879819,14.58
3.879096,14.58
3.878374,14.58
3.877652,14.58
3.876916,14.57
3.876194,14.56
3.875473,14.56
3.874753,14.56
3.874017,14.56
3.873297,14.56
3.872577,14.57
3.871857,14.57
3.871138,14.57
3.870403,14.57
3.869685,14.57
3.868966,14.56
3.868247,14.56
3.867529,14.56
3.866797,14.57
3.866079,14.58
3.865362,14.59
3.864645,14.61
3.863913,14.62
3.863196,14.63
3.862480,14.64
3.861764,14.65
3.861049,14.65
3.860318,14.65
3.859603,14.64
3.858888,14.63
3.858174,14.63
3.857459,14.62
3.856730,14.61
3.856016,14.60
3.855303,14.60
3.854589,14.59
3.853876,14.59
3.853149,14.58
3.852436,14.58
3.851724,14.58
3.851012,14.58
3.850285,14.58
3.849574,14.59
3.848863,14.61
3.848152,14.62
3.847441,14.63
3.846716,14.63
3.846006,14.64
3.845296,14.64
3.844586,14.65
3.843877,14.65
3.843153,14.65
3.842444,14.66
3.841736,14.66
3.841028,14.66
3.840305,14.66
3.839597,14.66
3.838889,14.65
3.838182,14.65
3.837475,14.65
3.836754,14.65
3.836047,14.65
3.835341,14.66
3.834635,14.67
3.833930,14.69
3.833209,14.70
3.832504,14.72
3.831799,14.73
3.831095,14.73
3.830376,14.72
3.829672,14.72
3.828968,14.71
3.828264,14.71
3.827561,14.71
3.826843,14.71
3.826140,14.72
3.825438,14.72
3.824735,14.73
3.824033,14.73
3.823317,14.73
3.822615,14.73
3.821914,14.72
3.821213,14.72
3.820512,14.71
3.819797,14.69
3.819097,14.68
3.818397,14.66
3.817697,14.65
3.816983,14.63
3.816284,14.62
3.815585,14.62
3.814886,14.63
3.814188,14.64
3.813475,14.65
3.812777,14.67
3.812080,14.70
3.811382,14.72
3.810685,14.75
3.809974,14.77
3.809277,14.79
3.808581,14.80
3.807885,14.80
3.807174,14.80
3.806479,14.79
3.805783,14.78
3.805088,14.78
3.804393,14.77
3.803684,14.76
3.802990,14.75
3.802296,14.73
3.801602,14.71
3.800908,14.68
3.800201,14.65
3.799508,14.63
3.798815,14.63
3.798122,14.63
3.797415,14.64
3.796723,14.66
3.796032,14.69
3.795340,14.71
3.794649,14.72
3.793943,14.73
3.793253,14.74
3.792562,14.74
3.791872,14.74
3.791182,14.73
3.790478,14.73
3.789788,14.72
3.789099,14.72
3.788410,14.72
3.787721,14.73
3.787018,14.74
3.786330,14.76
3.785642,14.77
3.784954,14.79
3.784252,14.79
3.783565,14.80
3.782878,14.80
3.782191,14.80
3.781505,14.80
3.780804,14.80
3.780118,14.80
3.779432,14.80
3.778747,14.79
3.778062,14.78
3.777362,14.76
3.776678,14.75
3.775993,14.74
3.775309,14.74
3.774625,14.74
3.773927,14.74
3.773243,14.74
3.772560,14.74
3.771877,14.74
3.771180,14.73
3.770497,14.72
3.769815,14.71
3.769133,14.70
3.768451,14.68
3.767756,14.67
3.767074,14.66
3.766393,14.66
3.765712,14.67
3.765032,14.68
3.764337,14.69
3.763657,14.71
3.762978,14.72
3.762298,14.74
3.761605,14.75
3.760925,14.76
3.760247,14.77
3.759568,14.78
3.758890,14.79
3.758198,14.80
3.757520,14.80
3.756842,14.80
3.756165,14.79
3.755488,14.78
3.754797,14.77
3.754120,14.77
3.753444,14.77
3.752768,14.77
3.752078,14.78
3.751402,14.79
3.750727,14.79
3.750052,14.79
3.749377,14.78
3.748688,14.77
3.748014,14.76
3.747339,14.75
3.746665,14.75
3.745992,14.75
3.745304,14.76
3.744631,14.77
3.743958,14.77
3.743285,14.78
3.742613,14.78
3.741927,14.79
3.741255,14.79
3.740583,14.79
3.739912,14.79
3.739226,14.79
3.738555,14.78
3.737885,14.77
3.737214,14.76
3.736544,14.75
3.735860,14.74
3.735190,14.74
3.734520,14.75
3.733851,14.76
3.733182,14.76
3.732499,14.76
3.731831,14.76
3.731162,14.75
3.730494,14.74
3.729812,14.73
3.729145,14.73
3.728477,14.73
3.727810,14.74
3.727143,14.76
3.726463,14.77
3.725796,14.79
3.725130,14.80
3.724464,14.80
3.723798,14.81
3.723119,14.81
3.722454,14.81
3.721789,14.81
3.721124,14.81
3.720460,14.81
3.719781,14.81
3.719117,14.81
3.718454,14.82
3.717790,14.82
3.717113,14.82
3.716450,14.82
3.715787,14.83
3.715124,14.83
3.714462,14.82
3.713786,14.82
3.713124,14.81
3.712462,14.80
3.711801,14.79
3.711140,14.79
3.710465,14.78
3.709804,14.77
3.709144,14.77
3.708484,14.76
3.707810,14.77
3.707150,14.77
3.706490,14.78
3.705831,14.79
3.705172,14.81
3.704499,14.82
3.703841,14.84
3.703183,14.85
3.702524,14.86
3.701866,14.87
3.701195,14.88
3.700538,14.88
3.699880,14.89
3.699224,14.90
3.698553,14.90
3.697897,14.91
3.697240,14.92
3.696584,14.92
3.695929,14.92
3.695259,14.91
3.694604,14.90
3.693949,14.89
3.693294,14.88
3.692639,14.87
3.691971,14.86
3.691317,14.86
3.690663,14.86
3.690010,14.87
3.689356,14.88
3.688689,14.90
3.688036,14.91
3.687384,14.93
3.686731,14.94
3.686065,14.94
3.685413,14.94
3.684761,14.94
3.684110,14.92
3.683458,14.91
3.682794,14.89
3.682143,14.87
3.681492,14.86
3.680842,14.85
3.680191,14.84
3.679528,14.85
3.678878,14.85
3.678229,14.86
3.677579,14.87
3.676917,14.89
3.676268,14.90
3.675619,14.91
3.674971,14.92
3.674323,14.92
3.673661,14.93
3.673014,14.93
3.672366,14.94
3.671719,14.94
3.671072,14.94
3.670412,14.95
3.669765,14.95
3.669119,14.96
3.668473,14.96
3.667827,14.96
3.667168,14.95
3.666522,14.94
3.665877,14.93
3.665232,14.91
3.664574,14.89
3.663930,14.86
3.663285,14.85
3.662641,14.83
3.661998,14.83
3.661341,14.82
3.660697,14.83
3.660054,14.83
3.659411,14.84
3.658769,14.86
3.658113,14.87
3.657471,14.88
3.656829,14.89
3.656187,14.89
3.655532,14.89
3.654891,14.89
3.654250,14.89
3.653609,14.88
3.652968,14.87
3.652314,14.87
3.651674,14.86
3.651034,14.86
3.650394,14.86
3.649755,14.87
3.649102,14.88
3.648463,14.89
3.647824,14.90
3.647186,14.91
3.646547,14.92
3.645896,14.93
3.645258,14.94
3.644620,14.95
3.643983,14.95
3.643332,14.95
3.642695,14.95
3.642058,14.95
3.641422,14.95
3.640786,14.94
3.640136,14.94
3.639500,14.94
3.638865,14.94
3.638229,14.94
3.637594,14.94
3.636946,14.94
3.636311,14.95
3.635676,14.95
3.635042,14.96
3.634394,14.96
3.633761,14.96
3.633127,14.96
3.632493,14.96
3.631860,14.95
3.631214,14.95
3.630581,14.94
3.629949,14.93
3.629316,14.93
3.628684,14.94
3.628039,14.94
3.627407,14.95
3.626776,14.96
3.626145,14.97
3.625500,14.98
3.624870,14.99
3.624239,15.00
3.623609,15.00
3.622978,15.00
3.622335,14.99
3.621706,14.98
3.621076,14.96
3.620447,14.94
3.619818,14.92
3.619176,14.90
3.618547,14.89
3.617919,14.88
3.617291,14.88
3.616663,14.88
3.616022,14.88
3.615394,14.88
3.614767,14.88
3.614140,14.88
3.613500,14.88
3.612873,14.89
3.612247,14.90
3.611621,14.91
3.610995,14.93
3.610356,14.95
3.609730,14.98
3.609105,15.01
3.608480,15.03
3.607855,15.05
3.607217,15.07
3.606593,15.08
3.605969,15.10
3.605345,15.11
3.604708,15.12
3.604084,15.12
3.603461,15.12
3.602838,15.11
3.602215,15.10
3.601579,15.09
3.600956,15.07
3.600334,15.06
3.599712,15.05
3.599090,15.04
3.598456,15.03
3.597834,15.03
3.597213,15.02
3.596592,15.02
3.595958,15.01
3.595338,15.00
3.594717,14.99
3.594097,14.98
3.593477,14.97
3.592844,14.97
3.592225,14.97
3.591606,14.98
3.590987,14.99
3.590368,15.01
3.589736,15.02
3.589118,15.04
3.588500,15.04
3.587882,15.05
3.587264,15.05
3.586633,15.05
3.586016,15.05
3.585399,15.05
3.584782,15.05
3.584152,15.06
3.583536,15.07
3.582920,15.08
3.582303,15.09
3.581688,15.09
3.581059,15.09
3.580444,15.09
3.579828,15.08
3.579213,15.08
3.578599,15.07
3.577971,15.07
3.577357,15.07
3.576743,15.07
3.576129,15.06
3.575502,15.05
3.574889,15.04
3.574275,15.03
3.573662,15.02
3.573049,15.01
3.572424,15.01
3.571811,15.00
3.571199,15.00
3.570587,15.00
3.569975,15.01
3.569351,15.01
3.568739,15.02
3.568128,15.02
3.567517,15.02
3.566906,15.01
3.566283,15.01
3.565673,15.00
3.565062,15.00
3.564452,15.00
3.563830,15.01
3.563220,15.03
3.562611,15.05
3.562002,15.07
3.561393,15.09
3.560772,15.10
3.560163,15.11
3.559555,15.11
3.558947,15.11
3.558339,15.11
3.557719,15.10
3.557111,15.10
3.556504,15.09
3.555897,15.08
3.555277,15.07
3.554671,15.05
3.554064,15.03
3.553458,15.01
3.552852,14.99
3.552234,14.98
3.551628,14.97
3.551023,14.96
3.550418,14.97
3.549813,14.97
3.549195,14.99
3.548591,15.00
3.547987,15.02
3.547382,15.04
3.546778,15.06
3.546162,15.07
3.545559,15.09
3.544955,15.09
3.544352,15.10
3.543737,15.10
3.543134,15.09
3.542532,15.08
3.541929,15.07
3.541327,15.07
3.540713,15.07
3.540111,15.07
3.539510,15.07
3.538909,15.08
3.538307,15.08
3.537694,15.09
3.537093,15.09
3.536493,15.08
3.535893,15.08
3.535280,15.07
3.534681,15.06
3.534081,15.05
3.533482,15.04
3.532882,15.03
3.532271,15.01
3.531672,14.99
3.531073,14.97
3.530475,14.95
3.529877,14.95
3.529266,14.94
3.528669,14.95
3.528071,14.96
3.527474,14.97
3.526864,14.98
3.526267,14.99
3.525670,14.99
3.525074,15.00
3.524477,15.00
3.523869,15.01
3.523273,15.02
3.522677,15.03
3.522082,15.04
3.521486,15.05
3.520879,15.06
3.520284,15.07
3.519689,15.07
3.519095,15.06
3.518500,15.05
3.517894,15.03
3.517300,15.01
3.516706,14.99
3.516113,14.97
3.515507,14.94
3.514914,14.92
3.514321,14.90
3.513728,14.88
3.513136,14.88
3.512531,14.88
3.511939,14.89
3.511347,14.90
3.510755,14.92
3.510164,14.94
3.509560,14.95
3.508969,14.96
3.508378,14.95
3.507787,14.94
3.507184,14.92
3.506594,14.89
3.506004,14.87
3.505414,14.85
3.504824,14.83
3.504223,14.83
3.503633,14.83
3.503044,14.83
3.502455,14.84
3.501866,14.84
3.501266,14.85
3.500677,14.85
3.500089,14.85
3.499501,14.85
3.498914,14.85
3.498314,14.86
3.497726,14.86
3.497139,14.87
3.496552,14.89
3.495953,14.91
3.495367,14.94
3.494781,14.97
3.494194,15.00
3.493608,15.03
3.493010,15.05
3.492425,15.06
3.491840,15.07
3.491254,15.06
3.490669,15.05
3.490072,15.03
3.489488,15.01
3.488904,14.99
3.488319,14.97
3.487723,14.95
3.487139,14.94
3.486556,14.94
3.485972,14.94
3.485389,14.94
3.484794,14.95
3.484211,14.96
3.483629,14.96
3.483046,14.96
3.482464,14.96
3.481870,14.95
3.481288,14.94
3.480706,14.94
3.480125,14.94
3.479532,14.95
3.478951,14.97
3.478370,14.99
3.477789,15.01
3.477209,15.03
3.476616,15.05
3.476036,15.06
3.475456,15.06
3.474877,15.06
3.474297,15.06
3.473706,15.06
3.473127,15.06
3.472548,15.07
3.471969,15.07
3.471391,15.08
3.470800,15.09
3.470222,15.09
3.469644,15.09
3.469066,15.09
3.468477,15.08
3.467899,15.08
3.467322,15.07
3.466745,15.06
3.466168,15.05
3.465580,15.04
3.465003,15.04
3.464427,15.03
3.463851,15.02
3.463275,15.01
3.462688,15.01
3.462112,15.01
3.461537,15.01
3.460962,15.01
3.460375,15.02
3.459801,15.02
3.459226,15.03
3.458652,15.03
3.458078,15.03
3.457492,15.02
3.456918,15.02
3.456345,15.01
3.455771,14.99
3.455198,14.98
3.454613,14.97
3.454041,14.97
3.453468,14.96
3.452896,14.96
3.452323,14.96
3.451740,14.97
3.451168,14.97
3.450596,14.98
3.450025,14.98
3.449442,14.99
3.448870,14.99
3.448300,15.00
3.447729,15.01
3.447159,15.01
3.446576,15.02
3.446006,15.02
3.445436,15.02
3.444867,15.01
3.444297,15.00
3.443716,14.98
3.443147,14.96
3.442578,14.93
3.442009,14.91
3.441429,14.89
3.440860,14.88
3.440292,14.88
3.439724,14.88
3.439156,14.89
3.438577,14.89
3.438009,14.90
3.437442,14.91
3.436875,14.91
3.436308,14.91
3.435730,14.90
3.435163,14.89
3.434597,14.88
3.434031,14.86
3.433465,14.83
3.432887,14.81
3.432321,14.79
3.431756,14.78
3.431191,14.77
3.430614,14.77
3.430049,14.77
3.429485,14.78
3.428920,14.79
3.428356,14.79
3.427780,14.80
3.427216,14.80
3.426653,14.81
3.426089,14.81
3.425526,14.82
3.424951,14.83
3.424388,14.84
3.423825,14.85
3.423262,14.86
3.422688,14.87
3.422126,14.87
3.421564,14.88
3.421002,14.88
3.420441,14.89
3.419867,14.90
3.419306,14.90
3.418745,14.90
3.418184,14.90
3.417623,14.90
3.417051,14.89
3.416491,14.89
3.415931,14.89
3.415371,14.90
3.414799,14.91
3.414239,14.92
3.413680,14.93
3.413121,14.94
3.412562,14.94
3.411991,14.93
3.411432,14.92
3.410874,14.90
3.410316,14.88
3.409757,14.86
3.409188,14.83
3.408630,14.81
3.408072,14.80
3.407515,14.80
3.406958,14.81
3.406389,14.84
3.405832,14.87
3.405275,14.90
3.404719,14.93
3.404151,14.96
3.403595,14.97
3.403039,14.98
3.402483,14.98
3.401928,14.97
3.401361,14.97
3.400805,14.97
3.400250,14.97
3.399695,14.98
3.399141,14.98
3.398575,14.99
3.398020,15.00
3.397466,15.01
3.396912,15.01
3.396347,15.03
3.395793,15.04
3.395240,15.06
3.394687,15.08
3.394134,15.09
3.393569,15.11
3.393016,15.11
3.392464,15.12
3.391912,15.12
3.391359,15.11
3.390796,15.11
3.390244,15.11
3.389693,15.10
3.389141,15.09
3.388590,15.07
3.388027,15.06
3.387476,15.04
3.386926,15.02
3.386375,15.01
3.385813,15.01
3.385263,15.01
3.384713,15.02
3.384163,15.02
3.383614,15.03
3.383053,15.04
3.382504,15.04
3.381955,15.04
3.381406,15.04
3.380857,15.05
3.380297,15.06
3.379749,15.08
3.379200,15.10
3.378652,15.12
3.378093,15.14
3.377545,15.14
3.376998,15.14
3.376451,15.12
3.375903,15.11
3.375345,15.09
3.374798,15.08
3.374252,15.07
3.373705,15.07
3.373159,15.07
3.372602,15.08
3.372056,15.08
3.371510,15.07
3.370965,15.07
3.370408,15.07
3.369863,15.07
3.369318,15.08
3.368773,15.10
3.368228,15.13
3.367672,15.16
3.367128,15.18
3.366584,15.21
3.366040,15.22
3.365496,15.23
3.364941,15.24
3.364398,15.25
3.363855,15.25
3.363312,15.25
3.362769,15.24
3.362215,15.24
3.361672,15.24
3.361130,15.23
3.360588,15.24
3.360034,15.24
3.359493,15.26
3.358951,15.28
3.358409,15.31
3.357868,15.35
3.357316,15.39
3.356775,15.42
3.356234,15.46
3.355693,15.48
3.355153,15.50
3.354602,15.51
3.354061,15.51
3.353522,15.50
3.352982,15.48
3.352431,15.45
3.351892,15.43
3.351352,15.40
3.350813,15.37
3.350275,15.35
3.349725,15.34
3.349186,15.34
3.348648,15.35
3.348110,15.36
3.347572,15.38
3.347023,15.39
3.346485,15.41
3.345948,15.42
3.345410,15.43
3.344862,15.43
3.344325,15.43
3.343788,15.44
3.343252,15.45
3.342715,15.46
3.342168,15.48
3.341632,15.50
3.341096,15.51
3.340560,15.51
3.340025,15.50
3.339478,15.49
3.338943,15.48
3.338408,15.47
3.337873,15.47
3.337338,15.47
3.336792,15.48
3.336258,15.50
3.335724,15.52
3.335190,15.53
3.334645,15.55
3.334111,15.56
3.333578,15.56
3.333044,15.57
3.332511,15.57
3.331967,15.56
3.331434,15.56
3.330902,15.56
3.330369,15.56
3.329837,15.56
3.329294,15.57
3.328762,15.58
3.328230,15.59
3.327698,15.60
3.327167,15.62
3.326625,15.63
3.326094,15.63
3.325563,15.63
3.325032,15.62
3.324490,15.60
3.323960,15.58
3.323430,15.56
3.322899,15.54
3.322370,15.53
3.321829,15.54
3.321299,15.55
3.320770,15.57
3.320241,15.59
3.319711,15.61
3.319172,15.62
3.318643,15.63
3.318114,15.62
3.317586,15.60
3.317047,15.58
3.316519,15.57
3.315991,15.55
3.315463,15.55
3.314935,15.55
3.314397,15.55
3.313870,15.56
3.313343,15.57
3.312816,15.59
3.312289,15.59
3.311752,15.60
3.311225,15.60
3.310699,15.59
3.310173,15.59
3.309636,15.58
3.309111,15.57
3.308585,15.56
3.308060,15.57
3.307535,15.58
3.306999,15.60
3.306474,15.62
3.305949,15.65
3.305425,15.67
3.304900,15.68
3.304365,15.69
3.303841,15.69
3.303317,15.69
3.302794,15.68
3.302270,15.68
3.301736,15.68
3.301213,15.68
3.300690,15.69
3.300167,15.70
3.299633,15.71
3.299111,15.72
3.298588,15.74
3.298066,15.75
3.297544,15.76
3.297011,15.76
3.296490,15.76
3.295968,15.75
3.295447,15.74
3.294925,15.72
3.294394,15.70
3.293873,15.68
3.293352,15.67
3.292832,15.65
3.292300,15.64
3.291780,15.64
3.291260,15.64
3.290740,15.65
3.290220,15.66
3.289690,15.67
3.289171,15.67
3.288652,15.67
3.288132,15.66
3.287614,15.65
3.287084,15.65
3.286566,15.64
3.286047,15.64
3.285529,15.64
3.285000,15.65
3.284482,15.66
3.283964,15.67
3.283447,15.68
3.282929,15.69
3.282401,15.70
3.281884,15.70
3.281367,15.70
3.280851,15.69
3.280334,15.67
3.279807,15.65
3.279291,15.62
3.278775,15.60
3.278259,15.57
3.277743,15.56
3.277216,15.55
3.276701,15.56
3.276186,15.57
3.275671,15.60
3.275145,15.63
3.274630,15.66
3.274115,15.69
3.273601,15.71
3.273087,15.73
3.272562,15.74
3.272048,15.74
3.271534,15.74
3.271020,15.73
3.270507,15.72
3.269983,15.72
3.269470,15.71
3.268957,15.71
3.268444,15.70
3.267920,15.70
3.267408,15.70
3.266896,15.70
3.266383,15.70
3.265871,15.70
3.265349,15.70
3.264837,15.71
3.264325,15.71
3.263814,15.72
3.263303,15.73
3.262781,15.73
3.262270,15.73
3.261759,15.74
3.261249,15.73
3.260738,15.73
3.260218,15.72
3.259707,15.72
3.259197,15.71
3.258688,15.71
3.258167,15.71
3.257658,15.71
3.257149,15.71
3.256639,15.71
3.256130,15.70
3.255611,15.69
3.255102,15.68
3.254594,15.66
3.254086,15.66
3.253577,15.66
3.253059,15.67
3.252551,15.70
3.252043,15.73
3.251536,15.76
3.251018,15.78
3.250510,15.80
3.250003,15.81
3.249496,15.81
3.248990,15.81
3.248472,15.80
3.247966,15.79
3.247460,15.77
3.246954,15.76
3.246448,15.74
3.245931,15.73
3.245426,15.73
3.244920,15.72
3.244415,15.72
3.243899,15.72
3.243394,15.71
3.242889,15.71
3.242384,15.70
3.241880,15.69
3.241365,15.69
3.240861,15.69
3.240357,15.70
3.239853,15.72
3.239349,15.74
3.238835,15.75
3.238331,15.77
3.237828,15.78
3.237325,15.78
3.236822,15.77
3.236309,15.76
3.235806,15.75
3.235304,15.74
3.234801,15.73
3.234289,15.73
3.233787,15.73
3.233285,15.74
3.232783,15.76
3.232281,15.79
3.231770,15.82
3.231268,15.86
3.230767,15.89
3.230266,15.92
3.229766,15.93
3.229254,15.93
3.228754,15.93
3.228254,15.92
3.227754,15.92
3.227243,15.91
3.226743,15.91
3.226244,15.91
3.225744,15.90
3.225245,15.89
3.224735,15.87
3.224236,15.85
3.223737,15.83
3.223238,15.81
3.222740,15.79
3.222231,15.78
3.221733,15.77
3.221234,15.77
3.220736,15.77
3.220239,15.77
3.219731,15.78
3.219233,15.79
3.218736,15.81
3.218238,15.82
3.217731,15.84
3.217234,15.85
3.216737,15.86
3.216241,15.87
3.215744,15.88
3.215238,15.89
3.214742,15.90
3.214246,15.92
3.213750,15.94
3.213254,15.96
3.212748,15.97
3.212253,15.97
3.211758,15.97
3.211263,15.97
3.210757,15.95
3.210263,15.93
3.209768,15.91
3.209274,15.90
3.208779,15.88
3.208275,15.87
3.207781,15.86
3.207287,15.86
3.206793,15.87
3.206300,15.87
3.205796,15.87
3.205303,15.88
3.204810,15.88
3.204317,15.89
3.203824,15.89
3.203321,15.90
3.202829,15.90
3.202336,15.91
3.201844,15.91
3.201342,15.91
3.200850,15.91
3.200358,15.90
3.199867,15.90
3.199375,15.89
3.198874,15.89
3.198383,15.88
3.197892,15.88
3.197401,15.88
3.196911,15.88
3.196410,15.88
3.195919,15.88
3.195429,15.88
3.194939,15.88
3.194439,15.88
3.193949,15.89
3.193460,15.89
3.192970,15.90
3.192481,15.90
3.191982,15.91
3.191493,15.91
3.191004,15.90
3.190515,15.90
3.190027,15.89
3.189528,15.88
3.189040,15.87
3.188552,15.86
3.188064,15.86
3.187566,15.86
3.187078,15.87
3.186591,15.89
3.186103,15.90
3.185616,15.92
3.185119,15.93
3.184632,15.93
3.184146,15.92
3.183659,15.91
3.183172,15.89
3.182676,15.87
3.182190,15.85
3.181704,15.84
3.181218,15.84
3.180732,15.84
3.180237,15.84
3.179751,15.84
3.179266,15.85
3.178781,15.86
3.178286,15.88
3.177801,15.90
3.177317,15.92
3.176832,15.94
3.176348,15.96
3.175853,15.97
3.175369,15.98
3.174885,15.98
3.174402,15.98
3.173918,15.97
3.173424,15.97
3.172941,15.97
3.172458,15.97
3.171975,15.97
3.171482,15.98
3.170999,15.98
3.170517,15.97
3.170034,15.96
3.169552,15.95
3.169060,15.94
3.168578,15.92
3.168096,15.90
3.167614,15.89
3.167133,15.88
3.166641,15.88
3.166160,15.90
3.165679,15.91
3.165198,15.93
3.164717,15.95
3.164227,15.96
3.163746,15.97
3.163266,15.98
3.162785,15.99
3.162295,16.00
3.161815,16.01
3.161336,16.02
3.160856,16.04
3.160376,16.06
3.159887,16.08
3.159408,16.09
3.158929,16.09
3.158450,16.10
3.157971,16.10
3.157483,16.09
3.157004,16.09
3.156526,16.08
3.156048,16.06
3.155560,16.05
3.155082,16.03
3.154604,16.01
3.154126,16.00
3.153649,15.98
3.153162,15.98
3.152685,15.97
3.152207,15.97
3.151731,15.97
3.151254,15.98
3.150767,15.99
3.150291,16.01
3.149815,16.04
3.149338,16.06
3.148853,16.09
3.148377,16.11
3.147901,16.13
3.147425,16.13
3.146950,16.13
3.146465,16.11
3.145990,16.09
3.145515,16.07
3.145040,16.04
3.144565,16.02
3.144081,16.01
3.143606,16.00
3.143132,15.99
3.142658,15.99
3.142184,15.99
3.141700,15.98
3.141226,15.98
3.140753,15.97
3.140279,15.97
3.139796,15.95
3.139323,15.94
3.138850,15.93
3.138377,15.92
3.137905,15.92
3.137422,15.92
3.136950,15.93
3.136478,15.94
3.136005,15.96
3.135533,15.97
3.135052,15.97
3.134580,15.97
3.134109,15.97
3.133637,15.97
3.133156,15.96
3.132685,15.96
3.132214,15.96
3.131743,15.96
3.131272,15.97
3.130792,15.97
3.130322,15.97
3.129851,15.97
3.129381,15.97
3.128911,15.97
3.128431,15.97
3.127962,15.97
3.127492,15.97
3.127023,15.97
3.126554,15.97
3.126075,15.97
3.125606,15.98
3.125137,15.98
3.124668,15.98
3.124190,15.98
3.123721,15.97
3.123253,15.96
3.122785,15.95
3.122317,15.95
3.121839,15.94
3.121371,15.94
3.120904,15.95
3.120436,15.96
3.119969,15.97
3.119492,15.98
3.119025,15.99
3.118558,16.00
3.118091,16.00
3.117615,16.00
3.117149,16.00
3.116682,16.01
3.116216,16.01
3.115750,16.02
3.115275,16.03
3.114809,16.03
3.114343,16.03
3.113878,16.04
3.113412,16.05
3.112937,16.06
3.112472,16.07
3.112007,16.08
3.111543,16.09
3.111078,16.08
3.110604,16.07
3.110139,16.06
3.109675,16.04
3.109211,16.03
3.108737,16.03
3.108274,16.03
3.107810,16.04
3.107346,16.06
3.106883,16.08
3.106410,16.09
3.105947,16.10
3.105484,16.10
3.105021,16.10
3.104558,16.10
3.104086,16.09
3.103624,16.08
3.103162,16.08
3.102699,16.07
3.102228,16.07
3.101766,16.08
3.101304,16.10
3.100842,16.12
3.100381,16.15
3.099910,16.17
3.099449,16.19
3.098988,16.20
3.098527,16.19
3.098066,16.18
3.097596,16.17
3.097135,16.15
3.096675,16.14
3.096215,16.13
3.095745,16.13
3.095285,16.13
3.094825,16.14
3.094366,16.15
3.093906,16.17
3.093437,16.19
3.092978,16.21
3.092519,16.23
3.092060,16.23
3.091601,16.24
3.091133,16.24
3.090674,16.23
3.090216,16.22
3.089757,16.20
3.089299,16.19
3.088832,16.17
3.088374,16.16
3.087916,16.15
3.087458,16.14
3.086991,16.14
3.086534,16.15
3.086077,16.16
3.085620,16.18
3.085163,16.20
3.084697,16.21
3.084240,16.22
3.083783,16.23
3.083327,16.23
3.082871,16.22
3.082405,16.21
3.081949,16.20
3.081493,16.19
3.081037,16.18
3.080572,16.18
3.080117,16.17
3.079662,16.16
3.079206,16.15
3.078751,16.14
3.078287,16.14
3.077832,16.13
3.077378,16.13
3.076923,16.13
3.076469,16.13
3.076005,16.13
3.075551,16.13
3.075097,16.13
3.074643,16.13
3.074180,16.14
3.073726,16.15
3.073273,16.17
3.072820,16.19
3.072367,16.21
3.071904,16.23
3.071451,16.24
3.070998,16.23
3.070546,16.22
3.070093,16.21
3.069632,16.19
3.069179,16.16
3.068727,16.14
3.068275,16.13
3.067823,16.12
3.067362,16.12
3.066911,16.12
3.066459,16.12
3.066008,16.12
3.065548,16.12
3.065097,16.13
3.064646,16.14
3.064195,16.15
3.063744,16.16
3.063284,16.17
3.062834,16.18
3.062384,16.18
3.061934,16.18
3.061484,16.19
3.061025,16.19
3.060575,16.20
3.060125,16.22
3.059676,16.24
3.059227,16.26
3.058768,16.28
3.058319,16.28
3.057870,16.28
3.057421,16.27
3.056963,16.25
3.056515,16.24
3.056067,16.22
3.055618,16.21
3.055170,16.20
3.054713,16.20
3.054265,16.20
3.053817,16.20
3.053370,16.20
3.052922,16.19
3.052466,16.17
3.052019,16.15
3.051572,16.13
3.051125,16.11
3.050669,16.11
3.050222,16.12
3.049775,16.15
3.049329,16.18
3.048883,16.21
3.048427,16.24
3.047981,16.26
3.047535,16.27
3.047090,16.27
3.046644,16.26
3.046189,16.24
3.045744,16.23
3.045299,16.22
3.044854,16.21
3.044400,16.22
3.043955,16.23
3.043510,16.25
3.043065,16.28
3.042621,16.30
3.042167,16.33
3.041723,16.35
3.041279,16.36
3.040835,16.36
3.040392,16.35
3.039939,16.33
3.039495,16.31
3.039052,16.30
3.038609,16.28
3.038165,16.27
3.037713,16.26
3.037270,16.25
3.036828,16.25
3.036385,16.26
3.035933,16.27
3.035491,16.28
3.035049,16.29
3.034607,16.30
3.034165,16.30
3.033714,16.29
3.033272,16.27
3.032830,16.25
3.032389,16.23
3.031948,16.21
3.031497,16.20
3.031056,16.19
3.030615,16.18
3.030174,16.18
3.029725,16.17
3.029284,16.17
3.028844,16.17
3.028403,16.17
3.027963,16.19
3.027514,16.22
3.027074,16.24
3.026634,16.28
3.026195,16.30
3.025755,16.32
3.025307,16.33
3.024867,16.34
3.024428,16.34
3.023989,16.34
3.023541,16.33
3.023103,16.32
3.022664,16.31
3.022225,16.30
3.021787,16.28
3.021340,16.27
3.020902,16.26
3.020464,16.25
3.020026,16.24
3.019588,16.24
3.019141,16.24
3.018704,16.24
3.018267,16.23
3.017829,16.24
3.017392,16.24
3.016946,16.26
3.016509,16.28
3.016073,16.30
3.015636,16.32
3.015191,16.34
3.014754,16.36
3.014318,16.36
3.013882,16.37
3.013446,16.37
3.013001,16.36
3.012565,16.35
3.012130,16.34
3.011694,16.32
3.011259,16.31
3.010815,16.30
3.010380,16.30
3.009945,16.30
3.009510,16.31
3.009066,16.33
3.008632,16.35
3.008197,16.36
3.007763,16.36
3.007329,16.36
3.006886,16.34
3.006452,16.33
3.006018,16.32
3.005584,16.31
3.005151,16.30
3.004708,16.30
3.004275,16.31
3.003842,16.31
3.003409,16.32
3.002976,16.32
3.002534,16.32
3.002101,16.33
3.001669,16.33
3.001237,16.33
3.000795,16.34
3.000363,16.34
2.999931,16.34
2.999499,16.34
2.999067,16.34
2.998627,16.33
2.998195,16.32
2.997764,16.30
2.997332,16.29
2.996901,16.29
2.996461,16.30
2.996030,16.31
2.995599,16.33
2.995169,16.35
2.994729,16.38
2.994299,16.40
2.993869,16.43
2.993438,16.45
2.993008,16.47
2.992569,16.49
2.992140,16.50
2.991710,16.51
2.991280,16.50
2.990851,16.49
2.990413,16.47
2.989984,16.45
2.989554,16.42
2.989126,16.41
2.988688,16.41
2.988259,16.41
2.987831,16.43
2.987402,16.46
2.986974,16.49
2.986537,16.51
2.986109,16.53
2.985681,16.52
2.985253,16.51
2.984825,16.48
2.984389,16.44
2.983961,16.41
2.983534,16.37
2.983107,16.35
2.982680,16.34
2.982244,16.34
2.981817,16.36
2.981390,16.37
2.980964,16.39
2.980528,16.40
2.980102,16.42
2.979676,16.42
2.979250,16.43
2.978824,16.44
2.978389,16.46
2.977963,16.47
2.977537,16.49
2.977112,16.51
2.976687,16.53
2.976252,16.54
2.975827,16.55
2.975402,16.55
2.974977,16.55
2.974553,16.55
2.974119,16.56
2.973695,16.56
2.973270,16.57
2.972846,16.58
2.972413,16.59
2.971989,16.60
2.971565,16.61
2.971141,16.61
2.970718,16.61
2.970285,16.61
2.969862,16.62
2.969439,16.62
2.969015,16.63
2.968592,16.63
2.968161,16.64
2.967738,16.65
2.967315,16.65
2.966892,16.65
2.966461,16.64
2.966039,16.63
2.965617,16.62
2.965195,16.60
2.964773,16.59
2.964342,16.58
2.963920,16.57
2.963499,16.57
2.963077,16.58
2.962656,16.59
2.962226,16.60
2.961805,16.62
2.961384,16.63
2.960963,16.64
2.960533,16.65
2.960112,16.65
2.959692,16.65
2.959272,16.64
2.958851,16.63
2.958422,16.62
2.958002,16.61
2.957582,16.60
2.957163,16.58
2.956743,16.57
2.956315,16.55
2.955895,16.54
2.955476,16.54
2.955057,16.54
2.954637,16.54
2.954210,16.56
2.953791,16.57
2.953372,16.59
2.952954,16.59
2.952526,16.60
2.952108,16.59
2.951690,16.57
2.951272,16.56
2.950854,16.54
2.950427,16.52
2.950009,16.52
2.949591,16.52
2.949174,16.53
2.948757,16.55
2.948331,16.57
2.947913,16.59
2.947496,16.60
2.947079,16.61
2.946654,16.61
2.946237,16.61
2.945820,16.60
2.945404,16.60
2.944988,16.60
2.944563,16.60
2.944147,16.61
2.943731,16.62
2.943315,16.62
2.942899,16.62
2.942475,16.62
2.942059,16.62
2.941644,16.62
2.941228,16.62
2.940805,16.63
2.940389,16.63
2.939975,16.64
2.939560,16.65
2.939145,16.66
2.938722,16.66
2.938307,16.66
2.937893,16.66
2.937479,16.67
2.937065,16.68
2.936642,16.69
2.936228,16.70
2.935814,16.70
2.935401,16.70
2.934987,16.68
2.934565,16.65
2.934152,16.62
2.933739,16.58
2.933326,16.55
2.932904,16.52
2.932491,16.51
2.932078,16.52
2.931666,16.53
2.931253,16.55
2.930832,16.57
2.930420,16.59
2.930008,16.61
2.929596,16.63
2.929184,16.64
2.928764,16.65
2.928352,16.66
2.927940,16.67
2.927529,16.68
2.927109,16.69
2.926698,16.70
2.926287,16.71
2.925876,16.72
2.925465,16.72
2.925046,16.73
2.924635,16.74
2.924225,16.75
2.923814,16.76
2.923404,16.78
2.922985,16.79
2.922575,16.80
2.922165,16.80
2.921755,16.80
2.921346,16.80
2.920928,16.79
2.920518,16.79
2.920109,16.79
2.919700,16.79
2.919282,16.80
2.918873,16.80
2.918464,16.81
2.918055,16.81
2.917647,16.82
2.917229,16.83
2.916821,16.83
2.916413,16.84
2.916004,16.84
2.915596,16.83
2.915180,16.81
2.914772,16.80
2.914364,16.78
2.913957,16.76
2.913541,16.74
2.913133,16.73
2.912726,16.73
2.912319,16.73
2.911912,16.73
2.911496,16.74
2.911090,16.75
2.910683,16.76
2.910276,16.76
2.909870,16.76
2.909455,16.76
2.909049,16.74
2.908642,16.73
2.908236,16.71
2.907822,16.70
2.907416,16.70
2.907011,16.71
2.906605,16.73
2.906200,16.76
2.905786,16.79
2.905380,16.81
2.904975,16.82
2.904570,16.83
2.904165,16.83
2.903752,16.82
2.903348,16.82
2.902943,16.83
2.902539,16.85
2.902134,16.87
2.901722,16.88
2.901317,16.89
2.900913,16.89
2.900510,16.87
2.900097,16.85
2.899694,16.82
2.899290,16.79
2.898887,16.78
2.898484,16.78
2.898072,16.79
2.897669,16.81
2.897266,16.84
2.896863,16.86
2.896460,16.87
2.896049,16.88
2.895647,16.87
2.895244,16.86
2.894842,16.83
2.894431,16.81
2.894029,16.80
2.893627,16.79
2.893226,16.79
2.892824,16.81
2.892414,16.84
2.892012,16.87
2.891611,16.89
2.891210,16.91
2.890808,16.92
2.890399,16.92
2.889998,16.90
2.889597,16.88
2.889196,16.86
2.888796,16.85
2.888387,16.84
2.887987,16.84
2.887586,16.85
2.887186,16.86
2.886778,16.87
2.886378,16.88
2.885978,16.88
2.885578,16.88
2.885179,16.88
2.884771,16.88
2.884371,16.87
2.883972,16.87
2.883573,16.87
2.883174,16.86
2.882767,16.86
2.882368,16.86
2.881969,16.86
2.881570,16.86
2.881164,16.86
2.880765,16.87
2.880367,16.87
2.879969,16.87
2.879571,16.87
2.879164,16.87
2.878767,16.87
2.878369,16.87
2.877971,16.88
2.877574,16.88
2.877168,16.89
2.876771,16.89
2.876373,16.89
2.875976,16.89
2.875579,16.89
2.875174,16.89
2.874778,16.90
2.874381,16.91
2.873984,16.93
2.873580,16.96
2.873183,16.98
2.872787,17.01
2.872391,17.03
2.871995,17.04
2.871591,17.04
2.871195,17.03
2.870800,17.01
2.870404,16.99
2.870009,16.97
2.869605,16.95
2.869210,16.94
2.868815,16.94
2.868420,16.93
2.868017,16.93
2.867622,16.91
2.867227,16.90
2.866833,16.88
2.866438,16.86
2.866036,16.84
2.865642,16.83
2.865247,16.82
2.864853,16.82
2.864460,16.82
2.864058,16.82
2.863664,16.82
2.863270,16.82
2.862877,16.82
2.862475,16.81
2.862082,16.81
2.861689,16.81
2.861296,16.81
2.860903,16.81
2.860502,16.82
2.860109,16.84
2.859717,16.86
2.859324,16.88
2.858932,16.90
2.858531,16.92
2.858139,16.93
2.857747,16.94
2.857355,16.95
2.856963,16.96
2.856563,16.98
2.856172,16.99
2.855780,17.01
2.855389,17.02
2.854989,17.03
2.854598,17.03
2.854207,17.03
2.853816,17.01
2.853425,16.99
2.853026,16.97
2.852636,16.96
2.852245,16.95
2.851855,16.94
2.851464,16.94
2.851066,16.95
2.850676,16.96
2.850286,16.97
2.849896,16.99
2.849498,17.01
2.849108,17.03
2.848719,17.04
2.848329,17.05
2.847940,17.05
2.847543,17.05
2.847153,17.04
2.846764,17.03
2.846375,17.02
2.845987,17.00
2.845590,16.99
2.845201,16.99
2.844813,16.98
2.844424,16.98
2.844028,16.98
2.843640,16.98
2.843252,16.99
2.842864,16.99
2.842476,17.00
2.842080,17.00
2.841692,17.01
2.841305,17.01
2.840917,17.03
2.840530,17.04
2.840135,17.07
2.839747,17.09
2.839360,17.12
2.838973,17.14
2.838587,17.15
2.838192,17.14
2.837805,17.12
2.837419,17.10
2.837032,17.09
2.836638,17.08
2.836252,17.09
2.835866,17.10
2.835480,17.12
2.835094,17.15
2.834700,17.17
2.834314,17.17
2.833929,17.17
2.833543,17.17
2.833158,17.15
2.832765,17.14
2.832380,17.12
2.831995,17.10
2.831610,17.08
2.831217,17.06
2.830832,17.04
2.830448,17.02
2.830063,17.00
2.829679,16.98
2.829287,16.97
2.828902,16.96
2.828518,16.96
2.828134,16.95
2.827750,16.95
2.827359,16.95
2.826975,16.95
2.826591,16.96
2.826208,16.98
2.825825,17.00
2.825433,17.02
2.825050,17.05
2.824667,17.08
2.824284,17.10
2.823894,17.11
2.823511,17.12
2.823128,17.12
2.822746,17.11
2.822363,17.11
2.821973,17.10
2.821591,17.10
2.821209,17.10
2.820827,17.11
2.820445,17.13
2.820055,17.16
2.819673,17.20
2.819292,17.23
2.818910,17.25
2.818521,17.26
2.818140,17.27
2.817759,17.27
2.817378,17.28
2.816997,17.28
2.816608,17.29
2.816227,17.31
2.815846,17.32
2.815466,17.32
2.815085,17.31
2.814697,17.29
2.814317,17.25
2.813937,17.21
2.813557,17.17
2.813177,17.14
2.812789,17.12
2.812409,17.11
2.812030,17.10
2.811650,17.10
2.811263,17.11
2.810884,17.12
2.810505,17.13
2.810125,17.15
2.809746,17.17
2.809360,17.20
2.808981,17.22
2.808602,17.25
2.808224,17.26
2.807845,17.28
2.807459,17.28
2.807081,17.29
2.806702,17.29
2.806324,17.30
2.805938,17.31
2.805561,17.32
2.805183,17.33
2.804805,17.34
2.804428,17.34
2.804042,17.33
2.803665,17.31
2.803288,17.29
2.802911,17.26
2.802533,17.24
2.802149,17.21
2.801772,17.19
2.801395,17.18
2.801018,17.16
2.800634,17.15
2.800258,17.15
2.799881,17.16
2.799505,17.17
2.799129,17.20
2.798745,17.22
2.798369,17.24
2.797993,17.25
2.797618,17.26
2.797242,17.26
2.796859,17.25
2.796483,17.24
2.796108,17.23
2.795733,17.23
2.795357,17.24
2.794975,17.26
2.794600,17.29
2.794225,17.32
2.793850,17.35
2.793468,17.37
2.793093,17.39
2.792719,17.40
2.792345,17.41
2.791970,17.43
2.791588,17.45
2.791214,17.47
2.790840,17.50
2.790467,17.53
2.790093,17.56
2.789712,17.57
2.789338,17.57
2.788965,17.57
2.788591,17.55
2.788210,17.54
2.787837,17.53
2.787464,17.54
2.787091,17.55
2.786718,17.56
2.786338,17.56
2.785965,17.55
2.785593,17.54
2.785221,17.54
2.784848,17.53
2.784468,17.53
2.784096,17.54
2.783724,17.56
2.783352,17.57
2.782980,17.59
2.782601,17.61
2.782229,17.63
2.781858,17.66
2.781486,17.69
2.781107,17.74
2.780736,17.79
2.780365,17.84
2.779994,17.88
2.779623,17.90
2.779245,17.91
2.778874,17.89
2.778503,17.86
2.778133,17.81
2.777762,17.75
2.777384,17.70
2.777014,17.65
2.776644,17.61
2.776274,17.58
2.775896,17.56
2.775527,17.55
2.775157,17.55
2.774787,17.54
2.774418,17.54
2.774041,17.55
2.773671,17.55
2.773302,17.57
2.772933,17.60
2.772564,17.64
2.772187,17.70
2.771818,17.76
2.771450,17.81
2.771081,17.84
2.770705,17.85
2.770336,17.84
2.769968,17.81
2.769600,17.79
2.769232,17.79
2.768856,17.80
2.768488,17.82
2.768120,17.86
2.767752,17.89
2.767385,17.91
2.767009,17.91
2.766642,17.89
2.766275,17.87
2.765907,17.85
2.765540,17.85
2.765166,17.87
2.764799,17.90
2.764432,17.94
2.764065,17.99
2.763691,18.02
2.763324,18.03
2.762958,18.03
2.762591,18.00
2.762225,17.96
2.761851,17.91
2.761485,17.87
2.761119,17.83
2.760753,17.79
2.760387,17.76
2.760014,17.73
2.759648,17.72
2.759283,17.71
2.758918,17.72
2.758545,17.75
2.758179,17.79
2.757814,17.85
2.757449,17.94
2.757084,18.07
2.756712,18.24
2.756347,18.45
2.755983,18.64
2.755618,18.73
2.755254,18.67
2.754882,18.53
2.754517,18.37
2.754153,18.21
2.753789,18.08
2.753425,17.96
2.753054,17.87
2.752690,17.79
2.752326,17.72
2.751963,17.66
2.751592,17.62
2.751228,17.59
2.750865,17.57
2.750502,17.57
2.750139,17.59
2.749768,17.61
2.749405,17.64
2.749043,17.67
2.748680,17.70
2.748317,17.71
2.747947,17.72
2.747585,17.72
2.747223,17.72
2.746860,17.72
2.746491,17.72
2.746129,17.73
2.745767,17.74
2.745405,17.75
2.745043,17.75
2.744674,17.75
2.744312,17.75
2.743951,17.75
2.743590,17.77
2.743228,17.81
2.742860,17.89
2.742499,18.01
2.742138,18.19
2.741777,18.43
2.741416,18.67
2.741048,18.88
2.740687,18.97
2.740327,18.91
2.739966,18.72
2.739598,18.48
2.739238,18.25
2.738878,18.07
2.738518,17.92
2.738158,17.82
2.737791,17.73
2.737431,17.67
2.737071,17.63
2.736712,17.61
2.736352,17.61
2.735986,17.63
2.735626,17.66
2.735267,17.69
2.734908,17.70
2.734542,17.69
2.734183,17.66
2.733824,17.61
2.733465,17.56
2.733107,17.52
2.732741,17.49
2.732382,17.48
2.732024,17.48
2.731666,17.49
2.731308,17.51
2.730942,17.52
2.730584,17.53
2.730226,17.53
2.729869,17.52
2.729503,17.52
2.729146,17.51
2.728788,17.51
2.728431,17.52
2.728074,17.55
2.727709,17.59
2.727352,17.65
2.726995,17.72
2.726638,17.81
2.726281,17.90
2.725917,18.01
2.725561,18.11
2.725204,18.18
2.724848,18.20
2.724491,18.16
2.724128,18.10
2.723771,18.04
2.723415,18.00
2.723059,17.98
2.722696,17.97
2.722340,18.00
2.721985,18.05
2.721629,18.14
2.721274,18.25
2.720911,18.34
2.720555,18.36
2.720200,18.30
2.719845,18.19
2.719490,18.08
2.719128,17.98
2.718773,17.90
2.718418,17.83
2.718063,17.77
2.717701,17.73
2.717347,17.69
2.716993,17.66
2.716638,17.65
2.716284,17.64
2.715923,17.64
2.715569,17.66
2.715215,17.68
2.714861,17.71
2.714507,17.75
2.714146,17.79
2.713793,17.83
2.713439,17.87
2.713086,17.91
2.712732,17.94
2.712372,17.99
2.712019,18.04
2.711666,18.11
2.711313,18.20
2.710953,18.29
2.710600,18.35
2.710247,18.37
2.709895,18.34
2.709542,18.26
2.709183,18.17
2.708831,18.07
2.708478,17.98
2.708126,17.91
2.707774,17.85
2.707415,17.81
2.707063,17.77
2.706712,17.74
2.706360,17.73
2.706001,17.72
2.705650,17.72
2.705298,17.74
2.704947,17.76
2.704596,17.79
2.704238,17.83
2.703887,17.85
2.703536,17.87
2.703185,17.88
2.702834,17.88
2.702476,17.88
2.702126,17.87
2.701775,17.88
2.701425,17.89
2.701067,17.90
2.700717,17.91
2.700367,17.92
2.700017,17.92
2.699667,17.92
2.699310,17.92
2.698961,17.92
2.698611,17.93
2.698262,17.94
2.697912,17.96
2.697555,17.98
2.697206,18.01
2.696857,18.05
2.696508,18.08
2.696159,18.13
2.695803,18.17
2.695454,18.22
2.695105,18.27
2.694757,18.29
2.694401,18.28
2.694053,18.23
2.693704,18.15
2.693356,18.06
2.693008,17.97
2.692653,17.88
2.692305,17.81
2.691957,17.75
2.691609,17.71
2.691261,17.68
2.690906,17.68
2.690559,17.70
2.690211,17.73
2.689864,17.79
2.689510,17.85
2.689162,17.93
2.688815,18.00
2.688468,18.08
2.688121,18.15
2.687767,18.21
2.687421,18.27
2.687074,18.31
2.686728,18.35
2.686381,18.36
2.686028,18.36
2.685681,18.35
2.685335,18.35
2.684989,18.34
2.684643,18.35
2.684290,18.35
2.683944,18.34
2.683598,18.32
2.683253,18.28
2.682900,18.23
2.682555,18.18
2.682209,18.14
2.681864,18.11
2.681519,18.10
2.681166,18.12
2.680821,18.17
2.680476,18.25
2.680132,18.36
2.679787,18.51
2.679435,18.67
2.679091,18.84
2.678746,18.97
2.678402,19.07
2.678050,19.11
2.677706,19.07
2.677362,18.96
2.677018,18.79
2.676674,18.59
2.676323,18.43
2.675979,18.32
2.675635,18.25
2.675292,18.22
2.674948,18.21
2.674598,18.21
2.674254,18.21
2.673911,18.22
2.673568,18.21
2.673225,18.20
2.672875,18.17
2.672532,18.13
2.672189,18.10
2.671846,18.07
2.671497,18.07
2.671154,18.12
2.670812,18.21
2.670469,18.33
2.670127,18.42
2.669778,18.46
2.669436,18.45
2.669094,18.42
2.668752,18.39
2.668410,18.38
2.668061,18.40
2.667720,18.46
2.667378,18.59
2.667036,18.75
2.666688,18.90
2.666347,18.95
2.666005,18.85
2.665664,18.64
2.665323,18.40
2.664975,18.18
2.664634,18.02
2.664294,17.92
2.663953,17.86
2.663612,17.82
2.663265,17.81
2.662924,17.82
2.662584,17.83
2.662244,17.86
2.661897,17.89
2.661556,17.93
2.661216,17.98
2.660877,18.02
2.660537,18.07
2.660190,18.09
2.659850,18.10
2.659511,18.09
2.659171,18.06
2.658832,18.02
2.658486,17.98
2.658146,17.94
2.657807,17.91
2.657468,17.89
2.657129,17.88
2.656783,17.90
2.656445,17.92
2.656106,17.96
2.655767,18.00
2.655422,18.03
2.655083,18.06
2.654745,18.08
2.654407,18.09
2.654069,18.10
2.653724,18.12
2.653386,18.13
2.653048,18.13
2.652710,18.11
2.652372,18.07
2.652027,18.02
2.651690,17.97
2.651352,17.93
2.651015,17.89
2.650671,17.87
2.650334,17.85
2.649996,17.85
2.649659,17.85
2.649322,17.85
2.648979,17.86
2.648642,17.87
2.648305,17.88
2.647968,17.89
2.647632,17.91
2.647289,17.93
2.646952,17.96
2.646616,17.98
2.646280,17.99
2.645937,17.99
2.645601,17.96
2.645265,17.93
2.644929,17.89
2.644593,17.86
2.644250,17.85
2.643915,17.85
2.643579,17.86
2.643244,17.88
2.642909,17.91
2.642566,17.93
2.642231,17.94
2.641896,17.94
2.641561,17.92
2.641226,17.89
2.640885,17.87
2.640550,17.85
2.640215,17.84
2.639881,17.84
2.639539,17.84
2.639205,17.85
2.638871,17.85
2.638536,17.85
2.638202,17.85
2.637861,17.84
2.637527,17.83
2.637193,17.82
2.636860,17.81
2.636526,17.81
2.636185,17.82
2.635852,17.84
2.635518,17.88
2.635185,17.94
2.634845,18.00
2.634512,18.08
2.634178,18.15
2.633845,18.19
2.633512,18.22
2.633173,18.22
2.632840,18.21
2.632507,18.20
2.632175,18.21
2.631842,18.24
2.631503,18.30
2.631170,18.39
2.630838,18.49
2.630506,18.55
2.630174,18.55
2.629835,18.50
2.629503,18.44
2.629171,18.37
2.628839,18.32
2.628501,18.29
2.628169,18.29
2.627838,18.30
2.627506,18.34
2.627175,18.38
2.626837,18.40
2.626506,18.39
2.626175,18.35
2.625844,18.28
2.625513,18.21
2.625175,18.14
2.624844,18.08
2.624513,18.04
2.624183,18.01
2.623846,18.00
2.623515,18.00
2.623185,18.00
2.622855,18.01
2.622524,18.03
2.622187,18.06
2.621857,18.11
2.621527,18.17
2.621198,18.26
2.620868,18.36
2.620531,18.44
2.620202,18.50
2.619872,18.54
2.619543,18.56
2.619214,18.57
2.618877,18.60
2.618548,18.63
2.618219,18.67
2.617890,18.69
2.617554,18.68
2.617226,18.62
2.616897,18.50
2.616568,18.39
2.616240,18.28
2.615904,18.21
2.615576,18.16
2.615247,18.12
2.614919,18.09
2.614591,18.07
2.614256,18.07
2.613928,18.07
2.613600,18.08
2.613272,18.09
2.612938,18.10
2.612610,18.08
2.612282,18.06
2.611955,18.02
2.611627,17.98
2.611293,17.94
2.610966,17.91
2.610639,17.90
2.610312,17.90
2.609985,17.93
2.609651,17.98
2.609324,18.03
2.608997,18.09
2.608671,18.14
2.608344,18.19
2.608011,18.23
2.607684,18.27
2.607358,18.30
2.607032,18.32
2.606699,18.35
2.606373,18.38
2.606047,18.43
2.605721,18.49
2.605395,18.56
2.605062,18.62
2.604736,18.64
2.604411,18.62
2.604085,18.57
2.603760,18.51
2.603428,18.45
2.603102,18.40
2.602777,18.37
2.602452,18.35
2.602120,18.34
2.601795,18.31
2.601470,18.28
2.601146,18.22
2.600821,18.15
2.600489,18.08
2.600165,18.00
2.599840,17.94
2.599516,17.89
2.599192,17.86
2.598861,17.84
2.598537,17.85
2.598212,17.89
2.597888,17.94
2.597558,18.00
2.597234,18.08
2.596910,18.18
2.596587,18.29
2.596263,18.44
2.595933,18.64
2.595609,18.89
2.595286,19.11
2.594963,19.21
2.594639,19.18
2.594310,19.07
2.593987,18.93
2.593664,18.78
2.593341,18.63
2.593018,18.50
2.592689,18.37
2.592366,18.27
2.592043,18.19
2.591721,18.13
2.591392,18.09
2.591070,18.06
2.590747,18.05
2.590425,18.06
2.590103,18.08
2.589775,18.12
2.589453,18.16
2.589131,18.22
2.588809,18.28
2.588487,18.34
2.588159,18.39
2.587838,18.43
2.587516,18.45
2.587195,18.45
2.586867,18.43
2.586546,18.40
2.586225,18.37
2.585904,18.34
2.585583,18.33
2.585255,18.33
2.584934,18.36
2.584614,18.40
2.584293,18.46
2.583973,18.50
2.583646,18.51
2.583325,18.50
2.583005,18.46
2.582685,18.42
2.582358,18.39
2.582038,18.36
2.581718,18.34
2.581398,18.31
2.581078,18.28
2.580752,18.25
2.580432,18.21
2.580112,18.17
2.579793,18.14
2.579474,18.12
2.579148,18.12
2.578828,18.12
2.578509,18.14
2.578190,18.18
2.577871,18.22
2.577545,18.26
2.577227,18.29
2.576908,18.29
2.576589,18.28
2.576264,18.26
2.575945,18.23
2.575627,18.22
2.575308,18.22
2.574990,18.24
2.574665,18.28
2.574347,18.33
2.574029,18.39
2.573711,18.43
2.573393,18.45
2.573069,18.44
2.572751,18.42
2.572433,18.40
2.572116,18.40
2.571792,18.40
2.571474,18.43
2.571157,18.48
2.570839,18.54
2.570522,18.60
2.570199,18.64
2.569882,18.65
2.569565,18.61
2.569248,18.54
2.568931,18.46
2.568608,18.38
2.568291,18.31
2.567974,18.27
2.567658,18.25
2.567341,18.24
2.567018,18.25
2.566702,18.28
2.566386,18.33
2.566070,18.39
2.565747,18.46
2.565431,18.53
2.565115,18.59
2.564800,18.64
2.564484,18.67
2.564162,18.68
2.563846,18.69
2.563531,18.70
2.563215,18.73
2.562900,18.79
2.562578,18.86
2.562263,18.92
2.561948,18.97
2.561633,18.96
2.561311,18.90
2.560997,18.80
2.560682,18.68
2.560367,18.56
2.560052,18.45
2.559731,18.37
2.559417,18.30
2.559102,18.25
2.558788,18.21
2.558474,18.18
2.558153,18.16
2.557839,18.14
2.557525,18.13
2.557211,18.13
2.556897,18.13
2.556577,18.14
2.556263,18.15
2.555950,18.16
2.555636,18.16
2.555316,18.15
2.555003,18.14
2.554690,18.13
2.554376,18.13
2.554063,18.13
2.553744,18.15
2.553431,18.16
2.553118,18.19
2.552805,18.20
2.552492,18.21
2.552173,18.21
2.551860,18.20
2.551548,18.19
2.551235,18.18
2.550916,18.17
2.550604,18.16
2.550292,18.16
2.549980,18.17
2.549668,18.18
2.549349,18.21
2.549037,18.25
2.548725,18.30
2.548413,18.35
2.548102,18.39
2.547784,18.41
2.547472,18.41
2.547161,18.39
2.546849,18.35
2.546531,18.31
2.546220,18.27
2.545909,18.23
2.545598,18.21
2.545287,18.20
2.544970,18.21
2.544659,18.23
2.544348,18.25
2.544037,18.28
2.543727,18.30
2.543410,18.31
2.543099,18.31
2.542789,18.29
2.542478,18.26
2.542168,18.22
2.541852,18.17
2.541541,18.13
2.541231,18.10
2.540922,18.09
2.540605,18.08
2.540295,18.09
2.539986,18.10
2.539676,18.12
2.539367,18.14
2.539051,18.15
2.538741,18.16
2.538432,18.17
2.538123,18.18
2.537813,18.20
2.537498,18.22
2.537189,18.25
2.536880,18.27
2.536571,18.29
2.536256,18.29
2.535947,18.29
2.535638,18.27
2.535330,18.26
2.535021,18.25
2.534706,18.24
2.534398,18.25
2.534090,18.26
2.533782,18.28
2.533474,18.29
2.533159,18.31
2.532851,18.32
2.532543,18.32
2.532235,18.32
2.531928,18.32
2.531614,18.32
2.531306,18.32
2.530998,18.31
2.530691,18.30
2.530377,18.29
2.530070,18.28
2.529763,18.27
2.529456,18.25
2.529148,18.24
2.528835,18.23
2.528528,18.22
2.528221,18.22
2.527914,18.22
2.527608,18.22
2.527295,18.22
2.526988,18.22
2.526682,18.23
2.526375,18.23
2.526063,18.24
2.525756,18.25
2.525450,18.27
2.525144,18.28
2.524838,18.28
2.524526,18.28
2.524220,18.28
2.523914,18.27
2.523608,18.27
2.523303,18.28
2.522991,18.29
2.522685,18.30
2.522380,18.32
2.522074,18.33
2.521763,18.34
2.521458,18.34
2.521152,18.34
2.520847,18.34
2.520542,18.34
2.520231,18.34
2.519926,18.35
2.519622,18.35
2.519317,18.36
2.519012,18.37
2.518701,18.38
2.518397,18.39
2.518092,18.41
2.517788,18.43
2.517484,18.45
2.517173,18.47
2.516869,18.49
2.516565,18.49
2.516261,18.49
2.515951,18.47
2.515647,18.45
2.515344,18.43
2.515040,18.41
2.514736,18.39
2.514427,18.38
2.514123,18.38
2.513820,18.38
2.513516,18.39
2.513213,18.41
2.512904,18.43
2.512601,18.46
2.512298,18.49
2.511995,18.51
2.511686,18.52
2.511383,18.52
2.511080,18.51
2.510778,18.49
2.510475,18.46
2.510166,18.44
2.509864,18.42
2.509561,18.41
2.509259,18.40
2.508957,18.41
2.508649,18.41
2.508347,18.41
2.508045,18.41
2.507743,18.40
2.507435,18.40
2.507133,18.39
2.506831,18.39
2.506530,18.38
2.506228,18.38
2.505920,18.36
2.505619,18.34
2.505318,18.32
2.505016,18.29
2.504715,18.27
2.504408,18.24
2.504107,18.23
2.503806,18.23
2.503505,18.24
2.503204,18.25
2.502897,18.27
2.502596,18.30
2.502296,18.32
2.501995,18.34
2.501689,18.35
2.501388,18.36
2.501088,18.37
2.500788,18.38
2.500488,18.39
2.500181,18.39
2.499881,18.40
